denumli,denumlg,decstat,dekmsta,dedurtr,deescale,desecti
1,1,413,0,0,0,1
1,2,405,10,10,0,1
2,1,391,0,0,0,1
2,2,413,5,5,0,1
3,1,432,0,0,0,1
3,10,403,0.3,3,0,1
3,2,433,0.5,3,0,1
3,3,401,0.6,3,0,1
3,4,425,0.5,3,0,1
3,5,416,0.7,3,0,1
3,6,589,0.9,3,0,1
3,7,436,0.5,3,0,1
3,8,590,0.6,3,0,1
3,9,373,0.4,3,0,1
4,1,420,0,0,0,1
4,2,404,2.5,10,0,1
4,3,370,0.5,3,0,1
4,4,425,1,4,0,1
5,1,432,0,0,0,1
5,2,433,0.4,4,0,1
5,3,401,0.7,2,0,1
5,4,425,0.5,1,0,1
5,5,344,0.4,1,0,1
5,6,375,1,4,0,1
5,7,374,0.3,1,0,1
5,8,412,0.7,2,0,1
6,1,434,0,0,0,1
6,2,429,6.5,15,0,1
7,1,405,0,0,0,1
7,2,35,10,10,0,1
8,1,451,0,0,0,1
8,2,35,4.1,4,0,1
9,1,35,0,0,0,1
9,2,405,5,5,0,1
11,1,402,0,0,0,1
11,2,427,8.5,20,0,1
12,1,391,0,0,0,1
12,2,2,8.5,15,0,1
13,1,429,0,0,0,1
13,2,427,8,15,0,1
14,1,429,0,0,0,1
14,2,432,4,15,0,1
15,1,371,0,0,0,1
15,2,2,7,7,0,1
17,1,437,0,0,0,1
17,2,2,8,8,0,1
18,1,391,0,0,0,1
18,2,2,9,9,0,1
19,1,416,0,0,0,1
19,2,433,1,1,0,1
19,3,432,0.8,1,0,1
20,1,418,0,0,,
20,2,402,1,2,,
20,3,411,2,4,,
21,1,429,0,0,0,1
21,10,601,0.7,2,0,1
21,11,959,0.7,2,0,1
21,12,432,0.6,2,0,1
21,13,433,0.3,2,0,1
21,14,401,0.9,2,0,1
21,15,425,0.3,2,0,1
21,16,344,0.2,2,0,1
21,17,416,0.5,2,0,1
21,18,369,0.3,2,0,1
21,19,370,0.5,2,0,1
21,2,96,0.5,2,0,1
21,20,404,1.2,2,0,1
21,21,417,0.6,2,0,1
21,22,402,0.6,2,0,1
21,23,390,0.6,2,0,1
21,24,389,0.3,2,0,1
21,25,388,0.4,2,0,1
21,26,393,0.25,2,0,1
21,27,387,0.5,2,0,1
21,28,386,0.95,3,0,1
21,3,101,0.75,2,0,1
21,4,371,0.5,2,0,1
21,5,311,0.6,2,0,1
21,6,367,0.3,2,0,1
21,7,402,0.6,2,0,1
21,8,368,0.75,2,0,1
21,9,392,0.3,2,0,1
22,1,429,0,0,0,1
22,10,370,0.6,2,0,1
22,11,369,0.7,2,0,1
22,12,416,0.3,2,0,1
22,13,344,0.1,2,0,1
22,14,425,0.7,2,0,1
22,15,401,0.6,2,0,1
22,16,433,0.3,2,0,1
22,17,432,0.3,2,0,1
22,18,402,1.1,2,0,1
22,19,367,0.7,2,0,1
22,2,96,0.5,2,0,1
22,20,311,0.3,2,0,1
22,21,371,0.4,2,0,1
22,22,101,0.3,2,0,1
22,24,386,0.8,3,0,1
22,3,101,0.3,2,0,1
22,4,371,0.3,2,0,1
22,5,311,0.4,2,0,1
22,6,367,0.3,2,0,1
22,7,402,0.7,2,0,1
22,8,417,0.5,2,0,1
22,9,404,0.5,2,0,1
23,1,429,0,0,0,1
23,2,417,3,10,0,1
23,3,404,0.7,3,0,1
23,4,375,2.7,8,0,1
23,5,412,1.1,4,0,1
24,1,405,0,0,0,1
24,2,35,11,11,0,1
25,1,420,0,0,0,1
25,2,377,6,6,0,1
26,1,405,0,0,0,1
26,2,35,5,5,0,1
27,1,429,0,0,0,1
27,10,433,0.4,2,0,1
27,11,401,0.8,2,0,1
27,12,425,0.4,1,0,1
27,13,416,0.8,2,0,1
27,2,101,0.7,2,0,1
27,3,311,0.7,2,0,1
27,4,367,0.3,2,0,1
27,5,402,0.7,2,0,1
27,6,368,0.5,2,0,1
27,7,392,0.4,2,0,1
27,8,601,0.7,2,0,1
27,9,432,0.6,2,0,1
28,1,429,0,0,0,1
28,10,369,0.7,2,0,1
28,11,416,0.3,2,0,1
28,2,101,0.7,2,0,1
28,3,371,0.4,2,0,1
28,4,311,0.3,2,0,1
28,5,367,0.3,1,0,1
28,6,402,0.7,2,0,1
28,7,417,0.5,3,0,1
28,8,404,0.5,2,0,1
28,9,370,0.6,2,0,1
30,1,35,0,0,0,1
30,2,405,6,6,0,1
31,1,391,0,0,0,1
31,2,451,2,5,0,1
32,1,405,0,0,0,1
32,2,405,6,6,0,1
33,1,403,0,0,0,1
33,2,35,8,8,0,1
34,1,405,0,0,0,1
34,2,433,4,4,0,1
35,1,422,0,0,0,1
35,2,408,3,3,0,1
36,1,432,0,0,0,1
36,2,402,1.1,2,0,1
36,3,451,2.5,4,0,1
37,1,405,0,0,0,1
37,2,432,8,8,0,1
39,1,386,0,0,0,1
39,2,367,2,6,0,1
39,3,402,0.6,3,0,1
39,4,417,0.6,3,0,1
39,5,369,1.7,5,0,1
39,6,401,1.4,5,0,1
39,7,433,0.7,5,0,1
39,8,432,0.5,3,0,1
41,1,420,0,0,0,1
41,2,402,1.5,5,0,1
41,3,451,2,5,0,1
41,4,450,1.5,5,0,1
42,1,402,0,0,0,1
42,2,367,0.7,5,0,1
42,3,311,0.5,5,0,1
42,4,450,1.8,10,0,1
45,1,370,0,0,0,1
45,2,404,0.6,2,0,1
45,3,402,0.5,2,0,1
45,4,451,2.5,3,0,1
49,1,429,0,0,0,1
49,2,402,2.5,4,0,1
49,3,417,0.5,2,0,1
49,4,370,0.8,3,0,1
49,5,701,2.2,5,0,1
50,1,408,0,0,0,1
50,2,413,4,4,0,1
51,1,451,0,0,0,1
51,2,437,1.5,4,0,1
51,3,426,2.5,5,0,1
52,1,434,0,0,0,1
52,2,403,3,5,0,1
52,3,404,1,5,0,1
52,4,402,1,5,0,1
52,5,429,3,10,0,1
53,1,434,0,0,0,1
53,2,405,9,9,0,1
58,1,403,0,0,0,1
58,2,106,9,10,0,1
60,1,429,0,0,0,1
61,1,399,0,0,0,1
61,10,416,0.25,2,0,1
61,11,344,0.25,2,0,1
61,12,425,0.25,2,0,1
61,13,401,0.25,2,0,1
61,14,433,0.25,2,0,1
61,15,432,0.5,4,0,1
61,2,398,0.25,2,0,1
61,4,396,0.5,4,0,1
61,5,395,0.25,2,0,1
61,6,394,0.25,2,0,1
61,7,404,0.5,2,0,1
61,8,370,0.25,2,0,1
61,9,369,0.25,2,0,1
62,1,432,0,0,0,1
62,2,417,0.8,2,0,1
62,3,394,0.4,2,0,1
62,4,395,0.4,2,0,1
62,5,396,0.4,2,0,1
62,6,398,0.8,2,0,1
62,7,399,0.1,2,0,1
63,1,396,0,0,0,1
63,2,405,6,6,0,1
64,1,399,0,0,0,1
64,2,396,0.7,2,0,1
64,3,394,0.25,1,0,1
64,4,437,0.7,2,0,1
64,5,451,1,2,0,1
65,1,394,0,0,0,1
65,2,398,4,4,0,1
66,1,450,0,0,0,1
66,2,435,4.5,20,0,1
67,1,399,0,0,0,1
67,2,391,4,4,0,1
68,1,399,0,0,0,1
68,2,394,1.5,1,0,1
68,3,404,0.7,12,0,1
68,4,369,1.2,3,0,1
68,5,425,1,4,0,1
68,6,433,1,3,0,1
68,7,432,0.6,1,0,1
68,8,581,1,3,0,1
69,1,399,0,0,0,1
69,2,398,0.2,1,0,1
69,3,396,0.3,1,0,1
69,4,395,0.2,1,0,1
69,5,394,0.2,1,0,1
69,6,417,1.5,2,0,1
70,1,429,0,0,0,1
70,2,581,4,15,0,1
70,3,432,2,5,0,1
70,4,344,2,7,0,1
70,5,417,2,5,0,1
70,6,429,3,5,0,1
71,1,399,0,0,0,1
71,2,408,5,5,0,1
72,1,413,0,0,0,1
72,2,408,4,4,0,1
74,1,413,0,0,0,1
74,2,408,4,4,0,1
75,1,432,0,0,0,1
75,2,417,0.8,3,0,1
75,3,422,1,3,0,1
75,4,590,1,3,0,1
75,5,703,0.8,2,0,1
75,6,373,0.2,1,0,1
75,7,453,0.5,2,0,1
76,1,437,0,0,0,1
76,2,405,9,9,0,1
77,1,581,0,0,0,1
77,2,396,4,4,0,1
79,1,408,0,0,0,1
79,2,413,5,5,0,1
81,1,377,0,0,0,1
81,2,413,3.3,3,0,1
82,1,413,0,0,0,1
82,2,374,3,3,0,1
84,1,399,0,2,0,1
84,10,390,0.6,2,0,1
84,11,389,0.6,2,0,1
84,12,388,0.6,2,0,1
84,13,393,0.6,2,0,1
84,14,386,0.6,2,0,1
84,15,443,2,2,0,1
84,2,398,0.3,2,0,1
84,4,396,0.6,4,0,1
84,5,395,0.3,2,0,1
84,6,394,0.3,2,0,1
84,7,404,0.5,2,0,1
84,8,417,0.4,2,0,1
84,9,391,0.6,2,0,1
86,1,417,0,0,0,1
86,2,404,1,5,0,1
86,3,403,1,5,0,1
86,4,434,3,5,0,1
87,1,369,0,0,0,1
87,2,404,1.2,5,0,1
87,3,402,1.1,10,0,1
87,4,427,8.3,15,0,1
88,1,581,0,0,0,1
88,2,405,5,5,0,1
89,1,417,0,0,0,1
89,2,397,3,3,0,1
90,1,399,0,0,0,1
90,10,429,0.8,2,0,1
90,2,398,0.5,1,0,1
90,3,396,0.4,1,0,1
90,4,395,0.25,1,0,1
90,5,394,0.25,1,0,1
90,6,417,1,3,0,1
90,7,402,0.8,2,0,1
90,8,367,0.5,2,0,1
90,9,101,0.8,2,0,1
92,1,399,0,0,0,1
92,2,404,2.5,7,0,1
92,3,405,3.5,13,0,1
93,1,405,0,0,0,1
93,2,2,9,9,0,1
100,1,403,0,0,,
100,2,2,2,2,,
102,1,403,0,0,0,1
102,10,203,2,3,0,1
102,11,945,8,12,0,1
102,12,204,8,10,0,1
102,13,804,3.5,5,0,1
102,14,207,1.5,2,0,1
102,15,204,5.5,9,0,1
102,16,203,5,5,0,1
102,17,802,2,2,0,1
102,18,192,6,5,0,1
102,2,106,8.5,11,0,1
102,3,186,5,4,0,1
102,4,187,4,3,0,1
102,5,188,2,2,0,1
102,6,189,2,4,0,1
102,7,475,1,2,0,1
102,8,192,9,7,15,1
102,9,802,6,10,0,1
103,1,403,0,0,0,1
103,10,550,5,6,0,1
103,11,528,1.5,3,0,1
103,12,530,3.5,4,0,1
103,13,188,5,8,0,1
103,14,189,2,2,0,1
103,15,475,1,2,0,1
103,16,192,9,6,10,1
103,17,190,6,6,0,1
103,18,317,3,9,0,1
103,19,190,3,10,0,1
103,2,106,8.5,10,0,1
103,20,192,6,5,0,1
103,3,186,5,5,0,1
103,4,187,4,3,0,1
103,5,188,2,2,0,1
103,6,189,2,3,0,1
103,7,475,1,1,0,1
103,8,192,9,7,30,1
103,9,911,4.5,8,0,1
105,1,192,0,0,0,1
105,2,200,14,14,0,1
106,1,8,0,0,0,1
106,2,862,9,15,0,1
107,1,403,0,0,0,1
107,2,168,13,13,0,1
108,1,403,0,0,0,1
108,2,841,13,13,0,1
109,1,108,0,0,0,1
109,2,927,5,5,0,1
110,1,115,0,0,0,1
110,2,318,17,17,0,1
110,3,928,4,4,0,1
111,1,8,0,0,0,1
111,2,342,13,15,0,1
111,3,897,12,15,0,1
113,1,138,0,0,0,1
113,2,515,9,10,0,1
113,3,133,15,15,0,1
114,1,8,0,0,0,1
114,2,338,15,15,0,1
115,1,192,0,0,0,1
115,2,197,5,5,0,1
115,3,200,11,10,0,1
115,4,857,2,5,0,1
115,5,856,4,5,0,1
115,6,199,5,5,0,1
115,7,198,5,5,0,1
115,8,197,3,5,0,1
115,9,192,5,5,0,1
116,1,192,0,0,0,1
116,2,283,13,13,0,1
120,1,403,0,0,0,1
120,2,279,4,10,0,1
120,3,289,6,10,0,1
121,1,403,0,0,0,1
121,2,364,17,30,0,1
121,3,195,9,15,0,1
123,1,402,0,0,0,1
123,2,2,10,10,0,1
123,3,3,4,4,0,1
123,4,42,4,4,0,1
123,5,43,3,3,0,1
123,7,108,4,5,0,1
124,1,495,0,0,0,1
124,2,578,7,10,0,1
124,3,964,4,5,0,1
124,4,494,3,5,0,1
124,5,192,8,10,0,1
126,1,192,0,0,0,1
126,2,190,6,9,0,1
126,3,191,3,4,0,1
126,4,493,4,4,0,1
126,5,819,3,5,0,1
132,1,403,0,0,0,1
132,2,2,10,10,0,1
132,3,56,30,30,0,1
132,4,63,10,10,0,1
133,1,405,0,0,0,1
133,2,432,7,7,0,1
137,1,2,0,0,0,1
137,2,364,25,25,0,1
138,1,106,0,0,0,1
138,2,184,15,15,0,1
139,1,108,0,0,0,1
139,2,44,5,5,0,1
145,1,192,0,0,0,1
145,10,188,2,2,0,1
145,11,187,2,2,0,1
145,12,186,4,3,0,1
145,13,106,5,5,0,1
145,14,403,8.5,9,0,1
145,2,802,6,10,0,1
145,3,203,2,2,0,1
145,4,945,8,12,0,1
145,5,203,8,13,0,1
145,6,802,2,3,0,1
145,7,192,6,9,10,1
145,8,475,9,10,0,1
145,9,189,1,3,0,1
146,1,192,0,0,0,1
146,10,533,1,2,0,1
146,11,201,3,6,0,1
146,12,909,2,2,0,1
146,13,200,5,6,0,1
146,14,197,9,9,0,1
146,15,192,5,5,0,1
146,2,802,6,6,0,1
146,3,203,2,2,0,1
146,4,204,5,4,0,1
146,5,208,6.5,5,0,1
146,6,533,7.5,8,0,1
146,7,202,1,4,0,1
146,8,918,1.5,4,0,1
146,9,202,1.5,2,0,1
148,1,192,0,0,0,1
148,10,190,6,12,0,1
148,11,191,1,1,0,1
148,12,317,2,5,0,1
148,13,191,2,2,0,1
148,14,190,1,1,0,1
148,15,192,6,6,0,1
148,2,190,6,6,0,1
148,3,555,4.5,8,0,1
148,4,559,2,4,0,1
148,5,555,2,4,0,1
148,6,190,4.5,7,0,1
148,7,192,6,4,25,1
148,8,197,5,6,0,1
148,9,192,5,5,0,1
149,1,192,0,0,0,1
149,10,192,4.5,7,0,1
149,2,826,9,5,0,1
149,3,475,0.5,1,0,1
149,4,189,1,1,0,1
149,5,188,2,2,0,1
149,6,530,5,8,0,1
149,7,528,3.5,9,0,1
149,8,550,1.5,3,0,1
149,9,911,5,7,0,1
150,1,192,0,0,0,1
150,10,964,1,2,0,1
150,11,495,11,15,0,1
150,12,963,5.5,6,0,1
150,13,535,2,3,0,1
150,14,272,7.5,9,0,1
150,15,186,7,9,0,1
150,16,403,14,14,0,1
150,2,190,6,7,0,1
150,3,191,3,3,0,1
150,4,494,3,4,0,1
150,5,493,4.5,7,0,1
150,6,494,4.5,5,0,1
150,7,192,7.5,10,10,1
150,8,494,7.5,4,0,1
150,9,537,1.5,2,0,1
152,1,192,0,0,0,1
152,10,494,7.5,8,0,1
152,11,195,3,3,0,1
152,12,838,5,5,10,1
152,13,195,5,8,0,1
152,14,494,3,9,0,1
152,15,192,7,7,0,1
152,2,197,5,6,0,1
152,3,200,9.5,9,0,1
152,4,909,4.5,4,0,1
152,5,201,1,2,0,1
152,6,909,1,3,0,1
152,7,200,4.5,8,0,1
152,8,197,9.5,12,0,1
152,9,192,5,4,0,1
154,1,192,0,0,0,1
154,10,204,5,4,0,1
154,11,208,6.5,7,0,1
154,12,209,5.5,9,0,1
154,13,533,8,9,0,1
154,14,202,1,2,0,1
154,15,918,1.5,2,0,1
154,16,202,1.5,3,0,1
154,17,533,1,1,0,1
154,18,201,3,6,0,1
154,19,909,3,3,0,1
154,2,193,6,5,0,1
154,20,200,5,5,0,1
154,21,197,9,6,0,1
154,22,192,5,6,0,1
154,3,191,4,14,0,1
154,5,493,4.5,6,0,1
154,6,494,4.5,6,0,1
154,7,197,7.5,10,15,1
154,8,802,6,7,0,1
154,9,203,2,1,0,1
155,1,192,0,0,0,1
155,10,229,5,5,0,1
155,11,583,5,5,0,1
155,12,584,16,20,0,1
155,13,585,4,4,0,1
155,14,586,6,7,0,1
155,15,257,6,8,0,1
155,2,197,5,5,0,1
155,3,200,10,11,0,1
155,4,802,2,5,0,1
155,5,201,5,5,0,1
155,6,202,2,3,0,1
155,7,923,3,4,0,1
155,8,889,5,5,0,1
155,9,582,5,4,0,1
157,1,403,0,0,0,1
157,10,44,7,7,0,1
157,11,108,5,5,0,1
157,2,2,10,10,0,1
157,3,3,4,4,0,1
157,4,4,2,2,0,1
157,5,47,4,4,0,1
157,6,48,4,4,0,1
157,7,49,3,3,0,1
157,8,50,4,4,0,1
157,9,51,2,2,0,1
158,1,108,0,0,0,1
158,2,885,3,3,0,1
158,3,886,4,4,0,1
158,4,959,10,10,0,1
159,1,108,0,0,0,1
159,2,111,17,20,0,1
162,1,192,0,0,0,1
162,10,920,7.5,11,0,1
162,11,203,11.5,12,0,1
162,12,802,2,2,0,1
162,13,192,6,5,0,1
162,2,197,5,5,0,1
162,3,200,9.5,10,0,1
162,4,909,4.5,4,0,1
162,5,858,3,7,0,1
162,6,909,3,6,0,1
162,7,201,1,3,0,1
162,8,533,3,3,0,1
162,9,208,8.5,13,0,1
163,1,108,0,0,0,1
163,2,109,5,5,0,1
163,3,110,3,3,0,1
163,4,319,3,3,0,1
163,5,111,5,5,0,1
164,1,108,0,0,0,1
164,2,44,5,5,0,1
164,3,297,3,3,0,1
164,4,51,3,3,0,1
164,5,52,3,3,0,1
164,6,46,6,6,0,1
165,1,108,0,0,0,1
165,2,319,14,20,0,1
165,3,345,6,10,0,1
166,1,108,0,0,0,1
166,2,457,20,20,0,1
166,3,365,2,5,0,1
169,1,108,0,0,0,1
169,2,52,12,15,0,1
169,3,51,3,5,0,1
170,1,59,0,0,0,1
170,2,138,46,46,0,1
170,3,177,32,32,0,1
170,4,182,45,45,0,1
170,5,817,92,92,0,1
170,6,931,56,56,0,1
171,1,59,0,0,0,1
171,2,138,46,46,0,1
171,3,177,32,32,0,1
171,4,182,45,45,0,1
171,5,916,100,100,0,1
172,1,8,0,0,0,1
172,2,498,20,20,0,1
173,1,8,0,0,0,1
173,2,820,8,8,0,1
174,1,8,0,0,0,1
174,2,372,8,8,0,1
176,1,403,0,0,0,1
176,2,567,4,11,0,1
176,3,452,4.5,11,0,1
176,4,367,8,13,0,1
176,5,389,0.4,1,0,1
176,6,544,3,6,0,1
176,7,394,1,2,0,1
176,8,403,1.5,2,0,1
177,1,403,0,0,0,1
177,2,391,2.5,10,0,1
177,3,567,5.5,15,0,1
177,4,403,4,5,0,1
178,1,403,0,0,0,1
178,10,403,0.8,4,0,1
178,2,567,3.8,8,0,1
178,3,436,3.8,16,0,1
178,4,373,0.8,2,0,1
178,5,403,0.8,2,0,1
178,6,438,1,2,0,1
178,7,395,0.5,2,0,1
178,8,544,0.9,2,0,1
178,9,373,1.6,2,0,1
179,1,403,0,0,0,1
179,2,438,1,5,0,1
179,3,544,1.5,5,0,1
179,4,429,3,10,0,1
179,5,567,7.5,20,0,1
179,6,403,4,5,0,1
180,1,403,0,0,0,1
180,2,436,2,5,0,1
180,3,403,1.5,5,0,1
180,4,35,1,5,0,1
180,5,567,2.5,10,0,1
180,6,403,4,5,0,1
181,1,2,0,0,0,1
181,2,403,10,15,0,1
182,1,403,0,0,0,1
182,2,420,3.6,5,0,1
182,3,581,1,5,0,1
182,4,567,4.7,20,0,1
182,5,403,3.7,5,0,1
183,1,192,0,0,0,1
183,10,533,1,5,10,1
183,11,208,7.5,5,0,1
183,12,920,7.5,9,0,1
183,13,203,11.5,21,0,1
183,14,802,2,3,0,1
183,15,192,6,7,15,1
183,16,197,5,5,0,1
183,17,198,3,4,0,1
183,18,225,13,15,0,1
183,19,403,13,30,0,1
183,2,197,5,4,0,1
183,20,106,8.5,10,0,1
183,21,186,6,6,0,1
183,22,187,4,4,0,1
183,23,188,2,2,0,1
183,24,189,2,2,0,1
183,25,475,1,2,0,1
183,26,192,9,9,0,1
183,3,200,9.5,10,0,1
183,4,909,4.5,5,0,1
183,5,858,3,5,0,1
183,6,909,3,7,0,1
183,7,201,1,3,0,1
183,8,533,3,4,0,1
183,9,202,1,2,0,1
184,1,192,0,0,0,1
184,10,802,2,2,0,1
184,11,192,6,5,0,1
184,12,190,6,5,0,1
184,13,555,4.5,5,0,1
184,14,559,2,3,0,1
184,15,551,2,4,0,1
184,16,190,4.5,7,0,1
184,17,192,6,4,5,1
184,18,197,5,3,0,1
184,19,198,3,2,0,1
184,2,802,6,6,0,1
184,20,197,3,6,0,1
184,21,192,5,5,0,1
184,3,203,2,2,0,1
184,4,920,11.5,12,0,1
184,5,208,7.5,11,0,1
184,6,533,7.5,9,0,1
184,7,209,8,9,0,1
184,8,208,5.5,14,0,1
184,9,203,11.5,12,0,1
185,1,192,0,0,0,1
185,10,200,2,2,0,1
185,11,197,11,10,0,1
185,12,192,5,4,0,1
185,2,494,7,7,0,1
185,3,838,8,12,0,1
185,4,494,8,15,0,1
185,5,192,7,7,10,1
185,6,197,5,3,0,1
185,7,283,10,11,0,1
185,8,200,11,9,0,1
185,9,857,8,6,0,1
186,1,192,0,0,0,1
186,10,494,7,6,0,1
186,11,493,4.5,6,0,1
186,12,494,4.5,11,0,1
186,13,192,7,15,0,1
186,14,197,5,8,0,1
186,15,192,5,6,0,1
186,2,494,7,14,0,1
186,3,537,1.5,1,0,1
186,4,964,1,1,0,1
186,5,578,4,4,0,1
186,6,964,4,8,0,1
186,7,537,1,2,0,1
186,8,494,1.5,3,0,1
186,9,192,7,9,0,1
187,1,192,0,0,0,1
187,10,494,7,9,0,1
187,11,537,2,2,0,1
187,12,964,1,1,0,1
187,13,554,6.5,8,0,1
187,14,350,1,2,0,1
187,15,558,2,3,0,1
187,16,958,5,9,0,1
187,17,558,5,8,0,1
187,18,350,2,7,0,1
187,19,964,7,8,0,1
187,2,197,5,4,0,1
187,20,537,1,2,0,1
187,21,494,2,1,0,1
187,22,192,7,10,0,1
187,3,200,9.5,11,0,1
187,4,909,4.5,6,0,1
187,5,858,3,7,0,1
187,6,909,3,9,0,1
187,7,200,4.5,5,0,1
187,8,197,9.5,9,0,1
187,9,192,5,4,0,1
188,1,192,0,0,0,1
188,10,548,6.5,3,0,1
188,11,201,4,7,0,1
188,12,909,1,3,0,1
188,13,200,5,7,0,1
188,14,197,11,8,0,1
188,15,192,5,5,0,1
188,2,197,5,6,0,1
188,3,200,11,14,0,1
188,4,909,5,6,0,1
188,5,201,2,6,0,1
188,6,533,2.5,3,0,1
188,7,923,3,6,0,1
188,8,889,4.5,7,0,1
188,9,923,4.5,6,0,1
189,1,138,0,0,0,1
189,10,138,8.5,10,20,1
189,11,970,8.5,10,0,1
189,12,968,2,3,0,1
189,13,577,3,5,0,1
189,14,362,4,5,0,1
189,15,134,3,4,0,1
189,16,109,11,3,0,1
189,17,108,5.1,5,0,1
189,18,885,2.75,3,0,1
189,19,886,3.8,4,0,1
189,2,887,4,5,0,1
189,20,403,11.3,18,0,1
189,3,137,4,5,0,1
189,4,136,2.5,2,0,1
189,5,135,4,3,0,1
189,6,362,4.5,5,0,1
189,7,577,4,5,0,1
189,8,968,3,4,0,1
189,9,970,2,3,0,1
190,1,403,0,0,0,1
190,2,106,11,11,0,1
190,3,185,3,3,0,1
190,4,186,2,2,0,1
190,5,187,3,3,0,1
190,6,188,2,2,0,1
190,7,189,2,2,0,1
190,8,190,4,4,0,1
190,9,192,8,8,0,1
191,1,403,0,0,0,1
191,10,175,4,4,0,1
191,11,176,4,4,0,1
191,12,177,9,9,0,1
191,2,106,11,11,0,1
191,3,168,2,2,0,1
191,4,169,7,7,0,1
191,5,170,2,2,0,1
191,6,171,3,3,0,1
191,7,172,9,9,0,1
191,8,173,3,3,0,1
191,9,174,6,6,0,1
192,1,403,0,0,0,1
192,10,138,6,6,0,1
192,2,106,11,11,0,1
192,3,107,5,5,0,1
192,4,108,9,9,0,1
192,5,109,5,5,0,1
192,6,134,4,4,0,1
192,7,135,3,3,0,1
192,8,136,6,6,0,1
192,9,137,5,5,0,1
193,1,403,0,0,0,1
193,10,63,10,10,0,1
193,2,2,10,10,0,1
193,3,3,4,4,0,1
193,4,4,2,2,0,1
193,5,5,2,2,0,1
193,6,53,6,6,0,1
193,7,54,6,6,0,1
193,8,55,5,5,0,1
193,9,56,5,5,0,1
194,1,8,0,0,0,1
194,2,7,8,11,0,1
194,3,6,3,4,0,1
194,4,5,4,3,0,1
194,5,4,5,4,0,1
194,6,3,1,2,0,1
194,7,2,4,5,0,1
194,8,452,9,14,0,1
194,9,403,3.5,12,0,1
195,1,403,0,0,0,1
195,10,95,9,9,0,1
195,11,74,4,4,0,1
195,12,75,8,8,0,1
195,13,76,7,7,0,1
195,2,2,10,10,0,1
195,3,3,4,4,0,1
195,4,4,2,2,0,1
195,5,5,2,2,0,1
195,6,6,3,3,0,1
195,7,7,4,4,0,1
195,8,8,10,10,0,1
195,9,227,5,5,0,1
196,1,192,0,0,0,1
196,2,201,21,30,0,1
198,1,436,0,0,0,1
198,10,367,0.7,1,0,2
198,11,311,0.4,1,0,2
198,12,101,0.5,1,0,2
198,13,386,0.8,1,0,2
198,14,443,0.7,2,0,2
198,15,427,5.2,7,0,2
198,2,369,1,1,0,1
198,3,416,0.3,0,0,1
198,4,344,0.3,1,0,1
198,5,425,0.3,0,0,1
198,6,401,0.4,0,0,1
198,7,433,0.7,1,0,1
198,8,432,0.4,0,0,1
198,9,402,1.1,3,0,2
199,1,403,0,0,0,1
199,10,138,6,6,0,1
199,11,163,6,6,0,1
199,12,164,6,6,0,1
199,13,165,4,4,0,1
199,2,106,11,11,0,1
199,3,107,5,5,0,1
199,4,108,9,9,0,1
199,5,109,5,5,0,1
199,6,134,4,4,0,1
199,7,135,3,3,0,1
199,8,136,6,6,0,1
199,9,137,5,5,0,1
201,1,403,0,0,0,1
201,10,106,4.5,5,0,1
201,11,170,12.5,15,0,1
201,2,886,11,11,0,1
201,3,108,7,7,0,1
201,4,281,6,6,0,1
201,5,134,4,5,0,1
201,6,109,3.5,5,0,1
201,7,108,6.6,10,0,1
201,8,906,5,5,0,1
201,9,107,3.5,5,0,1
202,1,8,0,0,0,1
202,2,897,10,15,0,1
202,3,8,10,15,5,1
202,4,449,4,10,0,1
202,5,951,3.5,5,0,1
202,6,8,6,10,5,1
202,7,865,7.5,15,0,1
202,8,8,7.5,15,0,1
203,1,8,0,0,0,1
203,10,973,5,7,0,1
203,11,974,3,4,0,1
203,12,975,1,2,0,1
203,13,976,2,3,0,1
203,14,8,7,9,0,1
203,2,897,10,15,0,1
203,3,457,13.3,15,0,1
203,4,8,10.5,15,25,1
203,5,285,8.5,20,0,1
203,6,287,3,5,0,1
203,7,820,2.3,5,0,1
203,8,8,7.6,8,0,1
203,9,972,16,16,0,1
204,1,403,0,0,0,1
204,10,973,5,7,0,1
204,11,974,3,4,0,1
204,12,975,1,2,0,1
204,13,976,2,3,0,1
204,14,8,7,6,0,1
204,15,820,7.6,9,0,1
204,16,228,4.6,5,0,1
204,17,820,4.6,15,0,1
204,18,8,8,7,0,1
204,2,427,10,15,0,1
204,3,5,9,10,0,1
204,4,6,3.6,4,0,1
204,5,7,3.2,3,0,1
204,6,929,1.2,2,0,1
204,7,458,4.2,8,0,1
204,8,8,5.5,4,0,1
204,9,622,16,16,0,1
205,1,8,0,0,0,1
205,2,228,12.5,15,0,1
205,3,8,12.5,15,0,1
205,4,342,11.5,15,0,1
205,5,403,26,30,0,1
206,1,8,0,0,0,1
206,10,285,2,3,0,1
206,11,8,9,15,0,1
206,2,457,10.5,10,10,1
206,3,8,10,30,0,1
206,4,285,9,12,0,1
206,5,899,2,3,0,1
206,6,806,1.5,2,0,1
206,7,801,1.5,2,0,1
206,8,806,1.5,4,0,1
206,9,899,1.5,4,0,1
207,1,8,0,0,0,1
207,10,806,1.5,2,0,1
207,11,899,1.5,2,0,1
207,12,285,2,2,0,1
207,13,8,9,10,0,1
207,2,342,11,20,0,1
207,3,7,4.5,5,0,1
207,4,458,2.5,3,0,1
207,5,8,5.5,6,30,1
207,6,285,9,20,0,1
207,7,899,2,3,0,1
207,8,806,1.5,4,0,1
207,9,801,1.5,3,0,1
208,1,8,0,0,0,1
208,10,820,5.5,10,0,1
208,11,8,7.5,7,0,1
208,2,227,7,6,0,1
208,3,95,9,11,0,1
208,4,562,3,3,5,1
208,5,95,3,9,0,1
208,6,227,9,10,0,1
208,7,8,7,7,0,1
208,8,820,7.5,10,0,1
208,9,357,5.5,7,0,1
209,1,8,0,0,0,1
209,10,72,3,4,0,1
209,11,820,8.5,10,0,1
209,12,8,8.5,7,0,1
209,2,458,5.7,7,0,1
209,3,7,2.5,6,0,1
209,4,929,1,2,0,1
209,5,458,4.3,6,0,1
209,6,8,6,6,30,1
209,7,820,8.5,5,0,1
209,8,72,8.5,12,0,1
209,9,860,3,5,0,1
210,1,8,0,0,0,1
210,2,519,18,20,0,1
210,3,8,18,30,0,1
210,4,459,12,15,0,1
210,5,8,12,15,0,1
211,1,8,0,0,0,1
211,10,519,2.5,5,0,1
211,11,95,2.5,4,0,1
211,12,227,9,10,0,1
211,13,8,7,6,0,1
211,14,227,7,15,0,1
211,15,95,9,15,0,1
211,16,519,2.5,3,0,1
211,17,95,2.5,4,0,1
211,18,562,3,7,0,1
211,19,95,3,5,0,1
211,2,227,7,15,0,1
211,20,227,9,11,0,1
211,21,8,7,7,0,1
211,3,95,9,15,0,1
211,4,519,2.5,4,0,1
211,5,95,2.5,4,0,1
211,6,227,9,9,0,1
211,7,8,7,6,10,1
211,8,227,7,15,0,1
211,9,95,9,15,0,1
212,1,8,0,0,0,1
212,10,519,2.5,5,0,1
212,11,95,2.5,4,0,1
212,12,562,3,5,0,1
212,13,95,3,5,0,1
212,14,227,9,12,0,1
212,15,8,7,5,0,1
212,2,227,7,15,0,1
212,3,95,9,15,0,1
212,4,519,2.5,4,0,1
212,5,95,2.5,4,0,1
212,6,227,9,10,0,1
212,7,8,7,5,10,1
212,8,227,7,15,0,1
212,9,95,9,16,0,1
213,1,8,0,0,0,1
213,10,862,3.5,5,0,1
213,11,863,2.5,5,0,1
213,12,8,7,16,0,1
213,2,458,5.5,6,0,1
213,3,460,7.5,13,0,1
213,4,338,2.5,3,0,1
213,5,337,2,4,0,1
213,6,71,0.8,2,0,1
213,7,337,0.8,3,0,1
213,8,8,11,18,5,1
213,9,449,3,10,0,1
214,1,8,0,0,0,1
214,10,8,6,7,0,1
214,11,337,11,20,0,1
214,12,71,0.8,2,0,1
214,13,337,0.8,2,0,1
214,14,338,2,3,0,1
214,15,460,2.5,4,0,1
214,16,458,7.5,10,0,1
214,17,8,5.5,8,0,1
214,2,863,7,12,0,1
214,3,862,2.5,6,0,1
214,4,449,2.5,5,0,1
214,5,8,4.5,6,30,1
214,6,863,7,10,0,1
214,7,862,2.5,5,0,1
214,8,449,2.5,5,0,1
214,9,951,3.5,5,0,1
215,1,8,0,0,0,1
215,10,72,3,7,0,1
215,11,357,3.5,5,0,1
215,12,820,5,5,0,1
215,13,8,8.5,10,0,1
215,2,342,11,20,0,1
215,3,7,4.5,5,0,1
215,4,458,2.5,4,0,1
215,5,8,5.5,5,0,1
215,6,820,8.5,10,0,1
215,7,357,5,6,0,1
215,8,72,3.5,3,0,1
215,9,860,3,5,0,1
216,1,8,0,0,0,1
216,10,863,1.5,2,0,1
216,11,8,7,5,15,1
216,12,897,10,17,0,1
216,13,457,13.3,15,0,1
216,14,8,10.5,18,0,1
216,2,863,7,7,0,1
216,3,820,1.5,2,0,1
216,4,357,5,8,0,1
216,5,72,3.3,5,0,1
216,6,860,3,4,0,1
216,7,72,3,4,0,1
216,8,357,3.3,3,0,1
216,9,820,5,5,0,1
217,1,403,0,0,0,1
217,2,8,35,47,0,1
217,3,820,8,10,0,1
217,4,462,7,23,0,1
217,5,820,7,13,0,1
217,6,8,9,11,0,1
217,7,862,10,13,0,1
217,8,449,5,6,0,1
217,9,8,5,7,0,1
218,1,8,0,0,0,1
218,10,820,1.5,1,0,1
218,11,463,1,2,0,1
218,12,833,2.1,3,0,1
218,13,462,3.5,6,0,1
218,14,833,3.5,6,0,1
218,15,463,2.1,6,0,1
218,16,820,1,1,0,1
218,17,863,1.5,2,0,1
218,18,8,6,8,0,1
218,19,458,5.9,8,0,1
218,2,863,7,10,0,1
218,20,929,4.1,7,0,1
218,21,7,1.2,2,0,1
218,22,6,3.2,4,0,1
218,23,5,4,3,0,1
218,24,427,9,10,0,1
218,25,2,1.4,2,0,1
218,26,443,1.6,1,0,1
218,27,403,6.5,14,0,1
218,3,820,1.5,1,0,1
218,4,463,1,1,0,1
218,5,287,1.4,2,0,1
218,6,285,3,7,0,1
218,7,865,1,3,0,1
218,8,8,7.6,16,10,1
218,9,863,6,9,0,1
219,1,403,0,0,0,1
219,10,372,7.5,8,0,1
219,11,9,7.5,8,0,1
219,12,483,7.5,13,0,1
219,13,484,4,6,0,1
219,14,485,7,9,0,1
219,15,227,7.5,12,0,1
219,16,8,6,4,0,1
219,17,285,8.7,9,0,1
219,18,287,3,8,0,1
219,19,463,1.3,5,0,1
219,2,443,5.5,9,0,1
219,20,820,1,1,0,1
219,21,863,1.5,2,0,1
219,22,8,7,5,0,1
219,3,2,1.5,2,0,1
219,4,427,1.5,1,0,1
219,5,5,9,8,0,1
219,6,6,4,4,0,1
219,7,7,3.5,3,0,1
219,8,458,2.5,3,0,1
219,9,8,6,5,0,1
220,1,8,0,0,0,1
220,10,483,4,5,0,1
220,11,461,3.5,6,0,1
220,12,8,18,13,0,1
220,13,458,5.5,8,0,1
220,14,5,10,8,0,1
220,15,427,9,7,0,1
220,16,2,1.5,1,0,1
220,17,443,1.5,2,0,1
220,18,403,6.5,20,0,1
220,2,337,11.5,15,0,1
220,3,338,2,4,0,1
220,4,460,2.3,3,0,1
220,5,458,8,10,0,1
220,6,8,6,5,20,1
220,7,227,6.5,4,0,1
220,8,485,7.5,9,0,1
220,9,484,6.9,10,0,1
221,1,8,0,0,0,1
221,2,461,19,15,0,1
221,3,464,8,15,0,1
221,4,8,20,23,0,1
221,5,575,14,12,0,1
221,6,8,14,25,0,1
222,1,8,0,0,0,1
222,10,464,4,6,0,1
222,11,9,4,5,0,1
222,12,372,7,7,0,1
222,13,8,7.7,5,0,1
222,2,372,8,15,0,1
222,3,9,7,7,0,1
222,4,461,4,6,0,1
222,5,9,4,4,0,1
222,6,372,7,6,0,1
222,7,8,7.7,7,25,1
222,8,372,7.7,11,0,1
222,9,9,7,6,0,1
223,1,403,0,0,,
223,2,106,11,11,,
223,3,185,3,3,,
223,4,186,2,2,,
223,5,187,3,3,,
223,6,188,2,2,,
223,7,189,2,2,,
223,8,475,4,4,,
223,9,192,8,8,,
224,1,403,0,0,,
224,10,197,0,0,,
224,11,198,0,0,,
224,2,185,9,9,,
224,3,192,21,21,,
224,4,186,0,0,,
224,5,187,0,0,,
224,6,188,0,0,,
224,7,189,0,0,,
224,8,475,0,0,,
224,9,192,0,0,,
225,1,403,0,0,0,1
225,10,203,5,5,0,1
225,11,204,9,9,0,1
225,12,208,11,11,0,1
225,13,283,6,6,0,1
225,2,106,11,11,0,1
225,3,185,3,3,0,1
225,4,186,2,2,0,1
225,5,187,3,3,0,1
225,6,188,2,2,0,1
225,7,189,2,2,0,1
225,8,475,4,4,0,1
225,9,192,8,8,0,1
226,1,303,0,0,0,1
226,2,490,8.5,10,0,1
226,3,492,2.7,20,0,1
226,4,115,11.5,15,0,1
226,5,943,8,15,0,1
226,6,115,8,20,0,1
227,1,115,0,0,0,1
227,2,943,8.5,20,0,1
227,3,115,8.5,10,30,1
227,4,943,8.5,20,0,1
227,5,115,8.5,10,0,1
227,6,492,11.5,14,0,1
227,7,490,7,8,0,1
227,8,303,5,3,0,1
228,1,115,0,0,0,1
228,10,885,2.9,3,0,1
228,11,886,4,3,0,1
228,12,403,10,12,0,1
228,2,943,8.5,25,0,1
228,3,115,8.5,10,0,1
228,4,492,11.5,17,0,1
228,5,490,7,8,0,1
228,6,303,5,3,0,1
228,7,111,10,7,0,1
228,8,109,9,7,0,1
228,9,108,6.6,5,0,1
229,1,56,0,0,0,1
229,10,500,0.7,2,0,1
229,11,54,0.7,2,0,1
229,12,364,3.6,2,0,1
229,13,286,4.5,7,0,1
229,14,56,7.8,8,0,1
229,2,364,7.5,9,0,1
229,3,54,3.6,5,0,1
229,4,500,0.7,2,0,1
229,5,54,0.7,1,0,1
229,6,364,3.6,3,0,1
229,7,56,7.5,6,40,1
229,8,364,7.5,12,0,1
229,9,54,3.6,6,0,1
230,1,403,0,0,0,1
230,2,106,11,11,0,1
231,1,453,0,0,0,1
231,2,454,1.5,3,0,1
231,3,373,0.7,3,0,1
231,4,422,1,1,0,1
231,5,404,0.7,2,0,1
231,6,417,0.5,1,0,1
231,7,391,0.5,1,0,1
231,8,451,1.8,5,0,1
231,9,450,2,5,0,1
232,1,311,0,0,0,1
232,10,425,0.4,1,0,1
232,11,416,0.7,2,0,1
232,12,369,0.3,1,0,1
232,13,404,1,5,0,1
232,14,417,0.6,2,0,1
232,15,402,0.6,2,0,1
232,16,367,0.6,2,0,1
232,17,101,0.6,2,0,1
232,18,387,0.4,1,0,1
232,19,450,1.4,3,0,1
232,2,367,0.3,2,0,1
232,3,402,0.6,2,0,1
232,4,368,0.7,3,0,1
232,5,392,0.3,2,0,1
232,6,601,0.7,3,0,1
232,7,432,0.6,2,0,1
232,8,433,0.4,1,0,1
232,9,401,0.7,3,0,1
233,1,394,0,0,5,1
233,2,395,0.25,2,0,1
233,3,396,0.25,2,0,1
233,5,398,0.4,4,0,1
233,6,456,0.8,3,0,1
233,7,450,1,5,0,1
233,8,451,1.7,5,0,1
234,1,412,0,0,0,1
234,2,375,1.43,2,0,1
234,3,370,1.5,3,0,1
234,4,404,1,4,0,1
234,5,417,0.5,2,0,1
234,6,391,0.7,2,0,1
234,7,390,0.5,1,0,1
234,8,451,1.6,7,0,1
234,9,450,2,8,0,1
235,1,452,0,0,0,1
235,2,370,3,3,0,1
235,3,404,1,1,0,1
235,4,451,3,3,0,1
235,5,450,2,2,0,1
236,1,403,0,0,,
236,2,2,10,10,,
236,3,3,4,4,,
236,4,4,2,2,,
236,5,5,2,5,,
236,6,6,3,3,,
236,7,7,4,4,,
236,8,8,10,10,,
238,1,403,0,0,0,1
238,2,2,10,10,0,1
238,3,3,4,4,0,1
238,4,4,2,2,0,1
238,5,5,2,2,0,1
239,1,450,0,0,0,1
239,2,451,2,2,0,1
239,3,404,3,3,0,1
239,4,370,1,1,0,1
239,5,401,1.5,2,0,1
239,6,432,1.3,1,0,1
240,1,450,0,0,0,1
240,2,451,2,5,0,1
240,3,422,3,5,0,1
240,4,436,1.5,5,0,1
240,5,434,1,3,0,1
240,6,453,0.5,2,0,1
240,7,408,2,3,0,1
240,8,454,1,2,0,1
241,1,451,0,0,0,1
241,2,450,1.7,5,0,1
241,3,399,1.7,5,0,1
241,4,394,1.5,5,0,1
242,1,450,0,0,0,1
242,2,451,2,5,0,1
242,3,402,2,5,0,1
242,4,392,1,8,0,1
242,5,432,1.3,4,0,1
243,1,377,0,0,0,1
243,10,391,1.3,2,0,1
243,11,390,0.5,2,0,1
243,12,389,0.3,2,0,1
243,13,388,0.4,2,0,1
243,14,451,1,2,0,1
243,15,450,1.5,4,0,1
243,2,455,0.4,2,0,1
243,3,375,0.3,2,0,1
243,4,344,1,2,0,1
243,5,425,0.35,2,0,1
243,6,401,0.4,2,0,1
243,7,433,0.7,2,0,1
243,8,432,0.35,2,0,1
243,9,418,0.5,2,0,1
244,1,391,0,0,0,1
244,2,451,2,5,0,1
244,3,450,2,5,0,1
245,1,370,0,0,0,1
245,2,404,1,4,0,1
245,3,417,0.5,2,0,1
245,4,391,0.7,2,0,1
245,5,390,0.5,1,0,1
245,6,451,1.6,7,0,1
245,7,450,2,8,0,1
246,1,403,0,0,,
246,10,63,10,10,,
246,2,2,10,10,,
246,3,3,4,4,,
246,4,4,2,2,,
246,5,574,2,2,,
246,6,53,6,6,,
246,7,54,6,6,,
246,8,55,5,5,,
246,9,56,5,5,,
247,1,403,0,0,0,1
247,10,57,6,6,0,1
247,11,58,6,6,0,1
247,2,2,10,10,0,1
247,3,3,4,4,0,1
247,4,4,2,2,0,1
247,5,574,2,2,0,1
247,6,53,6,6,0,1
247,7,54,6,6,0,1
247,8,55,5,5,0,1
247,9,56,5,5,0,1
248,1,403,0,0,0,1
248,10,52,3,3,0,1
248,11,319,4,4,0,1
248,2,2,10,10,0,1
248,3,3,4,4,0,1
248,4,4,2,2,0,1
248,5,47,4,4,0,1
248,6,48,4,4,0,1
248,7,49,3,3,0,1
248,8,50,4,4,0,1
248,9,51,2,2,0,1
249,1,403,0,0,,
249,10,63,10,10,,
249,2,2,10,10,,
249,3,3,4,4,,
249,4,4,2,2,,
249,5,574,2,2,,
249,6,53,6,6,,
249,7,54,6,6,,
249,8,55,5,5,,
249,9,56,5,5,,
250,1,403,0,0,,
250,2,106,11,11,,
250,3,107,5,5,,
250,4,108,9,9,,
251,1,403,0,0,0,
251,2,2,10,10,0,
251,3,3,4,4,0,
251,4,42,4,4,0,
251,5,43,3,3,0,
251,6,44,6,6,0,
252,1,403,0,0,0,1
252,2,106,11,11,0,1
252,3,107,5,5,0,1
252,4,108,9,9,0,1
252,5,109,5,5,0,1
253,1,403,0,0,0,1
253,2,886,10,10,0,1
253,3,108,7,7,0,1
253,4,109,5,5,0,1
253,5,134,4,4,0,1
253,6,135,3,3,0,1
253,7,136,6,6,0,1
253,8,137,5,5,0,1
253,9,138,6,6,0,1
254,1,403,0,0,,
254,10,138,6,6,,
254,2,106,11,11,,
254,3,107,5,5,,
254,4,108,9,9,,
254,5,109,5,5,,
254,6,134,4,4,,
254,7,135,3,3,,
254,8,136,6,6,,
254,9,137,5,5,,
255,1,138,0,0,,
255,10,403,11,11,,
255,2,137,6,6,,
255,3,136,5,5,,
255,4,135,6,6,,
255,5,134,3,3,,
255,6,109,4,4,,
255,7,108,5,5,,
255,8,107,9,9,,
255,9,106,5,5,,
256,1,303,0,0,0,1
256,2,490,10,5,0,1
256,3,318,12.7,15,0,1
256,4,492,2,20,0,1
256,5,115,12,15,0,1
256,6,280,8.5,15,0,1
256,7,115,8.5,20,0,1
257,1,115,0,0,0,1
257,2,279,4,10,0,1
257,3,289,4.7,6,0,1
257,4,115,6.5,9,30,1
257,5,903,14.5,25,0,1
257,6,115,14.5,15,0,1
257,7,492,11,9,0,1
257,8,490,7,4,0,1
257,9,303,4.3,3,0,1
258,1,115,0,0,0,1
258,10,109,10,6,0,1
258,11,108,6.5,4,0,1
258,12,885,2.7,3,0,1
258,13,886,4,3,0,1
258,14,403,11.3,11,0,1
258,2,280,8,15,0,1
258,3,115,8,8,0,1
258,4,492,11.5,16,0,1
258,6,318,1.5,3,0,1
258,7,490,6.3,10,0,1
258,8,303,4.3,2,0,1
258,9,111,10,9,0,1
259,1,115,0,0,0,1
259,10,303,5,5,0,1
259,11,111,10,10,0,1
259,12,109,9.5,9,0,1
259,13,108,7,6,0,1
259,14,885,2.7,4,0,1
259,15,886,3.8,3,0,1
259,16,403,11,16,0,1
259,2,279,4,14,0,1
259,3,115,4,5,0,1
259,4,492,11.5,16,0,1
259,5,490,7.7,6,0,1
259,6,491,1,4,0,1
259,7,930,2.8,5,0,1
259,8,491,2.8,5,0,1
259,9,490,1,2,0,1
260,1,115,0,0,0,1
260,2,903,13.8,20,0,1
260,3,115,13.8,30,0,1
260,4,950,11.5,20,0,1
260,5,809,3,10,0,1
260,6,115,9.5,20,0,1
261,1,115,0,0,0,1
261,2,809,9.5,20,0,1
261,3,950,3,10,0,1
261,4,115,11.5,15,15,1
261,5,280,8,20,0,1
261,6,115,8,10,0,1
261,7,809,9.5,17,0,1
261,8,950,3,8,0,1
261,9,115,11.5,15,0,1
262,1,115,0,0,0,1
262,10,323,1.5,5,0,1
262,11,331,2,4,0,1
262,12,492,10.5,18,0,1
262,13,115,11,12,0,1
262,2,903,13.8,20,0,1
262,3,115,13.8,20,0,1
262,4,809,9.5,15,0,1
262,5,950,3,8,0,1
262,6,492,13,15,0,1
262,7,490,6.8,6,0,1
262,8,303,4.6,5,120,1
262,9,465,3.8,12,0,1
263,1,313,0,0,0,1
263,10,335,6.2,5,0,1
263,11,478,2.4,4,0,1
263,12,63,1,4,0,1
263,13,335,2.4,4,0,1
263,14,64,6.2,6,0,1
263,15,335,6.2,6,0,1
263,16,478,3.1,3,0,1
263,17,63,1,2,0,1
263,2,310,10.7,10,10,1
263,3,946,1.2,2,0,1
263,4,613,3,5,0,1
263,5,946,3,5,0,1
263,6,310,1.2,2,0,1
263,7,313,10.7,10,0,1
263,8,576,9,11,0,1
263,9,64,7.5,7,0,1
264,1,403,0,0,,
264,10,138,6,6,,
264,11,163,6,6,,
264,12,164,6,6,,
264,13,165,4,4,,
264,2,106,11,11,,
264,3,107,5,5,,
264,4,108,9,9,,
264,5,109,5,5,,
264,6,134,4,4,,
264,7,135,3,3,,
264,8,136,6,6,,
264,9,137,5,5,,
265,10,279,4,15,0,1
265,11,115,4,8,0,1
265,2,303,0,0,0,1
265,3,490,5,4,0,1
265,4,491,1,2,0,1
265,5,930,2.8,10,0,1
265,6,491,2.8,10,0,1
265,7,490,1,3,0,1
265,8,492,7.7,13,0,1
265,9,115,11.5,15,0,1
266,1,115,0,0,0,1
266,10,491,1,4,0,1
266,11,930,2.8,7,0,1
266,12,491,2.8,5,0,1
266,13,490,1,2,0,1
266,14,303,5,3,0,1
266,2,492,11.5,11,0,1
266,3,490,7.7,7,0,1
266,4,492,7.7,9,0,1
266,5,115,11.5,14,15,1
266,6,279,4,8,0,1
266,7,115,4,9,0,1
266,8,492,11.5,15,0,1
266,9,490,7.7,6,0,1
267,1,303,0,0,0,1
267,2,465,3.8,12,0,1
267,3,323,1.5,3,0,1
267,4,331,3.5,4,0,1
267,5,492,8.3,13,0,1
267,6,115,11.5,11,0,1
267,7,291,6.5,12,0,1
267,8,115,7.7,20,0,1
268,1,115,0,0,0,1
268,10,291,6.5,15,0,1
268,11,115,7.7,7,0,1
268,12,492,11,11,0,1
268,13,318,2.7,4,0,1
268,14,928,3,1,0,1
268,15,331,4,5,0,1
268,16,323,2,3,0,1
268,17,465,1.5,3,0,1
268,18,303,3.8,5,0,1
268,19,111,10,7,0,1
268,2,492,11,11,0,1
268,20,109,9.5,5,0,1
268,21,108,7,6,0,1
268,22,885,2.7,2,0,1
268,23,886,3.8,3,0,1
268,24,403,11,14,0,1
268,3,521,2.7,3,0,1
268,4,331,5.5,6,0,1
268,5,323,2,3,0,1
268,6,928,5.7,6,0,1
268,7,318,3,2,0,1
268,8,492,2.7,3,0,1
268,9,115,11,20,15,1
269,1,115,0,0,0,1
269,10,109,9.5,10,0,1
269,11,108,7,5,0,1
269,12,885,2.7,4,0,1
269,13,886,3.8,4,0,1
269,14,403,11,14,0,1
269,2,291,7.7,20,0,1
269,3,115,6.5,5,0,1
269,4,492,11.5,13,0,1
269,5,331,8.3,9,0,1
269,6,323,3.5,3,0,1
269,7,465,1.5,4,0,1
269,8,303,3.8,7,0,1
269,9,111,10,12,0,1
270,1,303,0,0,0,1
270,10,115,7,20,0,1
270,2,465,3.8,5,0,1
270,3,323,1.5,2,0,1
270,4,331,3.5,2,0,1
270,5,928,4,10,0,1
270,6,318,3,10,0,1
270,7,492,2.7,6,0,1
270,8,115,11,15,0,1
270,9,289,7,20,0,1
271,1,115,0,0,0,1
271,10,492,11,13,0,1
271,11,318,2.7,5,0,1
271,12,928,3,4,0,1
271,13,331,4,5,0,1
271,14,323,3.5,3,0,1
271,15,465,1.5,2,0,1
271,16,303,3.8,5,0,1
271,17,111,10,8,0,1
271,18,109,9.5,6,0,1
271,19,108,7,5,0,1
271,2,492,11,20,0,1
271,20,885,2.7,2,0,1
271,21,886,3.8,3,0,1
271,22,403,11,10,0,1
271,3,318,2.7,5,0,1
271,4,928,3,2,0,1
271,5,318,3,4,0,1
271,6,492,2.7,4,0,1
271,7,115,11,10,15,1
271,8,289,7,20,0,1
271,9,115,7,9,0,1
272,1,115,0,0,0,1
272,10,303,3.8,4,0,1
272,11,111,10,8,0,1
272,12,109,9.5,7,0,1
272,13,108,7,5,0,1
272,14,885,2.7,4,0,1
272,15,886,3.8,3,0,1
272,16,403,11,9,0,1
272,2,289,7,20,0,1
272,3,115,7,10,0,1
272,4,492,11,14,0,1
272,5,318,2.7,3,0,1
272,6,928,3,4,0,1
272,7,331,4,6,0,1
272,8,323,3.5,2,0,1
272,9,465,1.5,1,0,1
273,1,403,0,0,0,1
273,10,403,10,10,0,1
273,2,394,2,5,0,1
273,3,456,2,5,0,1
273,4,402,3,9,0,1
273,5,601,3,9,0,1
273,6,401,2.5,7,0,1
273,7,403,2,5,0,1
273,8,106,13,15,0,1
273,9,549,2,5,0,1
274,1,192,0,0,0,1
274,2,593,11.5,15,0,1
274,3,204,2.5,5,0,1
274,4,712,7,5,0,1
275,1,403,0,0,,
275,10,114,11,11,,
275,11,115,8,8,,
275,2,106,11,11,,
275,3,107,5,5,,
275,4,108,9,9,,
275,5,109,5,5,,
275,6,110,3,3,,
275,7,111,8,8,,
275,8,112,6,6,,
275,9,113,8,8,,
276,1,403,0,0,,
276,2,106,11,11,,
276,3,107,5,5,,
276,4,108,9,9,,
276,5,109,5,5,,
276,6,110,3,3,,
276,7,111,8,8,,
276,8,112,6,6,,
276,9,113,8,8,,
278,1,192,0,0,0,1
278,2,964,9,10,0,1
280,1,403,0,0,,
280,10,175,3,3,,
280,11,176,4,4,,
280,12,177,9,9,,
280,2,106,11,11,,
280,3,168,2,2,,
280,4,169,7,7,,
280,5,170,2,2,,
280,6,171,3,3,,
280,7,172,9,9,,
280,8,173,5,5,,
280,9,174,7,7,,
281,1,403,0,0,,
281,2,106,11,11,,
281,3,168,2,2,,
281,4,169,7,7,,
281,5,170,2,2,,
281,6,171,3,3,,
281,7,172,9,9,,
282,1,172,0,0,0,1
282,2,173,3,3,0,1
282,3,174,6,6,0,1
282,4,175,4,4,0,1
282,5,504,5,5,0,1
282,6,505,8,8,0,1
282,7,506,6,6,0,1
284,1,403,0,0,0,1
284,10,365,1.3,9,0,1
284,11,444,4.7,6,0,1
284,12,44,4.4,4,0,1
284,13,108,5.1,6,0,1
284,14,474,6.5,8,15,1
284,15,108,6.5,17,0,1
284,16,885,2.75,7,0,1
284,17,886,3.8,3,0,1
284,18,403,11.3,14,0,1
284,2,886,11.3,25,0,1
284,3,885,3.8,7,0,1
284,4,108,2.75,2,0,1
284,5,44,5.1,7,0,1
284,6,444,4.4,4,0,1
284,7,466,3.4,4,0,1
284,8,365,1.3,1,0,1
284,9,345,2,3,0,1
285,1,403,0,0,0,1
285,10,44,5.1,5,0,1
285,11,444,4.4,7,0,1
285,12,319,4,4,0,1
285,13,111,7.6,13,0,1
285,14,109,11.2,11,0,1
285,15,108,5.1,5,0,1
285,16,109,5.1,15,0,1
285,17,111,11.2,8,0,1
285,18,319,7.6,11,0,1
285,19,444,4,5,0,1
285,2,2,10,10,0,1
285,20,44,4.4,3,0,1
285,21,108,5.1,6,0,1
285,22,885,2.75,2,0,1
285,23,886,3.8,3,0,1
285,24,403,11.3,14,0,1
285,3,3,4,4,0,1
285,4,4,2,2,0,1
285,5,47,4,4,0,1
285,6,48,4,4,0,1
285,7,49,3,3,0,1
285,8,50,4,4,0,1
285,9,51,2,2,0,1
286,1,403,0,0,0,1
286,10,319,8,11,0,1
286,11,44,8,8,0,1
286,12,108,5.1,6,0,1
286,13,885,2.75,6,0,1
286,14,886,3.8,3,0,1
286,15,403,11.3,12,0,1
286,2,886,11.3,48,0,1
286,3,885,3.8,3,0,1
286,4,108,2.75,4,40,1
286,5,109,5.1,7,0,1
286,6,111,11.2,11,0,1
286,7,109,11.2,7,0,1
286,8,108,5.1,7,0,1
286,9,44,5.1,6,0,1
287,1,63,0,0,0,1
287,10,63,2.4,1,5,1
287,11,478,1,2,0,1
287,12,335,2.4,7,0,1
287,13,64,8.4,7,0,1
287,14,576,6.7,4,0,1
287,15,313,9,12,0,1
287,16,310,10.7,12,0,1
287,17,946,1.2,2,0,1
287,18,613,3,4,0,1
287,19,946,3,4,0,1
287,2,478,1,2,0,1
287,20,310,1.2,2,0,1
287,21,871,14.5,18,0,1
287,22,313,14.4,21,0,1
287,3,335,2.4,5,0,1
287,4,64,6.2,8,0,1
287,5,576,7.5,4,0,1
287,6,313,9,12,0,1
287,7,576,9,13,0,1
287,8,64,7.5,4,0,1
287,9,335,6.2,6,0,1
288,1,56,0,0,0,1
288,10,538,3.2,7,0,1
288,11,948,3.6,8,0,1
288,12,69,4.8,8,10,1
288,13,576,6.4,8,0,1
288,14,64,6.7,6,0,1
288,15,335,6.2,6,0,1
288,16,478,2.4,3,0,1
288,17,63,1,5,10,1
288,2,57,4.5,4,0,1
288,3,479,3,4,0,1
288,4,58,4.2,5,15,1
288,5,949,10.5,14,0,1
288,6,538,3.3,8,0,1
288,7,948,3.2,8,0,1
288,8,313,4.9,8,0,1
288,9,949,6.6,12,10,1
289,1,403,0,0,0,1
289,10,108,5.1,7,0,1
289,11,281,6.5,10,0,1
289,12,134,4,10,0,1
289,13,109,5.2,6,0,1
289,14,108,5.1,6,0,1
289,15,885,2.75,6,0,1
289,16,886,3.8,4,0,1
289,17,403,11.3,11,0,1
289,2,886,11.3,11,0,1
289,3,885,3.8,5,0,1
289,4,108,2.75,3,0,1
289,5,44,5.1,7,0,1
289,6,444,4.4,5,0,1
289,7,365,4.7,7,0,1
289,8,466,1.3,14,0,1
289,9,44,7.8,8,0,1
290,1,403,0,0,0,1
290,10,134,4,10,0,1
290,11,109,5.2,4,0,1
290,12,108,5.1,7,0,1
290,13,885,2.75,4,0,1
290,14,886,3.8,4,0,1
290,15,403,11.3,13,0,1
290,2,886,11.3,17,0,1
290,3,885,3.8,2,0,1
290,4,108,2.75,2,0,1
290,5,281,6.5,10,0,1
290,6,134,4,13,0,1
290,7,109,5.2,7,0,1
290,8,108,5.1,7,20,1
290,9,281,6.5,9,0,1
291,1,403,0,0,0,1
291,10,345,11.1,15,0,1
291,11,466,3.2,6,0,1
291,12,44,7.8,7,0,1
291,13,108,5.1,5,0,1
291,14,885,2.75,4,0,1
291,15,886,3.8,4,0,1
291,16,403,11.3,12,0,1
291,2,886,11.3,18,0,1
291,3,885,3.8,4,0,1
291,4,108,2.75,4,35,1
291,5,474,6.5,9,0,1
291,6,134,4,10,0,1
291,7,109,5.2,4,0,1
291,8,108,5.1,5,20,1
291,9,44,5.1,7,0,1
292,1,403,0,0,0,1
292,10,885,2.75,9,0,1
292,11,886,3.8,3,0,1
292,12,403,11.3,12,0,1
292,2,106,8.5,14,0,1
292,3,277,7.7,11,0,1
292,4,106,7.7,9,0,1
292,5,277,7.7,9,0,1
292,6,879,8,9,0,1
292,7,570,3.75,9,0,1
292,8,881,5,7,0,1
292,9,108,4.2,6,0,1
293,1,403,0,0,0,1
293,10,108,4.2,6,25,1
293,11,881,4.2,4,0,1
293,12,570,5,6,0,1
293,13,899,3.75,7,0,1
293,14,184,4.1,4,0,1
293,15,277,6.2,5,0,1
293,16,106,7.7,8,0,1
293,17,403,8.5,9,0,1
293,2,886,11.3,10,0,1
293,3,885,3.8,3,0,1
293,4,108,2.75,2,15,1
293,5,881,4.2,8,0,1
293,6,570,5,6,0,1
293,7,899,3.75,13,0,1
293,8,570,3.75,4,0,1
293,9,881,5,6,0,1
294,1,403,0,0,0,1
294,10,51,5,7,0,1
294,11,44,13,13,0,1
294,12,51,13,11,0,1
294,13,52,2.35,7,0,1
294,14,466,2.75,8,0,1
294,15,444,6,4,0,1
294,16,44,4.4,4,0,1
294,17,108,4.8,10,0,1
294,18,885,2.75,11,0,1
294,19,886,3.8,4,0,1
294,2,443,7,10,0,1
294,20,403,11.3,12,0,1
294,3,2,1.6,5,0,1
294,4,427,1.4,8,0,1
294,5,569,4.4,10,0,1
294,6,42,3.1,6,0,1
294,7,602,5,8,0,1
294,8,891,2.1,6,0,1
294,9,50,2.4,3,0,1
295,1,403,0,0,0,1
295,10,51,6.8,10,0,1
295,11,891,6.4,9,0,1
295,12,602,2.1,3,0,1
295,13,42,5,9,0,1
295,14,360,2.25,5,0,1
295,15,108,7.6,9,20,1
295,16,44,4.8,5,0,1
295,17,444,4.4,5,0,1
295,18,466,3,4,0,1
295,19,365,1.3,2,0,1
295,2,443,7,20,0,1
295,20,345,2,3,0,1
295,21,365,2,3,0,1
295,22,444,4.7,4,0,1
295,23,44,4.4,4,0,1
295,24,108,5.1,10,0,1
295,25,885,2.75,2,0,1
295,26,886,3.8,3,0,1
295,27,403,11.3,16,0,1
295,3,2,1.6,2,0,1
295,4,427,1.4,5,0,1
295,5,47,9.4,13,0,1
295,6,48,3.5,6,0,1
295,7,50,2.2,5,0,1
295,8,51,5.7,7,0,1
295,9,44,6.8,9,0,1
296,1,403,0,0,,
296,10,95,9,9,,
296,11,74,4,4,,
296,12,75,8,8,,
296,13,76,7,7,,
296,2,2,10,10,,
296,3,3,4,4,,
296,4,4,2,2,,
296,5,5,2,5,,
296,6,6,3,3,,
296,7,7,4,4,,
296,8,8,10,10,,
296,9,227,5,5,,
299,1,403,0,0,0,1
299,10,891,2.4,2,0,1
299,11,602,2.1,4,0,1
299,12,42,5,8,0,1
299,13,360,2.25,3,0,1
299,14,108,7.7,9,0,1
299,15,44,4.8,29,0,1
299,16,52,15.35,15,0,1
299,17,466,2.75,3,0,1
299,18,444,6,3,0,1
299,19,44,4.4,4,0,1
299,2,443,7,17,0,1
299,20,108,4.8,5,0,1
299,21,885,2.75,3,0,1
299,22,886,3.8,4,0,1
299,23,403,11.3,13,0,1
299,3,2,1.6,3,0,1
299,4,427,1.4,1,0,1
299,5,569,4.4,7,0,1
299,6,42,3.1,4,0,1
299,7,360,2.25,3,0,1
299,8,44,7.6,10,10,1
299,9,50,11.8,11,0,1
300,1,403,0,0,0,1
300,10,223,3,5,0,1
300,11,224,17,15,0,1
300,2,106,10,10,0,1
300,3,192,25,20,0,1
300,4,204,15,10,0,1
300,5,211,11,20,0,1
300,6,215,38,30,0,1
300,7,219,19,20,0,1
300,8,220,10,10,0,1
300,9,222,17,10,0,1
301,1,391,0,0,0,1
301,10,451,5,5,0,1
301,11,402,1,2,0,1
301,2,2,7,1,0,1
301,3,53,9,9,0,1
301,4,680,0,4,0,1
301,5,625,7,7,0,1
301,6,563,1,1,0,1
301,7,500,4,4,0,1
301,8,53,12,12,0,1
301,9,2,9,9,0,1
302,1,403,0,0,,
302,10,175,3,4,,
302,11,176,4,4,,
302,12,177,9,9,,
302,13,178,8,8,,
302,14,179,9,9,,
302,15,180,8,8,,
302,16,181,8,8,,
302,17,182,12,12,,
302,2,106,11,11,,
302,3,168,2,2,,
302,4,169,7,7,,
302,5,170,2,2,,
302,6,171,3,3,,
302,7,172,9,9,,
302,8,173,5,3,,
302,9,174,7,6,,
311,1,403,0,0,0,1
311,10,257,7,8,0,1
311,2,868,8,10,0,1
311,3,869,3,3,0,1
311,4,249,2,2,0,1
311,5,251,7,7,0,1
311,6,252,8,8,0,1
311,7,253,6,6,0,1
311,8,254,11,11,0,1
311,9,255,5,5,0,1
312,1,403,0,0,0,1
312,2,868,8,8,0,1
312,3,869,3,3,0,1
312,4,249,2,2,0,1
312,5,251,7,7,0,1
312,6,252,8,8,0,1
312,7,253,6,6,0,1
312,8,257,23,23,0,1
316,1,403,0,0,0,1
316,2,868,8,10,0,1
316,3,869,3,3,0,1
316,4,249,2,2,0,1
316,5,251,7,7,0,1
316,6,252,8,8,0,1
316,7,253,6,6,0,1
316,8,565,23,19,0,1
316,9,259,24,35,0,1
317,1,192,0,0,0,1
317,10,229,5,5,0,1
317,11,583,5,5,0,1
317,12,584,16,20,0,1
317,13,585,4,4,0,1
317,14,586,6,7,0,1
317,15,257,6,8,0,1
317,2,197,5,5,0,1
317,3,200,10,11,0,1
317,4,802,2,5,0,1
317,5,201,5,5,0,1
317,6,202,2,3,0,1
317,7,923,3,4,0,1
317,8,889,5,5,0,1
317,9,582,5,4,0,1
320,1,403,0,0,,
320,10,234,6,5,,
320,11,235,9,15,,
320,12,236,9,10,,
320,13,237,6,5,,
320,14,238,6,15,,
320,15,239,8,8,,
320,16,240,6,7,0,1
320,2,225,16,15,,
320,3,226,7,5,,
320,4,579,3,5,,
320,5,229,13,10,,
320,6,230,6,5,,
320,7,231,7,10,,
320,8,232,12,10,,
320,9,233,7,10,,
323,1,403,0,0,0,1
323,10,673,5,5,0,1
323,11,674,3,5,0,1
323,12,97,8,10,0,1
323,13,598,9,10,0,1
323,14,627,4,5,0,1
323,15,628,5,5,0,1
323,16,629,5,10,0,1
323,17,599,9,10,0,1
323,18,269,12,20,0,1
323,2,672,15,15,0,1
323,3,626,9,10,0,1
323,4,89,7,10,0,1
323,5,90,5,10,0,1
323,6,91,4,5,0,1
323,7,92,8,5,0,1
323,8,93,4,10,0,1
323,9,94,5,5,0,1
324,1,177,0,0,0,1
324,10,253,6,6,0,1
324,11,257,23,24,0,1
324,12,635,21,21,0,1
324,2,176,9,9,0,1
324,3,172,19,19,0,1
324,4,403,34,34,0,1
324,5,868,8,8,0,1
324,6,869,3,3,0,1
324,7,249,2,2,0,1
324,8,251,7,7,0,1
324,9,252,8,8,0,1
325,1,8,0,0,0,1
325,10,253,6,6,0,1
325,11,257,23,23,0,1
325,12,635,21,21,0,1
325,2,5,17,17,0,1
325,3,2,8,8,0,1
325,4,403,10,10,0,1
325,5,868,8,8,0,1
325,6,869,3,3,0,1
325,7,249,2,2,0,1
325,8,251,7,7,0,1
325,9,252,8,8,0,1
326,1,165,0,0,0,1
326,10,253,6,6,0,1
326,11,257,23,23,0,1
326,12,635,21,21,0,1
326,2,138,16,16,0,1
326,3,108,29,29,0,1
326,4,403,25,25,0,1
326,5,868,8,8,0,1
326,6,869,3,3,0,1
326,7,249,2,2,0,1
326,8,251,7,7,0,1
326,9,252,8,8,0,1
327,1,63,0,0,0,1
327,10,253,6,6,0,1
327,11,257,23,23,0,1
327,12,635,21,21,0,1
327,2,56,10,10,0,1
327,3,2,30,30,0,1
327,4,403,10,10,0,1
327,5,868,8,8,0,1
327,6,869,3,3,0,1
327,7,249,2,2,0,1
327,8,251,7,7,0,1
327,9,252,8,8,0,1
328,1,76,0,0,0,1
328,10,251,7,7,0,1
328,11,252,8,8,0,1
328,12,253,6,6,0,1
328,13,257,23,23,0,1
328,14,635,21,21,0,1
328,2,74,15,15,0,1
328,3,8,18,18,0,1
328,4,5,17,17,0,1
328,5,2,8,8,0,1
328,6,403,10,10,0,1
328,7,868,8,8,0,1
328,8,869,3,3,0,1
328,9,249,2,2,0,1
329,1,115,0,0,0,1
329,10,251,7,7,0,1
329,11,252,8,8,0,1
329,12,253,6,6,0,1
329,13,257,23,23,0,1
329,14,635,21,21,0,1
329,2,113,19,19,0,1
329,3,112,8,8,0,1
329,4,111,6,6,0,1
329,5,108,16,16,0,1
329,6,403,17,17,0,1
329,7,868,8,8,0,1
329,8,869,3,3,0,1
329,9,249,2,2,0,1
330,1,192,0,0,0,1
330,2,494,7,7,0,1
330,3,191,3,3,0,1
331,1,8,0,0,0,1
331,10,991,4,0,0,1
331,11,992,6,0,0,1
331,12,993,4,0,0,1
331,13,994,2,0,0,1
331,14,995,6,0,0,1
331,15,996,4,0,0,1
331,16,997,4,0,0,1
331,17,998,3,0,0,1
331,18,685,4,0,0,1
331,19,999,4,0,0,1
331,2,985,38,0,0,1
331,20,684,5,0,0,1
331,21,269,9,0,0,1
331,3,10,8,0,0,1
331,4,986,5,0,0,1
331,5,987,5,0,0,1
331,6,988,7,0,0,1
331,7,989,8,0,0,1
331,8,94,10,0,0,1
331,9,990,3,0,0,1
332,1,8,0,0,0,1
332,10,253,6,6,0,1
332,11,254,11,11,0,1
332,12,255,5,5,0,1
332,13,257,7,7,0,1
332,2,5,17,17,0,1
332,3,2,8,8,0,1
332,4,403,10,10,0,1
332,5,868,8,8,0,1
332,6,869,3,3,0,1
332,7,249,2,2,0,1
332,8,251,7,7,0,1
332,9,252,8,8,0,1
333,1,8,0,0,0,1
333,10,688,5,5,0,1
333,11,689,2,2,0,1
333,12,700,7,7,0,1
333,13,690,4,4,0,1
333,14,691,4,4,0,1
333,15,658,4,4,0,1
333,16,692,6,6,0,1
333,17,693,7,7,0,1
333,18,694,5,5,0,1
333,19,695,4,4,0,1
333,2,227,5,5,0,1
333,20,696,6,6,0,1
333,21,22,17,20,0,1
333,3,95,9,10,0,1
333,4,74,4,5,0,1
333,5,75,8,10,0,1
333,6,76,7,10,0,1
333,7,605,3,5,0,1
333,8,686,5,10,0,1
333,9,687,4,4,0,1
341,1,403,0,0,,
341,10,138,6,6,,
341,11,139,12,12,,
341,12,140,9,9,,
341,13,141,4,4,,
341,14,142,5,5,,
341,15,143,9,9,,
341,16,144,5,5,,
341,17,145,14,14,,
341,2,106,11,11,,
341,3,107,5,5,,
341,4,108,9,9,,
341,5,109,5,5,,
341,6,134,4,4,,
341,7,135,3,3,,
341,8,136,6,6,,
341,9,137,5,5,,
350,1,403,0,0,,
350,10,114,11,11,,
350,11,115,8,8,,
350,12,116,10,10,,
350,13,117,8,8,,
350,14,123,8,8,,
350,15,124,10,10,,
350,16,125,11,11,,
350,17,126,7,7,,
350,18,127,3,3,,
350,19,128,5,5,,
350,2,106,11,11,,
350,20,129,6,6,,
350,21,130,10,8,,
350,3,107,5,5,,
350,4,108,9,9,,
350,5,109,5,5,,
350,6,110,3,3,,
350,7,111,8,8,,
350,8,112,6,6,,
350,9,113,8,8,,
351,1,403,0,0,,
351,10,114,11,11,,
351,11,115,8,8,,
351,12,116,10,10,,
351,13,117,8,8,,
351,14,118,7,7,,
351,15,119,15,15,,
351,16,120,9,9,,
351,17,121,7,7,,
351,18,122,8,8,,
351,2,106,11,11,,
351,3,107,5,5,,
351,4,108,9,9,,
351,5,109,5,5,,
351,6,110,3,3,,
351,7,111,8,8,,
351,8,112,6,6,,
351,9,113,8,8,,
360,1,403,0,0,,
360,10,10,8,10,,
360,11,11,10,10,,
360,12,12,4,5,,
360,13,13,4,5,,
360,14,14,7,5,,
360,15,15,3,5,,
360,16,16,8,7,,
360,17,17,4,3,,
360,18,18,8,5,,
360,19,19,5,5,,
360,2,2,10,15,,
360,20,20,8,5,,
360,21,21,3,20,,
360,22,22,14,20,,
360,3,3,4,5,,
360,4,4,2,3,,
360,5,5,2,4,,
360,6,6,3,3,,
360,7,7,4,5,,
360,8,8,10,5,,
360,9,9,15,10,,
361,1,403,0,0,,
361,10,95,9,9,,
361,11,74,4,4,,
361,12,75,8,8,,
361,13,76,7,7,,
361,14,77,6,6,,
361,15,78,6,6,,
361,16,79,7,7,,
361,17,80,7,7,,
361,18,81,8,8,,
361,19,82,3,3,,
361,2,2,10,10,,
361,20,83,10,10,,
361,21,84,12,12,,
361,22,85,8,8,,
361,3,3,4,4,,
361,4,4,2,2,,
361,5,5,2,2,,
361,6,6,3,3,,
361,7,7,4,4,,
361,8,8,10,10,,
361,9,227,5,5,,
365,1,63,0,0,0,1
365,10,310,1.2,2,0,1
365,11,313,10.7,13,0,1
365,12,576,9,9,0,1
365,13,64,7.5,4,0,1
365,14,335,6.2,7,0,1
365,15,63,2.4,2,0,1
365,16,478,1,4,0,1
365,17,335,2.4,4,0,1
365,18,64,6.2,6,0,1
365,19,576,7.5,6,0,1
365,2,478,1,2,0,1
365,20,948,9.6,10,0,1
365,21,538,3.6,6,0,1
365,22,949,3.3,6,0,1
365,23,58,10.5,13,0,1
365,24,479,4.2,6,0,1
365,25,57,3,2,0,1
365,26,56,4.5,4,0,1
365,3,335,2.4,1,10,1
365,4,64,6.2,7,0,1
365,5,576,7.5,8,0,1
365,6,69,6.4,5,40,1
365,7,313,9.2,9,0,1
365,8,310,10.7,15,0,1
365,9,946,1.2,3,0,1
366,1,63,0,0,0,1
366,10,313,6.6,7,20,1
366,11,948,4.9,3,0,1
366,12,538,3.6,4,0,1
366,13,949,3.3,5,0,1
366,14,58,10.5,13,0,1
366,15,479,4.2,7,0,1
366,16,57,3,2,0,1
366,17,56,4.5,5,0,1
366,2,478,1,4,0,1
366,3,335,2.4,7,0,1
366,4,64,6.2,7,0,1
366,5,576,7.5,11,0,1
366,6,69,6.4,5,10,1
366,7,948,9.8,8,0,1
366,8,538,3.6,4,0,1
366,9,949,3.3,5,25,1
367,1,56,0,0,0,1
367,10,482,4.2,9,0,1
367,11,532,4.5,10,0,1
367,12,335,8.4,6,0,1
367,13,63,2.4,2,0,1
367,14,478,1,5,0,1
367,15,335,3.1,5,0,1
367,16,63,2.4,5,0,1
367,17,478,1,3,0,1
367,18,63,1,4,0,1
367,2,478,7.7,6,0,1
367,3,63,1,2,0,1
367,4,335,3.1,1,0,1
367,5,532,8.4,9,0,1
367,6,482,4.5,4,0,1
367,7,941,2.8,2,0,1
367,8,482,2.8,7,0,1
367,9,476,4.2,6,0,1
368,1,63,0,0,0,1
368,10,335,3.1,4,0,1
368,11,532,8.4,7,0,1
368,12,482,4.5,6,0,1
368,13,941,2.8,6,0,1
368,14,482,2.8,4,0,1
368,15,476,4.2,6,0,1
368,16,482,4.2,5,0,1
368,17,532,4.5,7,0,1
368,18,335,8.4,5,0,1
368,19,63,2.4,2,0,1
368,2,478,1,2,0,1
368,20,478,1,1,0,1
368,21,56,7.7,4,0,1
368,3,335,3.1,5,0,1
368,4,532,8.4,8,0,1
368,5,482,4.5,6,0,1
368,6,532,4.5,6,0,1
368,7,335,2.4,9,0,1
368,8,63,2.4,2,20,1
368,9,478,1,5,0,1
369,1,63,0,0,0,1
369,10,871,14.5,18,0,1
369,11,313,14.4,17,15,1
369,12,310,10.7,15,0,1
369,13,946,1.2,2,0,1
369,14,310,1.2,2,0,1
369,15,871,14.5,17,0,1
369,16,313,14.4,16,0,1
369,2,478,1,3,5,1
369,3,335,2.4,4,0,1
369,4,64,6.2,12,0,1
369,5,576,6.7,7,0,1
369,6,313,9,14,0,1
369,7,310,10.7,14,0,1
369,8,946,1.2,3,0,1
369,9,310,1.2,3,0,1
370,1,63,0,0,0,1
370,10,478,2.4,3,0,1
370,11,63,1,3,0,1
370,12,478,1,3,0,1
370,13,335,2.4,3,0,1
370,14,64,6.2,7,0,1
370,15,576,6.7,7,0,1
370,16,313,9,16,0,1
370,17,871,13,17,0,1
370,18,310,14.4,16,0,1
370,19,946,1.2,2,0,1
370,2,478,1,3,0,1
370,20,310,1.2,2,0,1
370,21,313,10.7,13,0,1
370,22,871,13,17,0,1
370,23,310,14.4,16,0,1
370,24,946,1.2,2,0,1
370,25,310,1.2,2,0,1
370,26,313,10.7,13,0,1
370,3,335,2.4,3,0,1
370,4,64,6.2,7,0,1
370,5,576,6.7,7,0,1
370,6,313,9,16,0,1
370,7,576,9,16,0,1
370,8,64,6.7,7,0,1
370,9,335,6.2,7,0,1
371,1,63,0,0,0,1
371,10,335,3.4,5,0,1
371,11,64,6.2,7,0,1
371,12,576,7.5,6,15,1
371,13,313,9,13,30,1
371,14,948,4.9,10,0,1
371,15,538,3.6,6,0,1
371,16,949,3.2,5,0,1
371,17,310,17,17,0,1
371,18,946,1.2,3,0,1
371,19,310,1.2,4,0,1
371,2,478,1,3,0,1
371,20,871,14.5,15,0,1
371,21,58,9.6,13,0,1
371,22,479,4.2,2,0,1
371,23,57,3,4,0,1
371,24,56,4.5,4,0,1
371,3,56,7.7,6,0,1
371,4,57,4.5,7,0,1
371,5,479,3,5,0,1
371,6,58,4.2,5,0,1
371,7,479,3,6,0,1
371,8,57,3,2,0,1
371,9,63,5.6,5,0,1
372,1,56,0,0,0,1
372,10,57,3,3,0,1
372,11,56,4.5,3,0,1
372,2,478,7.7,10,0,1
372,3,63,1,2,20,1
372,4,478,1,2,0,1
372,5,56,7.7,5,0,1
372,6,57,4.5,7,0,1
372,7,479,3,5,0,1
372,8,58,4.2,6,0,1
372,9,479,4.2,3,0,1
373,1,56,0,0,0,1
373,10,478,1,4,0,1
373,11,63,3.1,4,0,1
373,12,335,2.4,5,0,1
373,13,322,8.3,13,0,1
373,14,531,2.2,3,0,1
373,15,322,2.2,5,0,1
373,16,532,3.7,7,0,1
373,17,335,8.4,8,0,1
373,18,478,2.4,3,0,1
373,19,63,1,4,0,1
373,2,57,4.5,3,0,1
373,3,479,3,4,0,1
373,4,58,4.2,5,0,1
373,5,871,9.6,10,0,1
373,6,313,13,20,0,1
373,7,576,9,20,0,1
373,8,64,6.7,5,0,1
373,9,335,6.2,7,0,1
374,1,56,0,0,0,1
374,10,313,10.6,9,10,1
374,11,871,14.4,18,0,1
374,12,58,9.6,13,0,1
374,13,479,4.2,3,0,1
374,14,57,3,3,0,1
374,15,56,4.5,4,0,1
374,16,900,7,11,0,1
374,17,56,7,12,0,1
374,2,478,7.7,5,5,1
374,3,335,2.4,2,0,1
374,4,64,6.2,9,0,1
374,5,576,6.7,6,0,1
374,6,313,9,13,30,1
374,7,948,4.9,6,0,1
374,8,538,3.2,6,0,1
374,9,949,3.3,5,0,1
375,1,63,0,0,0,1
375,10,58,4.8,5,0,1
375,11,479,4.2,3,0,1
375,12,57,3,3,0,1
375,13,56,4.5,3,0,1
375,14,364,7.5,7,0,1
375,15,500,0.7,1,0,1
375,16,54,3,2,0,1
375,17,53,9.6,7,0,1
375,18,574,1.1,1,0,1
375,19,4,3.5,5,0,1
375,2,478,1,3,0,1
375,20,3,1.3,2,0,1
375,21,427,3.5,1,0,1
375,22,2,1.4,2,0,1
375,23,427,1.4,6,0,1
375,24,3,3.5,4,0,1
375,25,4,1.3,1,0,1
375,26,574,3.5,4,0,1
375,27,53,1.1,1,0,1
375,28,500,9,12,0,1
375,29,54,0.7,1,0,1
375,3,56,7.7,6,20,1
375,30,364,3.6,4,0,1
375,31,56,7.5,7,0,1
375,4,57,4.5,5,0,1
375,5,479,3,4,0,1
375,6,58,4.2,4,10,1
375,7,511,4.8,7,0,1
375,8,470,9.3,15,0,1
375,9,511,9.3,12,0,1
376,1,165,0,0,0,1
376,2,384,12,15,0,1
376,3,385,10,15,0,1
376,4,383,11,15,0,1
376,5,381,8,10,0,1
376,6,384,8,10,0,1
376,7,165,12,15,0,1
377,1,165,0,0,0,1
377,2,384,11.7,14,15,1
377,3,381,7.9,15,0,1
377,4,384,7.9,10,0,1
377,5,383,6,11,0,1
377,6,385,10.6,12,0,1
377,7,384,9.1,10,5,1
377,8,165,11.7,13,0,1
378,1,165,0,0,0,1
378,2,384,11.7,21,10,1
378,3,383,6,16,0,1
378,4,385,10.6,12,0,1
378,5,384,9.1,12,0,1
378,6,381,7.9,11,0,1
378,7,165,18.8,27,0,1
379,1,138,0,0,0,1
379,10,164,4,8,0,1
379,11,539,2,1,0,1
379,12,603,4,4,0,1
379,13,539,4,7,0,1
379,14,164,2,3,0,1
379,15,165,4,5,0,1
379,2,163,6,10,0,1
379,3,539,4,3,0,1
379,4,603,4,3,0,1
379,5,606,8,12,0,1
379,6,603,8,18,0,1
379,7,539,4,5,0,1
379,8,164,2,1,0,1
379,9,165,4,4,0,1
380,1,403,0,0,0,1
380,10,138,8.5,12,0,1
380,11,954,10,13,0,1
380,12,138,10,21,0,1
380,2,886,11.3,8,0,1
380,3,885,3.8,4,0,1
380,4,108,2.75,3,0,1
380,5,109,5.1,5,0,1
380,6,111,11,8,0,1
380,7,302,9.5,18,0,1
380,8,111,10.7,21,0,1
380,9,515,4.5,4,0,1
381,1,165,0,0,0,1
381,10,603,4,5,0,1
381,11,606,12,20,0,1
381,12,603,12,11,0,1
381,13,539,4,3,0,1
381,14,163,4,5,0,1
381,15,138,6,5,0,1
381,2,164,4,4,0,1
381,3,539,2,3,0,1
381,4,603,4,5,0,1
381,5,539,4,5,0,1
381,6,164,2,1,0,1
381,7,165,4,3,30,1
381,8,164,4,2,0,1
381,9,539,2,3,0,1
382,1,165,0,0,0,1
382,10,830,2,3,0,1
382,11,166,2,3,0,1
382,12,837,6,8,0,1
382,13,165,3,4,0,1
382,2,837,3,14,0,1
382,3,166,6,5,0,1
382,4,830,2,2,0,1
382,5,65,2,2,0,1
382,6,489,2,2,0,1
382,7,27,7,7,10,1
382,8,489,7,13,0,1
382,9,65,2,6,0,1
383,1,165,0,0,0,1
383,10,830,2,2,0,1
383,11,166,2,2,0,1
383,12,837,6,6,0,1
383,13,165,3,5,25,1
383,14,837,3,6,0,1
383,15,166,6,9,0,1
383,16,830,2,2,0,1
383,17,65,2,3,0,1
383,18,489,2,4,0,1
383,19,27,7,12,0,1
383,2,837,3,4,0,1
383,20,489,7,10,0,1
383,21,65,2,3,0,1
383,22,830,2,1,0,1
383,23,166,2,1,0,1
383,24,837,6,5,0,1
383,25,165,3,4,0,1
383,3,166,6,5,0,1
383,4,830,2,2,0,1
383,5,65,2,2,0,1
383,6,489,2,3,0,1
383,7,27,7,14,0,1
383,8,489,7,9,0,1
383,9,65,2,4,0,1
384,1,138,0,0,0,1
384,10,540,3.5,4,0,1
384,11,303,6,9,0,1
384,12,302,4.3,16,0,1
384,13,540,7,11,0,1
384,14,111,3.5,4,0,1
384,15,109,11,8,0,1
384,16,108,5.1,6,0,1
384,17,885,2.75,2,0,1
384,18,886,3.8,4,0,1
384,19,403,11.3,13,0,1
384,2,515,8.5,11,0,1
384,3,111,4.5,3,0,1
384,4,540,3.5,3,0,1
384,5,111,3.5,8,0,1
384,6,515,4.5,5,0,1
384,7,138,8.5,7,25,1
384,8,515,8.5,9,0,1
384,9,111,4.5,3,0,1
385,1,138,0,0,0,1
385,10,138,8.5,8,0,1
385,11,515,8.5,11,0,1
385,12,111,4.5,3,0,1
385,13,540,3.5,3,0,1
385,14,304,5.5,9,0,1
385,15,303,6.5,10,0,1
385,16,302,4.3,11,0,1
385,17,540,6,9,0,1
385,2,515,8.5,9,0,1
385,3,111,4.5,4,0,1
385,4,540,3.5,3,0,1
385,5,303,6,9,0,1
385,6,304,6.5,10,0,1
385,7,540,5.5,5,0,1
385,8,111,3.5,3,0,1
385,9,515,4.5,6,0,1
386,1,138,0,0,0,1
386,10,515,8.5,6,0,1
386,11,111,4.5,4,0,1
386,12,540,3.5,4,0,1
386,13,304,5.5,8,0,1
386,14,303,6,10,0,1
386,15,302,4.3,14,0,1
386,16,540,7,10,0,1
386,17,111,3.5,3,0,1
386,18,109,11,10,0,1
386,19,108,5.1,6,0,1
386,2,515,8.5,11,0,1
386,20,885,2.75,4,0,1
386,21,886,3.8,3,0,1
386,22,403,11.3,13,0,1
386,3,111,4.5,3,0,1
386,4,540,3.5,3,0,1
386,5,303,6,11,0,1
386,6,540,6,7,0,1
386,7,111,3.5,3,0,1
386,8,515,4.5,4,0,1
386,9,138,8.5,8,10,1
387,1,403,0,0,0,1
387,10,331,2,2,0,1
387,11,323,2,7,0,1
387,12,465,1.5,4,0,1
387,13,303,4,6,0,1
387,2,886,11.3,11,0,1
387,3,885,3.8,2,0,1
387,4,108,2.75,3,0,1
387,5,109,5.1,5,0,1
387,6,111,11,8,0,1
387,7,540,3.5,5,0,1
387,8,303,6,6,0,1
387,9,323,5,8,0,1
388,1,303,0,0,0,1
388,10,303,5,7,0,1
388,11,304,7,13,0,1
388,12,540,5.5,8,0,1
388,13,109,11,8,0,1
388,14,108,5.1,4,0,1
388,15,885,2.75,4,0,1
388,16,886,3.8,2,0,1
388,17,403,11.3,12,0,1
388,2,304,7,12,0,1
388,3,540,5.5,7,0,1
388,4,304,5.5,14,0,1
388,5,303,7,10,15,1
388,6,465,4,7,0,1
388,7,323,1.5,3,0,1
388,8,331,2,3,0,1
388,9,323,2,4,0,1
389,1,303,0,0,0,1
389,10,403,11.3,13,0,1
389,2,302,4.3,12,0,1
389,3,304,6.5,11,0,1
389,4,540,5.5,8,0,1
389,5,111,3.5,3,0,1
389,6,109,11,9,0,1
389,7,108,5.1,5,0,1
389,8,885,2.75,3,0,1
389,9,886,3.8,3,0,1
390,1,303,0,0,0,1
390,10,540,5.5,8,0,1
390,11,111,3.5,3,0,1
390,12,109,11,10,0,1
390,13,108,5.1,5,0,1
390,14,885,2.75,2,0,1
390,15,886,3.8,3,0,1
390,16,403,11.3,12,0,1
390,2,465,4,6,0,1
390,3,323,1.5,3,0,1
390,4,331,2,4,0,1
390,5,323,2,5,0,1
390,6,465,1.5,2,0,1
390,7,303,4,7,0,1
390,8,302,4.3,13,0,1
390,9,304,6.5,15,0,1
391,1,138,0,0,0,1
391,2,840,9.5,8,10,1
391,3,138,9.5,14,0,1
391,4,954,9.5,10,0,1
391,5,138,9.5,10,0,1
392,1,138,0,0,0,1
392,10,163,6,8,0,1
392,11,539,4,5,0,1
392,12,164,2,3,0,1
392,13,165,4,4,0,1
392,14,164,4,5,0,1
392,15,539,2,1,0,1
392,16,163,4,5,0,1
392,17,138,6,5,0,1
392,2,163,6,10,0,1
392,3,539,4,5,0,1
392,4,164,2,2,0,1
392,5,165,4,4,0,1
392,6,164,4,4,0,1
392,7,539,2,2,0,1
392,8,163,4,3,0,1
392,9,138,6,6,30,1
393,1,177,0,0,0,1
393,10,135,3.5,3,0,1
393,11,362,4.5,7,0,1
393,12,135,4.5,8,0,1
393,13,136,4,3,0,1
393,14,137,2.5,3,0,1
393,15,887,4,4,0,1
393,16,138,4,4,0,1
393,2,502,5,5,0,1
393,3,503,8,7,0,1
393,4,139,4,3,0,1
393,5,840,4,6,0,1
393,6,138,9.5,9,0,1
393,7,887,3.5,6,0,1
393,8,137,4,4,0,1
393,9,136,2.5,2,0,1
394,1,138,0,0,0,1
394,10,503,4,4,0,1
394,11,502,8,7,0,1
394,12,177,5,5,0,1
394,2,840,9.5,14,0,1
394,3,139,4,8,0,1
394,4,840,4,4,0,1
394,5,954,7,8,0,1
394,6,138,9.5,16,10,1
394,7,954,9.5,14,0,1
394,8,840,7,12,0,1
394,9,139,4,10,0,1
395,1,403,0,0,0,1
395,10,133,2,6,0,1
395,11,541,4,11,0,1
395,12,111,4,6,0,1
395,13,515,4.5,6,0,1
395,14,138,8.5,9,0,1
395,15,163,6,10,0,1
395,16,539,4,3,0,1
395,17,164,2,2,0,1
395,18,165,4,3,0,1
395,19,164,4,6,0,1
395,2,886,11.3,11,0,1
395,20,539,2,3,0,1
395,21,163,4,5,0,1
395,22,138,6,8,0,1
395,3,885,3.8,3,0,1
395,4,108,2.75,3,0,1
395,5,109,5.1,7,0,1
395,6,111,11,8,0,1
395,7,541,4,4,0,1
395,8,133,4,4,0,1
395,9,917,2,2,0,1
396,1,138,0,0,0,1
396,10,515,8.5,13,0,1
396,11,111,4.5,6,0,1
396,12,541,4,6,0,1
396,13,133,4,6,0,1
396,14,515,2,7,0,1
396,15,133,2,5,0,1
396,16,541,4,3,0,1
396,17,111,4,3,0,1
396,18,109,11,10,0,1
396,19,108,5.1,5,0,1
396,2,515,8.5,14,0,1
396,20,885,2.75,3,0,1
396,21,886,3.8,3,0,1
396,22,403,11.3,11,0,1
396,3,111,4.5,5,0,1
396,4,541,4,6,0,1
396,5,133,4,11,0,1
396,6,541,4,7,0,1
396,7,111,4,2,0,1
396,8,515,4.5,5,0,1
396,9,138,8.5,8,10,1
397,1,403,0,0,0,1
397,10,540,6,12,0,1
397,11,111,3.5,3,0,1
397,12,515,4.5,4,0,1
397,13,138,8.5,8,10,1
397,14,515,8.5,8,0,1
397,15,138,8.5,13,0,1
397,2,886,11.3,13,0,1
397,3,885,3.8,3,0,1
397,4,108,2.75,3,0,1
397,5,109,5.1,6,0,1
397,6,111,11,11,0,1
397,7,540,3.5,3,0,1
397,8,304,5.5,11,0,1
397,9,303,6.5,19,0,1
398,1,138,0,0,0,1
398,10,887,4,2,0,1
398,11,138,4,4,0,1
398,12,887,4,12,0,1
398,13,137,4,7,0,1
398,14,136,2.5,5,0,1
398,15,472,5.5,11,0,1
398,16,135,5,8,0,1
398,17,134,4,4,0,1
398,18,109,11,2,0,1
398,19,108,5.1,8,0,1
398,2,887,4,10,0,1
398,20,885,2.75,4,0,1
398,21,886,3.8,5,0,1
398,22,403,11.3,15,0,1
398,3,137,4,4,0,1
398,4,534,2,3,0,1
398,5,473,6,10,0,1
398,6,551,3,8,0,1
398,7,472,6,9,0,1
398,8,136,5.5,6,0,1
398,9,137,2.5,3,0,1
399,1,138,0,0,0,1
399,10,887,4,7,0,1
399,11,137,4,6,0,1
399,12,534,2,4,0,1
399,13,473,6,8,0,1
399,14,551,3,6,0,1
399,15,472,6,8,0,1
399,16,135,5,8,0,1
399,17,134,4,3,0,1
399,18,109,11,3,0,1
399,19,108,5.1,19,0,1
399,2,887,4,7,0,1
399,20,885,2.75,2,0,1
399,21,886,3.8,5,0,1
399,22,403,11.3,12,0,1
399,3,137,4,10,0,1
399,4,136,2.5,3,0,1
399,5,472,5.5,8,0,1
399,6,136,5.5,8,0,1
399,7,137,2.5,3,0,1
399,8,887,4,6,0,1
399,9,138,4,2,5,1
400,1,391,0,0,,
400,2,2,10,10,,
400,3,3,4,4,,
400,4,4,2,2,,
400,5,5,2,5,,
400,6,6,3,3,,
400,7,7,4,4,,
400,8,8,10,10,,
401,1,403,0,0,,
401,10,10,8,8,,
401,2,2,10,10,,
401,3,3,4,4,,
401,4,4,2,2,,
401,5,5,2,2,,
401,6,6,3,3,,
401,7,7,4,4,,
401,8,8,10,10,,
401,9,9,15,15,,
402,1,8,,,,
402,2,820,8,8,,
402,3,863,1,1,,
402,4,228,2,2,0,1
403,1,8,,,,
403,2,227,5,5,,
403,3,95,9,9,,
403,4,519,3,3,,
403,5,864,3,3,0,1
404,1,8,,,,
404,2,284,2,2,,
404,3,285,6,6,,
404,4,286,4,4,,
404,5,287,5,5,,
405,1,8,,,,
405,2,812,8,8,,
405,3,813,4,4,,
406,1,8,,,,
406,2,9,15,15,,
406,3,10,8,8,,
407,1,8,,,,
407,2,9,15,15,,
407,3,10,8,8,0,1
408,1,403,0,0,,
408,2,2,10,10,,
408,3,3,4,4,,
408,4,4,2,2,,
408,5,5,2,2,,
408,6,6,3,3,,
408,7,7,4,4,,
408,8,8,10,10,,
408,9,61,10,10,,
409,1,391,0,0,,
409,2,2,10,10,,
409,3,3,4,4,,
409,4,4,2,2,,
409,5,5,2,2,,
409,6,6,3,3,0,1
410,1,8,,,,
410,2,61,10,10,,
410,3,316,4,4,,
411,1,76,0,0,0,1
411,2,356,5,5,0,1
411,3,355,3,3,0,1
412,1,357,0,0,0,1
412,2,820,6,6,0,1
412,3,921,1,1,0,1
412,4,8,7,7,0,1
413,1,8,,,,
413,2,61,8,8,,
413,3,72,8,8,,
413,4,860,4,4,0,1
414,1,8,,,,
414,2,337,9,9,,
414,3,338,2,2,,
414,4,339,2,2,,
414,5,340,3,3,,
415,1,403,0,0,0,1
415,2,192,35,35,0,1
415,3,802,8,10,0,1
415,4,412,43,40,0,1
415,5,403,4,5,0,1
416,1,8,,,,
416,2,342,13,13,,
416,3,343,4,4,,
416,4,345,6,6,,
417,1,8,0,0,0,1
417,2,819,7,0,0,1
418,1,403,0,0,0,1
418,2,54,30,30,0,1
418,3,338,5,5,0,1
419,1,403,0,0,0,1
419,2,6,21,21,0,1
419,3,345,12,12,0,1
420,1,8,0,0,0,1
420,2,497,18,18,0,1
421,1,8,0,0,0,1
421,2,820,10,10,0,1
422,1,8,0,0,,
422,2,833,10,10,,
422,3,834,1,1,,
422,4,835,2,2,,
422,5,836,2,2,,
423,1,8,0,0,0,1
423,2,863,7,8,0,1
423,3,730,10,30,0,1
424,1,403,0,0,0,1
424,2,2,10,10,0,1
424,3,3,4,4,0,1
424,4,4,2,2,0,1
425,1,72,0,0,0,1
425,2,228,13,13,0,1
425,3,301,12,12,0,1
425,4,287,7,7,0,1
425,5,866,10,10,0,1
426,1,228,0,0,0,1
426,2,72,13,13,0,1
426,3,860,4,4,0,1
427,1,76,0,0,0,1
427,2,499,4,4,0,1
427,3,356,5,5,0,1
427,4,355,3,3,0,1
428,1,76,0,0,0,1
428,2,499,6,6,0,1
429,1,8,0,0,0,1
429,2,7,10,10,0,1
429,3,6,4,4,0,1
430,1,391,0,0,,
430,10,63,10,10,,
430,2,2,10,10,,
430,3,3,4,4,,
430,4,4,2,2,,
430,5,574,2,2,,
430,6,53,6,6,,
430,7,54,6,6,,
430,8,55,5,5,,
430,9,56,5,5,,
431,1,403,0,0,,
431,2,2,10,10,,
431,3,3,4,4,,
431,4,4,2,2,,
431,5,5,2,2,,
431,6,53,6,6,,
431,7,54,6,6,,
431,8,55,5,5,,
431,9,56,5,5,,
432,1,403,0,0,,
432,10,57,6,6,,
432,11,58,6,6,,
432,2,2,10,10,,
432,3,3,4,4,,
432,4,4,2,2,,
432,5,5,2,2,,
432,6,53,6,6,,
432,7,54,6,6,,
432,8,55,5,5,,
432,9,56,5,5,,
433,1,56,0,0,0,1
433,2,57,6,6,0,1
434,1,76,0,0,0,1
434,2,359,7,7,0,1
434,3,358,4,4,0,1
435,1,403,0,0,0,1
435,2,2,10,10,0,1
435,3,3,4,4,0,1
435,4,42,4,4,0,1
435,5,43,3,3,0,1
435,6,44,6,6,0,1
436,1,403,0,0,0,1
436,2,2,10,10,0,1
436,3,3,4,4,0,1
436,4,42,4,4,0,1
436,5,602,5,5,0,1
437,1,192,0,0,0,1
437,2,920,26,26,0,1
437,3,202,17,17,0,1
438,1,315,,,,
438,2,68,3,3,,
438,3,314,2,2,,
438,4,313,4,4,,
439,1,63,,,,
439,2,56,10,10,,
439,3,55,5,5,,
439,4,54,5,5,,
440,1,56,,,,
440,2,278,6,6,,
440,3,300,2,2,,
440,4,301,4,4,,
441,1,63,,,,
441,2,62,6,6,,
442,1,63,,,,
442,2,56,10,10,,
442,3,57,6,6,,
442,4,58,6,6,,
442,5,59,6,6,,
442,6,60,8,8,,
443,1,58,0,0,0,1
443,2,470,15,15,0,1
444,1,63,0,0,,
444,2,64,8,8,,
444,3,65,4,4,,
444,4,66,2,2,,
444,5,67,4,4,,
444,6,68,3,3,,
444,7,314,2,2,,
445,1,63,0,0,,
445,2,56,9,10,,
446,1,63,,,,
446,2,56,10,10,,
446,3,57,6,6,,
446,4,58,6,6,,
447,1,63,,,,
447,10,310,10,10,,
447,11,310,0,0,,
447,2,64,8,8,,
447,3,65,4,4,,
447,4,66,2,2,,
447,5,67,4,4,,
447,6,68,3,3,,
447,7,314,2,2,,
447,8,313,4,4,,
447,9,312,2,2,,
448,1,310,,,,
448,2,311,3,3,,
448,3,312,7,7,,
448,4,313,2,2,,
448,5,314,4,4,,
448,6,68,2,2,,
448,7,315,3,3,,
449,1,63,,,,
449,2,64,8,8,,
449,3,65,4,4,,
449,4,66,2,2,,
449,5,67,4,4,,
449,6,68,3,3,,
449,7,314,2,2,,
449,8,313,4,4,,
450,1,403,0,0,0,1
450,10,114,6,6,0,1
450,11,115,8,8,0,1
450,2,886,10,10,0,1
450,3,108,7,7,0,1
450,4,109,5,5,0,1
450,5,110,3,3,0,1
450,6,111,8,8,0,1
450,7,112,6,6,0,1
450,8,303,8,8,0,1
450,9,490,5,5,0,1
451,1,403,0,0,0,1
451,2,362,40,40,0,1
452,1,192,0,0,0,1
452,2,494,7,7,0,1
452,3,195,5,5,0,1
452,4,839,4,4,0,1
452,5,364,4,4,0,1
452,6,363,3,3,0,1
453,1,56,,,,
453,2,57,6,6,,
453,3,58,6,6,,
453,4,59,6,6,,
453,5,60,8,8,,
454,1,56,,,,
454,2,57,6,6,,
454,3,58,6,6,,
455,1,56,0,0,,
455,2,55,7,7,,
455,3,54,5,5,,
456,1,362,0,0,0,1
456,2,135,17,17,0,1
456,3,138,6,6,0,1
457,1,63,,,,
457,2,64,8,8,,
457,3,65,4,4,,
457,4,66,2,2,,
457,5,67,4,4,,
457,6,68,3,3,,
457,7,314,2,2,,
458,1,403,0,0,,
458,2,2,10,10,,
458,3,3,4,4,,
458,4,4,2,2,,
458,5,5,2,2,,
458,6,53,6,6,,
458,7,54,6,6,,
458,8,55,5,5,,
459,1,56,,,,
459,2,55,5,5,,
459,3,54,5,5,,
460,1,403,0,0,0,1
460,2,106,11,11,0,1
460,3,185,3,3,0,1
460,4,186,2,2,0,1
460,5,187,3,3,0,1
460,6,188,2,2,0,1
460,7,189,2,2,0,1
460,8,475,4,4,0,1
460,9,192,8,8,0,1
461,1,188,0,0,0,1
461,2,189,2,3,0,1
461,3,475,2,3,0,1
461,4,192,9,12,0,1
462,1,403,0,0,,
462,10,197,3,3,,
462,11,198,4,4,,
462,2,106,11,11,,
462,3,185,3,3,,
462,4,186,2,2,,
462,5,187,3,3,,
462,6,188,2,2,,
462,7,189,2,2,,
462,8,190,4,4,,
462,9,192,8,8,,
464,1,108,0,0,0,1
464,2,44,5,5,0,1
464,3,365,10,10,0,1
464,4,46,2,2,0,1
465,1,192,0,0,0,1
465,2,203,9,13,0,1
465,3,204,5,7,0,1
465,4,208,6,8,0,1
465,5,202,8,11,0,1
466,1,108,0,0,0,1
466,2,44,5,5,0,1
466,3,51,7,7,0,1
466,4,52,2,2,0,1
466,5,365,5,5,0,1
467,1,192,0,0,0,1
467,2,197,4,5,0,1
467,3,198,4,5,0,1
468,1,192,0,0,0,1
468,2,197,4,5,0,1
469,1,192,0,0,,
469,2,197,3,3,,
469,3,198,4,4,,
469,4,647,1,1,,
469,5,198,1,1,0,1
469,6,199,5,5,0,1
469,7,856,6,6,0,1
469,8,857,2,2,0,1
470,1,202,0,0,,
470,2,945,22,22,,
470,3,192,21,21,0,1
471,1,403,0,0,0,1
471,2,2,10,10,0,1
471,3,3,4,4,0,1
471,4,4,2,2,0,1
471,5,5,2,2,0,1
471,6,53,6,6,0,1
471,7,54,6,6,0,1
472,1,192,,,,
472,2,203,5,5,,
473,1,192,,,,
473,2,194,7,7,,
473,3,195,9,9,,
474,1,192,0,0,,
474,2,190,8,8,,
474,3,189,4,4,,
474,4,188,2,2,,
474,5,826,5,5,,
474,6,275,3,3,,
475,1,192,0,0,,
475,2,839,14,14,,
475,3,55,5,5,,
476,1,192,0,0,,
476,2,317,8,10,,
476,3,192,8,10,0,1
477,1,403,0,0,0,1
477,2,2,10,10,0,1
477,3,3,4,4,0,1
477,4,366,3,3,0,1
478,1,192,,,,
478,2,190,8,8,,
478,3,51,5,5,,
479,1,192,0,0,0,1
479,2,193,6,6,0,1
479,3,191,3,3,0,1
480,1,192,0,0,0,1
480,2,911,5,8,0,1
480,3,850,5,8,0,1
480,4,826,5,8,0,1
480,5,188,5,8,0,1
481,1,192,0,0,0,1
481,2,475,8,8,0,1
481,3,189,3,4,0,1
481,4,188,2,2,0,1
481,5,187,2,2,0,1
482,1,192,0,0,,
482,2,197,4,4,,
482,3,200,10,10,,
482,4,201,6,6,,
482,5,202,5,5,,
484,1,192,0,0,0,
484,2,819,7,10,0,
484,3,195,3,5,0,
484,4,838,5,8,0,
484,5,195,5,8,0,
484,6,819,3,5,0,1
484,7,192,7,10,0,1
485,1,192,0,0,0,1
485,2,200,14,14,0,1
485,3,858,7,7,0,1
485,4,201,5,5,0,1
485,5,110,3,3,0,1
485,6,923,3,3,0,1
485,7,889,5,5,0,1
486,1,192,0,0,0,1
486,2,350,19,19,0,1
486,3,844,3,3,0,1
486,4,845,3,3,0,1
487,1,192,0,0,0,1
487,2,197,3,3,0,1
487,3,647,15,15,0,1
487,4,591,12,10,0,1
488,1,192,0,0,0,1
488,2,197,4,4,0,1
488,3,859,15,15,0,1
488,4,858,3,3,0,1
489,1,858,0,0,0,1
489,2,859,3,3,0,1
489,3,283,7,7,0,1
490,1,403,0,0,,
490,10,114,11,11,,
490,11,115,8,8,,
490,2,106,11,11,,
490,3,107,5,5,,
490,4,108,9,9,,
490,5,109,5,5,,
490,6,110,3,3,,
490,7,111,8,8,,
490,8,112,6,6,,
490,9,113,8,8,,
491,1,115,,,,
491,2,291,5,5,,
492,1,115,,,,
492,2,279,5,5,,
492,3,288,4,4,,
492,4,289,5,5,,
493,1,115,,,,
493,2,290,5,5,,
493,3,291,3,3,,
493,4,280,6,6,,
494,1,115,,,,
494,2,114,8,8,,
494,3,113,11,11,,
495,1,115,,,,
495,2,809,7,7,,
495,3,904,2,2,0,1
495,4,950,2,2,0,1
496,1,115,,,,
496,2,520,10,10,,
496,3,521,7,7,,
497,1,192,0,0,0,1
497,2,802,7,9,0,1
497,3,203,2,4,0,1
497,4,920,11,15,0,1
497,5,208,7,8,0,1
497,6,202,8,9,0,1
498,1,303,,,,
498,2,302,8,8,,
498,3,354,2,2,0,1
499,1,318,,,,
499,2,305,7,7,,
499,3,303,6,6,,
500,1,303,0,0,,
500,2,304,6,6,,
501,1,303,,,,
501,2,305,7,10,,
501,3,331,2,2,,
502,1,403,0,0,,
502,2,886,10,10,,
502,3,108,7,7,,
502,4,109,5,5,,
502,5,110,3,3,,
502,6,111,8,8,,
502,7,112,6,6,,
502,8,303,8,8,0,1
504,1,403,0,0,,
504,10,521,5,5,,
504,11,114,15,15,,
504,12,115,8,8,,
504,2,106,11,11,,
504,3,107,5,5,,
504,4,108,9,9,,
504,5,109,5,5,,
504,6,110,3,3,,
504,7,111,8,8,,
504,8,112,6,6,,
504,9,113,8,8,,
505,1,403,0,0,0,1
505,2,809,70,70,0,1
506,1,115,0,0,0,1
506,2,279,5,5,0,1
506,3,288,4,4,0,1
507,1,45,0,0,0,1
507,2,113,14,14,0,1
507,3,323,6,6,0,1
507,4,115,25,25,0,1
508,1,45,0,0,0,1
508,2,113,14,14,0,1
508,3,331,7,7,0,1
508,4,115,26,26,0,1
509,1,433,0,0,0,1
509,2,432,0.3,0,0,1
509,3,402,1.1,1,0,1
509,4,311,1,1,0,1
509,5,101,0.7,1,0,1
509,6,96,0.3,0,0,1
509,7,429,0.5,1,0,1
509,8,427,7,7,0,1
510,1,403,0,0,,
510,2,106,11,11,,
510,3,107,5,5,,
512,1,959,0,0,,
512,2,868,8,8,,
512,3,869,3,3,,
512,4,249,2,2,,
512,5,250,6,6,,
513,1,391,0,0,,
513,2,225,16,16,,
514,1,403,0,0,,
514,2,247,13,13,,
514,3,248,10,10,,
514,4,249,2,2,,
515,1,391,0,0,,
515,2,841,13,13,,
515,3,842,2,2,,
515,4,250,2,2,,
515,5,827,5,5,,
515,6,896,3,3,0,1
516,1,391,0,0,,
516,2,2,10,10,,
516,3,3,4,4,,
516,4,4,2,2,,
516,5,47,4,4,,
516,6,48,4,4,,
516,7,144,1,1,0,1
517,1,391,0,0,,
517,2,2,10,10,,
517,3,3,4,4,,
517,4,42,4,4,,
517,5,569,3,3,,
518,1,422,0,0,0,1
518,2,106,13,11,0,1
518,3,107,5,5,0,1
518,4,108,9,6,0,1
520,1,391,0,0,,
520,2,2,10,10,,
520,3,3,4,4,,
520,4,4,2,2,,
520,5,5,2,2,,
520,6,53,6,6,,
520,7,54,6,6,,
521,1,391,0,0,,
521,2,2,10,10,,
521,3,3,2,4,,
521,4,42,8,4,,
521,5,43,3,3,,
521,6,44,7,6,,
521,7,861,5,5,0,1
522,1,959,0,0,,
522,10,49,10,10,,
522,11,48,1,2,,
522,12,47,3,3,,
522,13,4,5,5,0,1
522,14,3,2,2,0,1
522,15,2,5,5,0,1
522,16,391,7,7,0,1
522,2,108,17,15,,
522,3,44,4,4,,
522,4,444,4,4,,
522,5,365,2,2,,
522,6,52,8,10,,
522,7,51,2,2,,
522,8,50,3,2,,
523,1,403,0,0,,
523,2,2,10,10,,
523,3,3,4,4,,
523,4,4,2,2,,
523,5,5,2,2,,
523,6,6,3,3,,
524,1,403,0,0,,
524,2,2,10,10,,
525,1,391,0,0,,
525,2,2,10,10,,
525,3,3,5,4,,
525,4,42,6,4,,
525,5,602,6,5,,
525,6,891,3,2,0,1
526,1,959,0,0,,
526,2,408,5,5,,
526,3,329,13,13,0,1
526,4,526,0.5,3,0,1
526,5,702,5,5,,
526,6,600,6,8,0,1
526,7,375,3,3,0,1
526,8,432,4,5,0,1
527,1,403,0,0,,
527,2,607,10,10,,
527,3,87,4,4,,
527,4,608,3,3,,
527,5,328,4,4,,
527,6,293,6,6,,
527,7,815,3,3,0,1
528,1,108,,,,
528,2,107,9,9,,
529,1,108,0,0,,
529,2,107,9,9,,
529,3,106,5,5,,
530,1,403,0,0,,
530,10,175,4,4,,
530,11,176,4,4,,
530,12,177,9,9,,
530,2,106,11,11,,
530,3,168,2,2,,
530,4,169,7,7,,
530,5,170,2,2,,
530,6,171,3,3,,
530,7,172,9,9,,
530,8,173,3,3,,
530,9,174,6,6,,
531,1,403,0,0,,
531,2,106,11,11,,
531,3,168,2,2,,
531,4,169,7,7,,
531,5,170,2,2,,
531,6,171,3,3,,
531,7,172,9,9,,
532,1,501,,,,
532,2,502,6,6,,
532,3,503,12,12,,
533,1,177,,,,
533,2,176,9,9,,
533,3,175,4,4,,
533,4,174,3,3,,
533,5,173,7,7,,
533,6,172,5,5,,
534,1,172,,,,
534,2,173,5,5,,
534,3,174,7,7,,
534,4,175,3,3,,
534,5,181,8,8,,
534,6,505,4,4,,
534,7,506,7,7,0,1
534,8,867,3,3,0,1
535,1,172,,,,
535,2,173,5,5,,
535,3,174,7,7,,
535,4,175,3,3,,
535,5,176,4,4,,
535,6,177,9,9,,
536,1,501,0,0,,
536,10,525,2,2,0,1
536,2,327,7,7,,
536,3,326,4,4,,
536,4,504,5,5,,
536,5,505,4,4,,
536,6,506,6,6,,
536,7,522,6,6,0,1
536,8,523,5,5,0,1
536,9,524,3,3,0,1
537,1,501,0,0,0,1
537,2,326,7,7,0,1
537,3,822,4,4,0,1
537,4,325,5,5,0,1
537,5,505,4,4,0,1
537,6,506,6,6,0,1
537,7,828,5,5,0,1
537,8,829,7,7,0,1
538,1,177,0,0,0,1
538,2,502,5,5,0,1
538,3,503,8,10,0,1
538,4,536,6,10,0,1
538,5,503,6,10,0,1
538,6,469,4,5,0,1
538,7,502,8,10,0,1
538,8,177,5,10,0,1
539,1,177,0,0,0,1
539,2,960,8,8,0,1
539,3,961,4,4,0,1
540,1,403,0,0,,
540,2,106,11,11,,
540,3,107,5,5,,
540,4,108,9,9,,
540,5,109,5,5,,
540,6,110,5,3,,
540,7,111,8,8,,
541,1,827,0,0,0,1
541,2,896,24,24,0,1
542,1,281,,,,
542,2,108,10,10,,
543,1,184,,,,
543,2,183,5,5,,
543,3,168,7,7,,
543,4,106,2,2,,
543,5,107,5,5,,
543,6,108,9,9,,
544,1,192,0,0,0,1
544,2,804,24,24,0,1
544,3,923,12,12,0,1
545,1,192,0,0,0,1
545,2,945,19,19,0,1
545,3,920,10,10,0,1
545,4,804,4,4,0,1
545,5,883,1,1,0,1
545,6,202,8,8,0,1
546,1,8,0,0,0,1
546,2,929,11,11,0,1
547,1,108,0,0,0,1
547,2,281,11,11,0,1
547,3,110,3,3,0,1
547,4,319,3,3,0,1
547,5,111,5,5,0,1
548,1,192,0,0,0,1
548,2,110,23,23,0,1
548,3,923,3,3,0,1
550,1,403,0,0,,
550,10,95,9,9,,
550,11,74,4,4,,
550,12,75,8,8,,
550,13,76,7,7,,
550,2,2,10,10,,
550,3,3,4,4,,
550,4,4,2,2,,
550,5,5,2,5,,
550,6,6,3,3,,
550,7,7,4,4,,
550,8,8,10,10,,
550,9,227,5,5,,
551,1,76,0,0,,
551,2,77,8,8,,
551,3,299,3,3,,
552,1,76,,,,
552,2,77,6,6,,
553,1,76,0,0,,
553,2,346,4,4,,
553,3,347,2,2,,
553,4,348,2,2,,
553,5,349,4,4,,
556,1,76,0,0,0,1
556,2,497,9,9,0,1
556,3,902,8,8,0,1
558,1,497,0,0,0,1
558,2,351,9,9,0,1
558,3,76,18,18,0,1
559,1,76,0,0,0,1
559,2,74,15,15,0,1
560,1,192,0,0,0,1
560,2,197,4,4,0,1
560,3,283,9,9,0,1
560,4,200,8,8,0,1
560,5,201,6,6,0,1
560,6,202,4,4,0,1
561,1,165,,,,
561,2,164,4,4,,
561,3,163,6,6,,
561,4,138,6,6,,
562,1,192,0,0,,
562,2,200,4,4,,
562,3,201,6,6,,
562,4,202,6,6,,
562,5,889,6,6,,
563,1,403,0,0,,
563,10,138,6,6,,
563,2,106,11,11,,
563,3,107,5,5,,
563,4,108,9,9,,
563,5,109,5,5,,
563,6,134,4,4,,
563,7,135,3,3,,
563,8,136,6,6,,
563,9,137,5,5,,
564,1,138,,,,
564,2,139,12,12,,
565,1,138,,,,
565,2,137,6,6,,
565,3,136,5,5,,
565,4,135,6,6,,
566,1,138,0,0,,
566,2,163,6,6,,
566,3,164,6,6,,
566,4,165,4,4,,
567,1,403,0,0,,
567,10,138,6,6,,
567,11,163,6,6,,
567,12,164,6,6,,
567,13,603,5,5,,
567,14,604,4,4,,
567,15,605,5,5,,
567,16,606,3,3,,
567,2,106,11,11,,
567,3,107,5,5,,
567,4,108,9,9,,
567,5,109,5,5,,
567,6,134,4,4,,
567,7,135,3,3,,
567,8,136,6,6,,
567,9,137,5,5,,
568,1,606,,,,
568,2,605,3,3,,
568,3,604,5,5,,
568,4,603,4,4,,
568,5,164,5,5,,
568,6,165,6,6,,
569,1,403,0,0,0,1
569,10,281,6.5,22,0,1
569,11,108,6.5,10,0,1
569,12,885,2.75,6,0,1
569,13,886,3.8,3,0,1
569,14,403,11.3,12,0,1
569,2,886,11.3,11,0,1
569,3,885,3.8,3,0,1
569,4,108,2.75,2,0,1
569,5,109,5.1,7,0,1
569,6,319,11.1,19,0,1
569,7,444,4,9,0,1
569,8,44,4.4,5,0,1
569,9,108,5.1,6,0,1
570,1,315,,,,
570,2,334,7,7,,
570,3,333,5,5,,
571,1,63,,,,
571,2,334,18,18,,
571,3,333,6,6,,
572,1,336,,,,
572,2,335,3,3,,
573,1,138,0,0,0,
573,2,840,7,7,0,
573,3,139,4,4,0,
573,4,503,3,3,0,
573,5,506,4,4,0,1
573,6,502,8,8,0,1
573,7,501,6,6,0,1
574,1,165,0,0,0,1
574,2,837,5,5,0,1
574,3,166,4,4,0,1
575,1,403,0,0,0,1
575,2,6,21,21,0,1
575,3,345,12,12,0,1
576,1,403,0,0,0,1
576,10,51,5,5,0,1
576,11,44,13,7,0,1
576,12,108,4.4,5,0,1
576,13,44,6,8,0,1
576,14,444,3.3,8,0,1
576,15,466,3.3,5,0,1
576,16,345,3.4,5,0,1
576,17,466,4.4,4,0,1
576,18,444,5.1,4,0,1
576,19,44,4.8,3,0,1
576,2,443,7,24,0,1
576,20,108,3.5,5,15,1
576,21,885,2.75,4,0,1
576,22,906,3.5,3,0,1
576,23,107,3.5,4,0,1
576,24,106,4.5,5,0,1
576,25,107,4.5,7,0,1
576,26,906,3.5,4,0,1
576,27,885,3.5,2,0,1
576,28,886,3.8,4,0,1
576,29,403,11.3,11,0,1
576,3,2,1.6,2,0,1
576,4,427,1.4,13,0,1
576,5,569,4.4,6,0,1
576,6,42,3.1,6,0,1
576,7,602,8,6,0,1
576,8,891,4,5,0,1
576,9,50,2,3,0,1
578,1,403,0,0,0,1
578,2,106,10,10,0,1
578,3,168,7,7,0,1
578,4,183,5,5,0,1
578,5,184,7,7,0,1
580,1,403,0,0,,
580,2,330,8,8,,
580,3,329,7,7,,
583,1,272,0,0,0,1
583,10,554,1,7,0,1
583,11,964,6.5,11,0,1
583,12,537,1,1,0,1
583,13,494,2,1,0,1
583,14,192,7,6,5,1
583,15,494,7,6,0,1
583,16,195,5,3,0,1
583,17,839,4,4,0,1
583,18,364,4,11,0,1
583,19,363,3,7,0,1
583,2,535,7.5,8,0,1
583,20,839,5,9,0,1
583,21,195,3,7,0,1
583,22,494,3,2,0,1
583,23,192,7,7,0,1
583,3,963,4,3,0,1
583,4,554,6,7,0,1
583,5,350,1,1,0,1
583,6,558,2,3,0,1
583,7,958,5,4,10,1
583,8,558,5,8,0,1
583,9,350,2,6,0,1
584,1,192,0,0,0,1
584,10,919,13,10,0,1
584,11,209,13,8,0,1
584,12,208,5.5,5,0,1
584,13,204,6,6,0,1
584,14,203,5,4,0,1
584,15,802,2,14,0,1
584,16,192,6,5,30,1
584,17,494,7.5,9,0,1
584,18,195,5,6,0,1
584,19,838,3.5,10,0,1
584,2,197,5,5,0,1
584,20,839,6,10,0,1
584,21,363,5,9,0,1
584,22,364,3,4,0,1
584,23,839,4,8,0,1
584,24,195,3,5,0,1
584,25,494,3,1,0,1
584,26,192,7.5,8,0,1
584,27,475,9,13,0,1
584,28,189,1,1,0,1
584,29,188,2,1,0,1
584,3,200,9.5,10,0,1
584,30,187,2,2,0,1
584,31,272,8,8,0,1
584,32,195,5,6,0,1
584,4,909,4.5,4,0,1
584,5,201,2,3,0,1
584,6,533,8,4,0,1
584,7,202,1,3,0,1
584,8,533,1,2,0,1
584,9,209,11,11,0,1
585,1,192,0,0,0,1
585,10,964,1,2,0,1
585,11,495,11,17,0,1
585,12,963,5.5,9,0,1
585,13,535,2,4,0,1
585,14,272,7.5,9,0,1
585,2,197,5,7,0,1
585,3,192,5,7,0,1
585,4,197,5,3,0,1
585,5,198,3,4,0,1
585,6,197,3,7,0,1
585,7,192,5,4,15,1
585,8,494,7.5,6,0,1
585,9,537,1.5,2,0,1
586,1,192,0,0,0,1
586,10,533,3,10,0,1
586,11,208,7.5,9,0,1
586,12,207,4,4,0,1
586,13,804,1.5,3,0,1
586,14,204,5.5,4,0,1
586,15,203,5,5,0,1
586,16,802,2,1,0,1
586,17,192,6,6,0,1
586,18,494,7.5,9,0,1
586,19,195,5,2,0,1
586,2,197,5,4,0,1
586,20,839,4,5,0,1
586,21,364,4,8,0,1
586,22,363,3,5,0,1
586,23,839,5,11,0,1
586,24,195,3,7,0,1
586,25,494,3,3,0,1
586,26,192,7,7,0,1
586,3,200,11,9,0,1
586,4,909,5,5,0,1
586,5,201,1,2,0,1
586,6,548,4,3,0,1
586,7,923,10,6,0,1
586,8,889,4.5,6,0,1
586,9,923,4.5,6,0,1
587,1,192,0,0,0,1
587,10,192,10,10,0,1
587,2,475,9,10,0,1
587,3,189,2,3,0,1
587,4,188,2,3,0,1
587,5,187,3,5,0,1
587,6,188,3,5,0,1
587,7,530,5,5,0,1
587,8,528,4,4,0,1
587,9,550,2,5,0,1
588,1,192,0,0,0,1
588,10,475,1,2,0,1
588,11,192,9,5,0,1
588,12,494,7,11,0,1
588,13,195,5,4,0,1
588,14,839,4,6,0,1
588,15,364,4,8,0,1
588,16,363,3,3,0,1
588,17,839,5,8,0,1
588,18,195,3,6,0,1
588,19,494,3,2,0,1
588,2,197,5,4,0,1
588,20,192,7,6,0,1
588,3,192,5,4,10,1
588,4,475,9,7,0,1
588,5,189,1,3,0,1
588,6,188,2,3,0,1
588,7,187,2,3,0,1
588,8,188,2,5,0,1
588,9,189,2,1,0,1
589,1,192,0,0,0,1
589,10,190,1,2,0,1
589,11,192,6,6,0,1
589,2,190,6,6,0,1
589,3,556,1,2,0,1
589,4,191,2,3,0,1
589,5,819,3,5,0,1
589,6,493,4,5,0,1
589,7,819,4,5,0,1
589,8,191,3,5,0,1
589,9,556,2,3,0,1
590,1,192,0,0,0,1
590,2,591,15,15,0,1
591,1,403,0,0,0,1
591,2,225,15,20,0,1
592,1,225,0,0,0,1
592,2,198,12,12,0,1
592,3,199,4,4,0,1
593,1,192,0,0,0,1
593,2,588,20,20,0,1
594,1,177,0,0,0,1
594,2,616,9,9,0,1
594,3,617,4,4,0,1
594,4,592,2,2,0,1
595,1,501,0,0,0,1
595,2,516,10,10,0,1
595,3,517,3,3,0,1
595,4,504,5,5,0,1
595,5,505,8,8,0,1
595,6,506,6,6,0,1
596,1,172,0,0,0,1
596,2,175,15,26,0,1
596,3,176,3.7,12,0,1
596,4,177,9,7,0,1
597,1,177,0,0,0,1
597,2,176,9,10,0,1
597,3,894,9,15,0,1
597,4,895,3,5,0,1
597,5,894,3,5,0,1
597,6,175,13,15,0,1
597,7,172,15,15,0,1
598,1,177,0,0,0,1
598,2,944,8,6,0,1
598,3,177,8,8,0,1
598,4,176,9,13,0,1
598,5,517,3.7,4,0,1
598,6,172,15,14,0,1
599,1,172,0,0,0,1
599,10,326,4.8,4,0,1
599,11,177,6.5,5,0,1
599,12,516,9,15,0,1
599,13,517,3.7,5,0,1
599,14,172,15,19,0,1
599,2,467,2,8,0,1
599,3,517,17,23,0,1
599,4,504,9.4,7,0,1
599,5,505,3,8,0,1
599,6,506,8.3,6,0,1
599,7,505,8.3,6,0,1
599,8,504,3,2,0,1
599,9,822,3.5,3,0,1
600,1,63,0,0,0,1
600,2,64,8,8,0,1
601,1,63,,,,
601,2,321,11,11,,
601,3,322,4,4,,
602,1,63,0,0,0,1
602,2,62,6,6,0,1
602,3,322,12,12,0,1
603,1,403,0,0,0,1
603,2,106,11,11,0,1
603,3,107,5,5,0,1
603,4,108,9,9,0,1
604,1,95,0,0,0,1
604,2,378,14,14,0,1
604,3,497,7,7,0,1
605,1,497,0,0,0,1
605,2,380,14,14,0,1
606,1,381,0,0,0,1
606,2,383,8,8,0,1
606,3,384,6,6,0,1
607,1,381,0,0,0,1
607,2,385,9,9,0,1
610,1,165,0,0,,
610,2,837,5,5,,
610,3,166,4,4,,
610,4,830,2,2,,
610,5,65,2,2,,
610,6,831,2,2,,
610,7,27,9,9,0,1
611,1,326,0,0,0,1
611,10,177,5,8,0,1
611,11,944,8,11,0,1
611,12,177,8,9,0,1
611,2,822,4.8,4,0,1
611,3,504,3.5,3,0,1
611,4,477,5.3,5,0,1
611,5,878,3.6,5,0,1
611,6,477,3.6,5,0,1
611,7,504,5.3,5,0,1
611,8,822,3.5,6,0,1
611,9,326,4.8,4,0,1
612,1,165,0,0,0,1
612,2,876,11,11,0,1
613,1,501,0,0,0,1
613,2,176,9,9,0,1
613,3,894,9,8,0,1
613,4,895,3,4,0,1
614,1,917,0,0,0,1
614,2,133,3,3,0,1
614,3,138,23,23,0,1
615,1,877,0,0,0,1
615,2,502,10,10,0,1
615,3,501,6,6,0,1
616,1,501,0,0,0,1
616,2,327,7,7,0,1
616,3,326,4,4,0,1
616,4,504,5,5,0,1
616,5,878,10,10,0,1
617,1,501,0,0,0,1
617,2,502,6,6,0,1
618,1,403,0,0,0,1
618,10,175,4,4,0,1
618,11,181,8,8,0,1
618,12,878,10,10,0,1
618,2,106,11,11,0,1
618,3,168,2,2,0,1
618,4,169,7,7,0,1
618,5,170,2,2,0,1
618,6,171,3,3,0,1
618,7,172,9,9,0,1
618,8,173,3,3,0,1
618,9,174,6,6,0,1
619,1,202,0,0,0,1
619,2,858,9,9,0,1
619,3,200,7,7,0,1
619,4,197,10,10,0,1
619,5,192,4,4,0,1
620,1,44,,,,
620,2,297,3,3,,
620,3,51,3,3,,
620,4,52,3,3,,
620,5,46,6,6,,
620,6,111,7,7,,
620,7,110,8,8,,
620,8,109,3,3,,
620,9,108,5,5,,
621,1,533,0,0,0,1
621,2,209,8,10,0,1
621,3,208,6,5,0,1
621,4,207,4,5,0,1
621,5,804,2,5,0,1
621,6,204,4,5,0,1
621,7,203,5,5,0,1
621,8,192,10,10,0,1
622,1,403,0,0,0,1
622,2,106,11,11,0,1
623,1,56,0,0,0,1
623,2,875,8.4,10,0,1
623,3,874,5,5,0,1
624,1,138,0,0,0,1
624,2,840,7,7,0,1
625,1,108,0,0,0,1
625,2,906,5,5,0,1
625,3,907,2,2,0,1
626,1,403,0,0,0,1
626,2,225,16,16,0,1
626,3,197,15,15,0,1
626,4,192,3,3,0,1
627,1,177,0,0,0,1
627,2,326,6.5,8,0,1
627,3,822,4.8,6,0,1
627,4,504,3.5,3,0,1
627,5,477,5.5,9,0,1
627,6,878,3.7,7,0,1
629,1,283,0,0,0,1
629,2,858,10,10,0,1
629,3,200,7,7,0,1
629,4,197,10,10,0,1
629,5,192,3,3,0,1
630,1,884,0,0,0,1
630,2,202,10,10,0,1
631,1,202,0,0,0,1
631,2,888,6,6,0,1
631,3,889,5,5,0,1
632,1,192,0,0,0,1
632,2,190,8,8,0,1
632,3,191,3,3,0,1
632,4,317,2,2,0,1
632,5,51,6,6,0,1
634,1,192,0,0,0,1
634,2,826,11,15,0,1
634,3,275,6,10,0,1
635,1,192,0,0,0,1
635,2,475,8,10,0,1
635,3,189,2,3,0,1
635,4,188,2,3,0,1
635,5,187,4,4,0,1
635,6,272,7,10,0,1
636,1,882,0,0,0,1
636,2,106,8,8,0,1
636,3,107,5,5,0,1
636,4,108,9,9,0,1
637,1,108,0,0,0,1
637,2,885,3,3,0,1
637,3,886,4,4,0,1
637,4,403,10,10,0,1
638,1,192,0,0,0,1
638,2,197,4,4,0,1
638,3,200,10,10,0,1
638,4,202,11,11,0,1
639,1,202,0,0,0,1
639,2,909,6,6,0,1
640,1,177,0,0,0,1
640,10,477,5.3,9,0,1
640,11,878,3.6,6,0,1
640,12,477,3.6,5,0,1
640,13,504,5.3,8,0,1
640,14,822,3.5,5,0,1
640,15,326,4.8,4,0,1
640,2,944,8,7,0,1
640,3,177,8,7,0,1
640,7,326,5,13,0,1
640,8,822,4.8,6,0,1
640,9,504,3.5,3,0,1
641,1,138,0,0,0,1
641,2,807,14,14,0,1
642,1,303,0,0,0,1
642,2,111,7,10,0,1
643,1,172,0,0,0,1
643,2,173,3,3,0,1
643,3,174,6,6,0,1
643,4,175,4,4,0,1
643,5,181,8,8,0,1
643,6,505,4,4,0,1
643,7,506,7,7,0,1
643,8,867,3,3,0,1
644,1,108,0,0,0,1
644,2,184,19,19,0,1
645,1,8,0,0,0,1
645,2,285,8,8,0,1
645,3,899,2,2,0,1
645,4,806,3,3,0,1
645,5,801,1,1,0,1
646,1,63,0,0,0,1
646,2,900,19,19,0,1
647,1,63,0,0,0,1
647,2,901,12,12,0,1
648,1,315,0,0,0,1
648,2,901,20,20,0,1
650,1,403,0,0,0,1
650,10,890,7,7,0,1
650,2,106,11,11,0,1
650,3,107,5,5,0,1
650,4,108,9,9,0,1
650,5,109,5,5,0,1
650,6,110,3,3,0,1
650,7,111,8,8,0,1
650,8,112,6,6,0,1
650,9,113,8,8,0,1
652,1,303,0,0,0,1
652,2,112,3.5,5,0,1
652,3,111,6,10,0,1
652,4,515,4.5,8,0,1
652,5,138,8.5,10,0,1
653,1,138,0,0,0,1
653,2,876,11,15,0,1
654,1,63,0,0,0,1
654,2,874,15,20,0,1
657,1,304,0,0,0,1
657,2,302,7,10,0,1
657,3,303,4,5,0,1
657,4,115,25,30,0,1
659,1,108,0,0,0,1
659,2,885,3,3,0,1
659,3,886,4,4,0,1
659,4,403,10,10,0,1
661,1,115,0,0,0,1
661,2,935,8,8,0,1
661,3,903,6,6,0,1
663,1,63,0,0,0,1
663,10,403,10,10,0,1
663,2,56,10,10,0,1
663,3,55,5,5,0,1
663,4,54,5,5,0,1
663,5,53,6,6,0,1
663,6,5,6,6,0,1
663,7,4,2,2,0,1
663,8,3,2,2,0,1
663,9,2,4,4,0,1
664,1,8,0,0,0,1
664,2,910,35,35,0,1
664,3,349,5,5,0,1
666,1,76,0,0,0,1
666,2,346,4,4,0,1
666,3,347,2,2,0,1
669,1,76,0,0,0,1
669,2,497,9,9,0,1
669,3,351,9,9,0,1
669,4,905,2,2,0,1
673,1,403,0,0,0,1
673,2,2,10,10,0,1
673,3,3,4,4,0,1
673,4,42,4,4,0,1
675,1,8,0,0,0,1
675,2,897,13,13,0,1
676,1,8,0,0,0,1
676,2,74,18,18,0,1
676,3,76,15,15,0,1
679,1,403,0,0,0,1
679,10,223,3,5,0,1
679,11,224,17,15,0,1
679,2,106,10,10,0,1
679,3,192,25,20,0,1
679,4,204,15,10,0,1
679,5,211,11,20,0,1
679,6,215,38,30,0,1
679,7,219,19,20,0,1
679,8,220,10,10,0,1
679,9,222,17,10,0,1
680,1,403,0,0,0,1
680,2,106,11,11,0,1
680,3,107,5,5,0,1
680,4,108,9,9,0,1
680,5,281,10,10,0,1
681,1,281,0,0,0,1
681,2,108,10,10,0,1
682,1,403,0,0,0,1
682,2,106,11,11,0,1
682,3,168,2,2,0,1
682,4,183,7,7,0,1
682,5,184,5,5,0,1
683,1,403,0,0,,1
683,2,106,11,11,0,1
683,3,107,5,5,0,1
683,4,108,9,9,0,1
684,1,405,0,0,0,1
684,2,433,5,5,0,1
685,1,108,0,0,0,1
685,2,44,8,10,0,1
685,3,111,15,15,0,1
687,1,403,0,0,0,1
687,10,515,2,3,0,1
687,11,138,9,10,0,1
687,12,887,4,5,0,1
687,13,137,4,3,0,1
687,14,136,3,3,0,1
687,15,472,5,5,0,1
687,16,136,5.5,13,0,1
687,17,137,2.5,3,0,1
687,18,887,4,4,0,1
687,19,138,4,2,0,1
687,2,886,11,10,0,1
687,3,885,4,4,0,1
687,4,108,3,2,0,1
687,5,109,5,8,0,1
687,6,134,11,3,0,1
687,7,362,3,7,30,1
687,8,577,4,5,0,1
687,9,968,3,5,0,1
688,1,108,0,0,0,1
688,2,187,3,3,0,1
689,1,106,0,0,0,1
689,2,107,5,5,0,1
689,3,108,9,9,0,1
690,1,399,0,0,0,1
690,2,394,1.5,5,0,1
690,3,404,1,3,0,1
690,4,417,0.5,2,0,1
690,5,392,0.5,3,0,1
690,6,601,0.8,2,0,1
690,7,413,0.7,5,0,1
694,1,404,0,0,0,1
694,2,391,1,10,0,1
694,3,429,2.5,5,0,1
695,1,108,0,0,0,1
695,2,106,15,15,0,1
696,1,403,0,0,0,1
696,2,841,13,13,0,1
698,1,452,0,0,0,1
698,2,549,5,10,0,1
701,1,138,0,0,0,1
701,10,887,4,7,0,1
701,11,137,4,4,0,1
701,12,534,2,4,0,1
701,13,473,6,8,0,1
701,14,551,3,6,0,1
701,15,472,6,11,0,1
701,16,136,5.5,7,0,1
701,17,137,2.5,2,0,1
701,18,887,4,4,0,1
701,19,138,4,2,0,1
701,2,887,4,10,0,1
701,3,137,4,6,0,1
701,4,136,2.5,3,0,1
701,5,472,5.5,9,0,1
701,6,136,5.5,8,0,1
701,7,137,2.5,2,0,1
701,8,887,4,5,0,1
701,9,138,4,3,15,1
703,1,59,0,0,0,1
703,2,403,58,58,0,1
703,3,177,60,60,0,1
703,4,182,45,45,0,1
708,1,138,0,0,0,1
708,10,887,4,4,0,1
708,11,138,4,4,0,1
708,2,887,4,6,0,1
708,3,137,4,4,0,1
708,4,534,2,3,0,1
708,5,473,6,9,0,1
708,6,551,3,5,0,1
708,7,472,6,11,0,1
708,8,136,5.5,6,0,1
708,9,137,2.5,1,0,1
710,1,59,,,,
710,2,138,46,46,0,1
710,3,177,32,32,0,1
710,4,182,45,45,0,1
710,5,817,92,92,0,1
711,1,403,0,0,0,1
711,2,868,8,10,0,1
711,3,869,3,3,0,1
711,4,249,2,2,0,1
711,5,251,7,7,0,1
711,6,252,8,8,0,1
711,7,253,6,6,0,1
711,8,565,23,19,0,1
711,9,259,24,35,0,1
712,1,432,0,0,0,1
712,10,417,0.8,1,0,1
712,11,391,0.5,1,0,1
712,12,390,0.7,1,0,1
712,13,389,0.3,0,0,1
712,14,388,0.3,0,0,1
712,15,393,0.3,0,0,1
712,16,387,0.3,0,0,1
712,17,386,0.5,1,0,1
712,2,433,0.3,0,0,1
712,3,401,0.7,1,0,1
712,4,425,0.4,1,0,1
712,5,344,0.4,1,0,1
712,6,416,0.2,1,0,1
712,7,369,0.3,1,0,1
712,8,370,0.7,1,0,1
712,9,404,0.8,1,0,1
713,1,59,0,0,0,1
713,2,403,58,58,0,1
713,3,254,45,45,0,1
713,4,257,12,12,0,1
714,1,403,0,0,0,1
714,2,225,15,15,0,1
714,3,192,20,20,0,1
715,1,192,0,0,0,1
715,2,552,20,30,0,1
717,1,192,0,0,0,1
717,2,363,22,25,0,1
721,1,187,0,0,0,1
721,2,188,2,3,0,1
721,3,530,4,5,0,1
721,4,550,6,7,0,1
721,5,192,9,10,0,1
722,1,403,0,0,,
722,10,234,6,6,,
722,11,235,9,9,,
722,12,236,9,9,,
722,13,237,6,6,,
722,14,241,5,5,,
722,15,242,10,10,,
722,16,243,10,10,,
722,17,244,5,5,,
722,18,245,14,14,,
722,19,224,16,16,,
722,2,225,15,15,,
722,3,226,7,7,,
722,4,579,3,3,,
722,5,229,13,13,,
722,6,230,6,6,,
722,7,231,7,7,,
722,8,232,12,12,,
722,9,233,7,7,,
723,1,109,0,0,0,1
723,10,230,6,6,0,1
723,11,231,7,7,0,1
723,12,232,12,12,0,1
723,13,233,7,7,0,1
723,14,234,6,6,0,1
723,15,235,9,9,0,1
723,16,236,9,9,0,1
723,17,237,6,6,0,1
723,18,241,4,4,0,1
723,19,242,10,10,0,1
723,2,108,5,5,0,1
723,20,243,10,10,0,1
723,21,244,5,5,0,1
723,22,245,14,14,0,1
723,23,246,16,16,0,1
723,3,107,9,9,0,1
723,4,106,5,5,0,1
723,5,403,11,11,0,1
723,6,225,16,16,0,1
723,7,226,7,7,0,1
723,8,227,3,3,0,1
723,9,229,13,13,0,1
724,1,59,0,0,0,1
724,2,403,58,58,0,1
724,3,232,64,64,0,1
724,4,235,22,22,0,1
724,5,237,15,15,0,1
724,6,243,24,24,0,1
724,7,245,19,19,0,1
724,8,246,16,16,0,1
725,1,51,0,0,0,1
725,2,317,7,7,0,1
725,3,192,9,9,0,1
727,1,192,0,0,0,1
727,2,193,6,6,0,1
729,1,59,0,0,0,1
729,2,8,41,41,0,1
729,3,11,33,33,0,1
729,4,17,30,30,0,1
729,5,22,38,38,0,1
730,1,138,0,0,0,1
730,10,887,4,5,0,1
730,11,138,4,4,0,1
730,12,887,4,8,0,1
730,13,137,4,5,0,1
730,14,887,4,6,0,1
730,15,138,4,7,0,1
730,2,887,4,4,0,1
730,3,137,4,5,0,1
730,4,136,2.5,2,0,1
730,5,472,5.5,5,0,1
730,6,551,6,13,0,1
730,7,473,3,8,0,1
730,8,534,6,10,0,1
730,9,137,2,5,0,1
731,1,403,0,0,,
731,10,203,5,5,,
731,11,204,9,9,,
731,12,210,7,7,,
731,13,211,4,4,,
731,14,212,3,3,,
731,15,213,5,5,,
731,16,214,14,14,,
731,17,215,16,16,,
731,18,219,19,19,,
731,19,220,8,8,,
731,2,106,11,11,,
731,20,221,10,10,,
731,21,222,10,10,,
731,22,223,3,3,,
731,23,224,12,12,,
731,3,185,3,3,,
731,4,186,2,2,,
731,5,187,3,3,,
731,6,188,2,2,,
731,7,189,2,2,,
731,8,190,4,4,,
731,9,192,8,8,,
734,1,425,0,0,0,1
734,10,389,0.3,2,0,1
734,11,388,0.3,2,0,1
734,12,393,0.3,2,0,1
734,13,387,0.3,2,0,1
734,14,386,0.5,2,0,1
734,2,344,0.4,2,0,1
734,3,416,0.2,2,0,1
734,4,369,0.3,2,0,1
734,5,370,0.7,2,0,1
734,6,404,0.8,2,0,1
734,7,417,0.8,2,0,1
734,8,391,0.5,2,0,1
734,9,390,0.7,2,0,1
735,1,177,0,0,0,1
735,10,506,3.4,7,0,1
735,11,505,8.3,9,0,1
735,12,504,3,2,0,1
735,13,822,3.5,3,0,1
735,14,326,4.8,6,0,1
735,15,177,5,7,0,1
735,2,326,6.5,6,0,1
735,3,822,4.8,3,0,1
735,4,504,3.5,3,0,1
735,5,505,3,3,0,1
735,6,506,8.3,5,0,1
735,7,828,3.4,3,0,1
735,8,829,7,5,0,1
735,9,828,7,13,0,1
736,1,211,0,0,0,1
736,2,204,10,15,0,1
736,3,192,14,15,0,1
736,4,197,5,5,0,1
736,5,198,3,5,0,1
736,6,552,12,20,0,1
737,1,177,0,0,0,1
737,10,536,5.9,8,0,1
737,11,503,5.5,6,0,1
737,12,502,8.5,8,0,1
737,13,177,5.1,6,0,1
737,2,176,9,9,0,1
737,3,894,8.7,9,0,1
737,4,895,3,4,0,1
737,5,894,3,4,0,1
737,6,176,8.7,11,0,1
737,7,177,9,10,0,1
737,8,502,5,5,0,1
737,9,469,6,6,0,1
738,1,177,0,0,0,1
738,10,502,5,10,0,1
738,11,503,8.5,9,0,1
738,12,536,5.5,7,0,1
738,13,469,5.9,7,0,1
738,14,502,6.1,8,0,1
738,15,177,5,3,0,1
738,2,176,9,9,0,1
738,3,175,3.7,4,0,1
738,4,172,15,12,0,1
738,5,175,15,19,0,1
738,6,176,3.7,1,0,1
738,7,177,9,8,0,1
738,8,944,8,15,0,1
738,9,177,8,5,0,1
739,1,177,0,0,0,1
739,10,502,0,7,0,1
739,11,503,0,8,0,1
739,12,536,0,6,0,1
739,13,469,0,7,0,1
739,14,502,0,6,0,1
739,15,177,0,4,0,1
739,2,176,0,9,0,1
739,3,517,0,3,0,1
739,4,172,0,14,0,1
739,5,517,0,14,0,1
739,6,176,0,4,0,1
739,7,177,0,9,10,1
739,8,944,0,6,0,1
739,9,177,0,8,0,1
740,1,272,0,0,0,1
740,2,403,21,30,0,1
741,1,59,0,0,0,1
741,2,138,45,45,0,1
741,3,143,52,52,0,1
741,4,145,18,18,0,1
741,5,156,34,34,0,1
741,6,162,36,36,0,1
741,7,931,50,50,0,1
742,1,403,0,0,0,1
742,2,215,141,141,0,1
742,3,915,47,47,0,1
742,4,916,47,47,0,1
743,1,177,0,0,0,1
743,10,895,3,4,0,1
743,11,894,3,7,0,1
743,12,516,8.7,9,0,1
743,13,177,9,8,0,1
743,2,502,5,11,0,1
743,3,469,6,6,0,1
743,4,536,5.9,8,0,1
743,5,503,5.5,5,0,1
743,6,502,8.5,8,0,1
743,7,177,5,5,0,1
743,8,516,9,9,0,1
743,9,894,8.7,13,0,1
744,1,572,0,0,0,1
744,2,507,10,12,0,1
744,3,506,14.4,32,0,1
744,4,505,8.3,11,0,1
744,5,504,3,3,0,1
744,6,822,3.5,6,0,1
744,7,326,4.8,7,0,1
744,8,177,6.5,7,0,1
745,1,177,0,0,0,1
745,2,326,6.5,13,0,1
745,3,822,4.8,4,0,1
745,4,504,3.5,5,0,1
745,5,505,3,5,0,1
745,6,506,8.3,10,0,1
745,7,507,14.4,23,0,1
745,8,572,10,16,0,1
746,1,519,0,0,0,1
746,10,77,2.7,2,0,1
746,11,299,3.5,4,0,1
746,12,77,3.5,14,0,1
746,13,922,2.7,7,0,1
746,14,76,5.7,13,0,1
746,2,902,10,15,0,1
746,3,349,1.5,1,0,1
746,4,902,1.5,6,0,1
746,5,348,2.3,3,0,1
746,6,347,2,4,0,1
746,7,346,2.2,7,0,1
746,8,76,4.5,7,0,1
746,9,922,5.7,7,0,1
747,1,76,0,0,0,1
747,10,346,4.5,9,0,1
747,11,347,2.2,4,0,1
747,12,348,2,3,0,1
747,13,902,2.5,5,0,1
747,14,349,1.5,3,0,1
747,15,902,1.5,3,0,1
747,16,519,10,10,0,1
747,2,922,5.7,7,0,1
747,3,77,2.7,2,0,1
747,4,299,3.5,7,0,1
747,5,77,3.5,5,0,1
747,6,922,2.7,2,0,1
747,7,76,5.7,5,30,1
747,8,481,6,12,0,1
747,9,76,6,8,0,1
748,1,76,0,0,0,1
748,10,348,2,3,0,1
748,11,902,2.3,4,0,1
748,12,349,1.5,3,0,1
748,13,902,2.3,3,0,1
748,14,519,10,12,0,1
748,2,922,5.7,14,0,1
748,3,77,2.7,2,0,1
748,4,299,3.5,5,0,1
748,5,77,2.7,4,0,1
748,6,922,2.7,3,0,1
748,7,76,5.7,4,0,1
748,8,346,4.5,10,0,1
748,9,347,2.2,3,0,1
749,1,8,0,0,0,1
749,10,351,4,4,0,1
749,11,497,7,13,0,1
749,12,76,9.5,12,0,1
749,13,922,6,10,0,1
749,14,76,6,20,0,1
749,2,863,6.5,4,0,1
749,3,820,1.5,2,0,1
749,4,357,5,3,0,1
749,5,72,3.5,2,0,1
749,6,860,3,2,0,1
749,7,941,3,3,0,1
749,8,445,4,3,0,1
749,9,941,4,12,0,1
750,1,552,0,0,0,1
750,2,192,20,20,0,1
750,3,204,14,15,0,1
750,4,633,5,10,0,1
750,5,714,6,7,0,1
750,6,713,5,8,0,1
751,1,571,0,0,0,1
751,10,941,4,5,0,1
751,11,860,3,2,0,1
751,12,72,3,3,0,1
751,13,357,3,2,0,1
751,14,820,5.5,4,0,1
751,15,863,1.5,2,0,1
751,16,8,6,4,0,1
751,2,76,2,6,0,1
751,3,922,6,13,0,1
751,4,76,6,8,0,1
751,5,571,2,13,20,1
751,6,497,7,10,0,1
751,7,351,7,10,0,1
751,8,941,4,5,0,1
751,9,445,4,3,0,1
753,1,59,0,0,0,1
753,2,111,32,32,0,1
753,3,115,33,33,0,1
753,4,125,47,47,0,1
753,5,130,31,31,0,1
754,1,403,0,0,0,1
754,2,886,11.3,10,0,1
754,3,885,3.8,3,0,1
754,4,108,2.75,2,0,1
754,5,107,9,9,0,1
754,6,106,5,5,0,1
754,7,403,11,11,0,1
755,1,8,0,0,0,1
755,10,499,3.68,6,0,1
755,11,356,4.48,10,0,1
755,12,76,4.32,7,0,1
755,13,346,4.4,13,0,1
755,14,76,4.4,14,0,1
755,2,459,4.64,8,0,1
755,3,227,2.08,2,0,1
755,4,95,9.12,7,0,1
755,5,519,2.56,2,0,1
755,6,497,3.68,3,0,1
755,7,76,9.44,8,0,1
755,8,481,5.76,9,0,1
755,9,76,5.76,14,0,1
756,1,76,0,0,0,1
756,10,922,6.24,4,0,1
756,11,77,2.72,2,0,1
756,12,76,8.4,6,0,1
756,13,497,9.44,8,0,1
756,14,227,15.52,13,0,1
756,15,459,2.16,2,0,1
756,16,8,4.64,3,0,1
756,2,356,4.32,7,0,1
756,3,355,2.8,4,0,1
756,4,356,2.8,3,0,1
756,5,499,4.56,5,0,1
756,6,76,3.68,11,25,1
756,7,922,5.6,9,0,1
756,8,77,2.72,2,0,1
756,9,299,3.52,3,0,1
757,1,76,0,0,0,1
757,10,95,2.56,2,0,1
757,11,227,9.6,8,0,1
757,12,459,2.16,2,0,1
757,13,8,4.64,3,0,1
757,2,356,4.32,9,0,1
757,3,355,2.8,4,0,1
757,4,356,2.8,5,0,1
757,5,499,6.16,4,0,1
757,6,76,3.68,5,0,1
757,7,346,4.32,8,0,1
757,8,347,2.24,5,0,1
757,9,519,17.28,11,0,1
758,1,76,0,0,0,1
758,10,76,2,5,0,1
758,2,356,4.3,14,0,1
758,3,355,2.8,3,0,1
758,4,356,2.8,15,0,1
758,5,76,4.3,7,0,1
758,6,359,6.5,14,0,1
758,7,802,4,7,0,1
758,8,76,2.3,2,0,1
758,9,571,2,8,0,1
759,1,76,0,0,0,1
759,10,356,2.8,8,0,1
759,11,355,2.8,4,0,1
759,12,356,2.8,3,0,1
759,13,76,4.32,4,0,1
759,14,802,2.4,4,0,1
759,15,359,3.84,5,0,1
759,16,76,5.68,2,0,1
759,2,346,4.4,10,0,1
759,3,347,2.24,5,0,1
759,4,348,2,3,0,1
759,5,349,3.84,6,0,1
759,6,902,1.6,2,0,1
759,7,497,8.64,10,0,1
759,8,76,9.44,9,20,1
759,9,499,3.68,5,0,1
760,1,76,0,0,0,1
760,2,481,6.4,15,0,1
760,3,76,6.4,13,0,1
760,4,802,2.4,15,0,1
760,5,359,3.84,5,0,1
760,6,76,5.68,7,0,1
761,1,403,0,0,,
761,10,294,30,30,0,1
761,11,306,8,8,0,1
761,12,295,62,62,0,1
761,2,108,25,25,0,1
761,3,109,5,5,0,1
761,4,113,25,25,0,1
761,5,115,19,19,0,1
761,6,117,18,18,0,1
761,7,118,7,7,0,1
761,8,119,15,15,0,1
761,9,122,24,24,0,1
762,1,403,0,0,,
762,2,8,35,35,0,1
762,3,76,33,33,0,1
762,4,309,40,40,0,1
762,5,31,52,52,0,1
762,6,37,50,50,0,1
763,1,519,0,0,0,1
763,10,497,9,12,0,1
763,11,445,5,7,0,1
763,12,941,4,8,0,1
763,13,351,4,7,0,1
763,14,497,7,14,0,1
763,15,448,5,13,0,1
763,16,447,1,3,0,1
763,17,497,5,8,0,1
763,2,95,2.5,9,0,1
763,3,378,4,3,0,1
763,4,95,4,6,0,1
763,5,519,2.5,5,0,1
763,6,497,4,4,0,1
763,7,902,9,8,0,1
763,8,348,2,3,0,1
763,9,902,2,5,0,1
764,1,403,0,0,,
764,2,76,68,68,,
764,3,309,40,40,,
764,4,31,52,52,,
764,5,37,50,50,,
764,6,39,73,73,,
765,1,109,0,0,0,1
765,2,403,23,0,0,1
765,3,257,80,0,0,1
765,4,259,95,0,0,1
765,5,240,145,0,0,1
765,6,224,180,0,0,1
765,7,931,180,0,0,1
765,8,37,230,0,0,1
766,1,59,0,0,0,1
766,2,63,20,20,0,1
766,3,298,75,75,0,1
766,4,295,105,105,0,1
767,1,59,0,0,0,1
767,2,403,58,58,0,1
767,3,232,64,64,0,1
767,4,235,22,22,0,1
767,5,237,15,15,0,1
767,6,243,24,24,0,1
767,7,245,19,19,0,1
767,8,246,16,16,0,1
768,1,59,0,0,0,1
768,2,403,58,58,0,1
768,3,254,45,45,0,1
768,4,257,12,12,0,1
769,1,403,0,0,,
769,2,63,50,50,,
769,3,298,70,70,,
769,4,295,100,100,,
770,1,403,0,0,,
770,2,8,35,35,,
770,3,76,33,33,,
770,4,77,6,6,,
770,5,83,41,41,,
770,6,85,20,20,,
770,7,294,30,30,,
770,8,306,8,8,,
770,9,295,70,70,,
771,1,403,0,0,,
771,2,115,74,74,,
771,3,118,25,25,,
771,4,119,15,15,,
771,5,294,20,20,,
771,6,295,76,76,,
772,1,257,0,0,0,1
772,10,122,24,24,0,1
772,2,254,14,14,0,1
772,3,403,58,58,0,1
772,4,108,25,25,0,1
772,5,113,30,30,0,1
772,6,115,19,19,0,1
772,7,117,18,18,0,1
772,8,118,7,7,0,1
772,9,119,15,15,0,1
773,1,257,0,0,0,1
773,10,141,13,13,0,1
773,11,143,14,14,0,1
773,12,145,19,19,0,1
773,2,254,14,14,0,1
773,3,403,58,58,0,1
773,4,106,11,11,0,1
773,5,108,14,14,0,1
773,6,109,5,5,0,1
773,7,135,7,7,0,1
773,8,138,17,17,0,1
773,9,139,12,12,0,1
774,1,257,0,0,0,1
774,10,160,24,24,0,1
774,11,162,18,18,0,1
774,2,254,12,12,0,1
774,3,403,45,45,0,1
774,4,108,25,25,0,1
774,5,135,29,29,0,1
774,6,141,25,25,0,1
774,7,143,14,14,0,1
774,8,145,19,19,0,1
774,9,156,33,33,0,1
775,1,403,0,0,0,1
775,2,63,50,50,0,1
775,3,298,70,70,0,1
775,4,65,29,29,0,1
775,5,125,20,20,0,1
775,6,130,31,31,0,1
776,1,403,0,0,0,1
776,10,114,11,11,0,1
776,11,115,8,8,0,1
776,12,116,10,10,0,1
776,13,117,8,8,0,1
776,14,118,7,7,0,1
776,15,119,15,15,0,1
776,16,120,9,9,0,1
776,17,121,7,7,0,1
776,18,122,8,8,0,1
776,2,106,11,11,0,1
776,3,107,5,5,0,1
776,4,108,9,9,0,1
776,5,109,5,5,0,1
776,6,110,3,3,0,1
776,7,111,8,8,0,1
776,8,112,6,6,0,1
776,9,113,8,8,0,1
777,1,59,0,0,0,1
777,2,403,58,58,0,1
777,3,232,64,64,0,1
777,4,235,23,23,0,1
777,5,237,15,15,0,1
777,6,240,20,20,0,1
778,1,403,0,0,0,1
778,2,59,58,58,0,1
778,3,298,95,95,0,1
779,1,59,0,0,0,1
779,2,257,115,115,0,1
780,1,59,0,0,0,1
780,2,403,58,58,0,1
781,1,224,0,0,0,1
781,2,403,165,0,0,1
781,3,165,214,0,0,1
781,4,138,203,0,0,1
781,5,177,140,0,0,1
781,6,507,110,0,0,1
781,7,298,275,0,0,1
781,8,125,264,0,0,1
781,9,130,296,0,0,1
782,1,59,0,0,0,1
782,2,63,28,28,0,1
782,3,298,70,70,0,1
783,1,59,0,0,0,1
783,10,309,100,0,0,1
783,11,31,150,0,0,1
783,12,22,140,0,0,1
783,13,37,210,0,0,1
783,14,298,80,0,0,1
783,15,295,185,0,0,1
783,16,115,40,0,0,1
783,17,125,90,0,0,1
783,18,130,140,0,0,1
783,19,138,40,0,0,1
783,2,403,60,0,0,1
783,20,817,170,0,0,1
783,21,145,105,0,0,1
783,22,211,110,0,0,1
783,23,151,140,0,0,1
783,24,215,150,0,0,1
783,25,915,200,0,0,1
783,26,916,220,0,0,1
783,27,931,210,0,0,1
783,28,63,20,0,0,1
783,29,259,135,0,0,1
783,3,232,120,0,0,1
783,30,269,160,0,0,1
783,4,235,140,0,0,1
783,5,237,160,0,0,1
783,6,240,180,0,0,1
783,7,246,220,0,0,1
783,8,257,120,0,0,1
783,9,77,62,0,0,1
784,1,246,0,0,0,1
784,2,403,160,160,0,1
784,3,125,100,100,0,1
784,4,130,40,40,0,1
785,1,59,0,0,0,1
785,2,8,40,40,0,1
785,3,76,31,31,0,1
785,4,77,9,9,0,1
785,5,309,35,35,0,1
785,6,31,53,53,0,1
785,7,37,56,56,0,1
786,1,224,0,0,0,1
786,10,106,25,25,0,1
786,11,403,10,10,0,1
786,12,2,10,10,0,1
786,13,3,4,4,0,1
786,14,4,2,2,0,1
786,15,5,2,2,0,1
786,16,6,3,3,0,1
786,17,7,4,4,0,1
786,18,8,10,10,0,1
786,19,227,5,5,0,1
786,2,223,17,17,0,1
786,20,95,9,9,0,1
786,21,74,4,4,0,1
786,22,75,8,8,0,1
786,23,76,7,7,0,1
786,24,77,6,6,0,1
786,25,78,6,6,0,1
786,26,79,7,7,0,1
786,27,80,7,7,0,1
786,28,81,8,8,0,1
786,29,82,3,3,0,1
786,3,222,3,3,0,1
786,30,83,10,10,0,1
786,31,84,12,12,0,1
786,32,85,8,8,0,1
786,4,220,17,17,0,1
786,5,219,10,10,0,1
786,6,215,19,19,0,1
786,7,211,38,38,0,1
786,8,204,11,11,0,1
786,9,192,15,15,0,1
787,1,497,0,0,0,1
787,10,902,2,4,0,1
787,11,519,10,9,0,1
787,12,95,2.5,3,0,1
787,13,378,4,5,0,1
787,14,95,4,4,0,1
787,15,519,2.5,3,0,1
787,2,448,5.5,14,0,1
787,3,447,1,2,0,1
787,4,351,3.5,7,0,1
787,5,941,4,7,0,1
787,6,445,4,6,0,1
787,7,497,5,7,0,1
787,8,902,8.5,15,0,1
787,9,348,2,4,0,1
788,1,192,0,0,0,1
788,10,533,2,2,0,1
788,11,201,8,4,0,1
788,12,909,2,4,0,1
788,13,200,4.5,4,0,1
788,14,857,2,4,0,1
788,15,856,3.5,19,0,1
788,16,199,4.5,10,0,1
788,17,198,4.5,9,0,1
788,18,197,3,3,0,1
788,19,192,5,6,0,1
788,2,802,7.2,6,0,1
788,3,203,2.1,1,0,1
788,4,208,11.5,10,0,1
788,5,209,5.6,6,0,1
788,6,919,13,8,0,1
788,7,209,13,11,0,1
788,8,533,11,15,0,1
788,9,202,2,3,20,1
789,1,192,0,0,0,1
789,10,838,8,8,0,1
789,11,839,3,11,0,1
789,12,363,5,8,0,1
789,13,839,5,15,0,1
789,14,195,3,10,0,1
789,15,494,8,3,0,1
789,16,192,8,5,0,1
789,2,197,5,10,0,1
789,3,192,5,6,0,1
789,4,197,5,10,0,1
789,5,198,3,6,0,1
789,6,197,3,8,0,1
789,7,192,5,14,10,1
789,8,494,8,10,0,1
789,9,195,3.5,6,0,1
790,1,403,0,0,0,1
790,10,257,7,8,0,1
790,2,868,8,10,0,1
790,3,869,3,3,0,1
790,4,249,2,2,0,1
790,5,251,7,7,0,1
790,6,252,8,8,0,1
790,7,253,6,6,0,1
790,8,254,11,11,0,1
790,9,255,5,5,0,1
791,1,403,0,0,0,1
791,10,234,6,6,0,1
791,11,235,9,9,0,1
791,12,236,9,9,0,1
791,13,237,6,6,0,1
791,14,238,6,6,0,1
791,15,239,8,8,0,1
791,16,240,6,6,0,1
791,2,225,16,16,0,1
791,3,226,7,7,0,1
791,4,227,3,3,0,1
791,5,229,13,13,0,1
791,6,230,6,6,0,1
791,7,231,7,7,0,1
791,8,232,12,12,0,1
791,9,233,7,7,0,1
792,1,403,0,0,0,1
792,10,175,3,4,0,1
792,11,176,4,4,0,1
792,12,177,9,9,0,1
792,13,178,8,8,0,1
792,14,179,9,9,0,1
792,15,180,8,8,0,1
792,16,181,8,8,0,1
792,17,182,12,12,0,1
792,2,106,11,11,0,1
792,3,168,2,2,0,1
792,4,169,7,7,0,1
792,5,170,2,2,0,1
792,6,171,3,3,0,1
792,7,172,9,9,0,1
792,8,173,5,3,0,1
792,9,174,7,6,0,1
793,1,403,0,0,0,1
793,10,114,11,11,0,1
793,11,115,8,8,0,1
793,12,116,10,10,0,1
793,13,117,8,8,0,1
793,14,123,8,8,0,1
793,15,124,10,10,0,1
793,16,125,11,11,0,1
793,17,126,7,7,0,1
793,18,127,3,3,0,1
793,19,128,5,5,0,1
793,2,106,11,11,0,1
793,20,129,6,6,0,1
793,21,130,10,10,0,1
793,3,107,5,5,0,1
793,4,108,9,9,0,1
793,5,109,5,5,0,1
793,6,110,3,3,0,1
793,7,111,8,8,0,1
793,8,112,6,6,0,1
793,9,113,8,8,0,1
794,1,403,0,0,0,1
794,10,10,8,10,0,1
794,11,11,10,10,0,1
794,12,12,4,5,0,1
794,13,13,4,5,0,1
794,14,14,7,5,0,1
794,15,15,3,5,0,1
794,16,16,8,7,0,1
794,17,17,4,3,0,1
794,18,18,8,5,0,1
794,19,19,5,5,0,1
794,2,2,10,15,0,1
794,20,20,8,5,0,1
794,21,21,3,20,0,1
794,22,22,14,20,0,1
794,3,3,4,5,0,1
794,4,4,2,3,0,1
794,5,5,2,4,0,1
794,6,6,3,3,0,1
794,7,7,4,5,0,1
794,8,8,10,5,0,1
794,9,9,15,10,0,1
795,1,403,0,0,0,1
795,10,138,6,6,0,1
795,11,139,12,12,0,1
795,12,140,9,9,0,1
795,13,141,4,4,0,1
795,14,142,5,5,0,1
795,15,143,9,9,0,1
795,16,144,5,5,0,1
795,17,145,14,14,0,1
795,2,106,11,11,0,1
795,3,107,5,5,0,1
795,4,108,9,9,0,1
795,5,109,5,5,0,1
795,6,134,4,4,0,1
795,7,135,3,3,0,1
795,8,136,6,6,0,1
795,9,137,5,5,0,1
796,1,403,0,0,0,1
796,2,868,8,8,0,1
796,3,869,3,3,0,1
796,4,249,2,2,0,1
796,5,251,7,7,0,1
796,6,252,8,8,0,1
796,7,253,6,6,0,1
796,8,257,23,23,0,1
797,1,76,0,0,0,1
797,2,77,8,10,0,1
797,3,658,28,35,0,1
797,4,22,47,45,0,1
798,1,192,0,0,0,1
798,10,533,1.5,4,0,1
798,11,208,7.5,12,0,1
798,12,203,11,9,0,1
798,13,802,2,2,0,1
798,14,192,6,6,10,1
798,15,494,7.5,12,0,1
798,16,191,3,7,0,1
798,17,193,3,8,0,1
798,18,192,6,5,0,1
798,19,193,6,8,0,1
798,2,197,5,6,0,1
798,20,192,6,12,0,1
798,21,197,5,6,0,1
798,22,192,5,11,0,1
798,3,200,11,8,0,1
798,4,909,5,6,0,1
798,5,201,1,3,0,1
798,6,533,3,3,0,1
798,7,202,1.5,2,0,1
798,8,918,1.5,3,0,1
798,9,202,1.5,2,0,1
799,1,192,0,0,0,1
799,10,494,1.5,2,0,1
799,11,192,7.5,5,10,1
799,12,190,6,8,0,1
799,13,191,1,1,0,1
799,14,555,3.5,6,0,1
799,15,559,2,4,0,1
799,16,555,2,4,0,1
799,17,191,3.5,4,0,1
799,18,190,1,1,0,1
799,19,192,6,4,0,1
799,2,494,7.5,7,0,1
799,3,537,1.5,1,0,1
799,4,964,1,2,0,1
799,5,554,6.5,9,0,1
799,6,350,1,5,0,1
799,7,554,1,2,0,1
799,8,964,6.5,7,0,1
799,9,537,1,1,0,1
800,1,8,0,0,0,1
800,2,8,30,30,0,1
801,1,403,0,0,,
801,10,10,8,8,,
801,2,2,10,10,,
801,3,3,4,4,,
801,4,4,2,2,,
801,5,5,2,2,,
801,6,6,3,3,,
801,7,7,4,4,,
801,8,8,10,10,,
801,9,9,15,15,,
802,1,8,0,0,,
802,2,595,7,7,,
802,3,596,3,3,0,1
803,1,8,,,,
803,2,227,5,5,,
803,3,95,9,9,,
803,4,519,3,3,,
804,1,8,,,,
804,2,7,10,10,,
804,3,6,4,4,,
805,1,8,,,,
805,2,9,15,15,,
805,3,10,8,8,,
806,1,8,,,,
806,2,7,10,10,,
806,3,6,4,4,,
806,4,5,3,3,,
807,1,403,0,0,,
807,2,2,10,10,,
807,3,3,4,4,,
807,4,4,2,2,,
807,5,5,2,2,,
808,1,106,0,0,0,1
808,2,277,8,8,0,1
809,1,108,0,0,0,1
809,2,879,13,13,0,1
810,1,224,0,0,0,1
810,10,823,8,8,0,1
810,11,504,8,8,0,1
810,12,507,8,8,0,1
810,13,506,6,6,0,1
810,14,505,7,7,0,1
810,15,517,14,14,0,1
810,16,177,13,13,0,1
810,17,140,12,12,0,1
810,18,514,7,7,0,1
810,19,840,4,4,0,1
810,2,223,12,12,0,1
810,20,138,10,10,0,1
810,21,163,7,7,0,1
810,22,620,5,5,0,1
810,23,165,5,5,0,1
810,3,222,3,3,0,1
810,4,221,9,9,0,1
810,5,220,11,11,0,1
810,6,219,8,8,0,1
810,7,215,19,19,0,1
810,8,816,10,10,0,1
810,9,818,14,14,0,1
811,1,224,0,0,0,1
811,10,818,14,14,0,1
811,11,805,20,20,0,1
811,12,808,8,8,0,1
811,13,810,7,7,0,1
811,14,180,6,6,0,1
811,15,179,7,7,0,1
811,16,178,7,7,0,1
811,17,177,8,8,0,1
811,2,223,12,12,0,1
811,3,222,3,3,0,1
811,4,221,10,10,0,1
811,5,220,10,10,0,1
811,6,219,8,8,0,1
811,7,803,9,9,0,1
811,8,215,10,10,0,1
811,9,816,10,10,0,1
812,1,403,0,0,0,1
812,2,2,10,10,0,1
812,3,47,11,11,0,1
812,4,48,3,3,0,1
812,5,50,6,6,0,1
812,6,51,3,3,0,1
812,7,44,7,7,0,1
813,1,602,0,0,0,1
813,2,42,5,5,0,1
813,3,360,2,2,0,1
813,4,108,7.5,8,0,1
814,1,108,0,0,0,1
814,2,109,6.5,7,0,1
814,3,319,9,9,0,1
814,4,44,8.5,9,0,1
814,5,44,0,0,0,1
815,1,108,0,0,0,1
815,2,109,7,7,0,1
815,3,134,3.5,4,0,1
815,4,474,4,4,0,1
816,1,403,0,0,,
816,10,63,10,10,,
816,2,2,10,10,,
816,3,3,4,4,,
816,4,4,2,2,,
816,5,5,2,2,,
816,6,53,6,6,,
816,7,54,6,6,,
816,8,55,5,5,,
816,9,56,5,5,,
817,1,63,0,0,,
817,2,56,10,10,,
817,3,55,5,5,,
817,4,54,5,5,,
818,1,63,,,,
818,2,56,10,10,,
819,1,54,,,,
819,2,55,5,5,,
819,3,56,5,5,,
819,4,63,10,10,,
820,1,192,0,0,0,1
820,10,555,3.5,5,0,1
820,11,559,2,4,0,1
820,12,555,2,5,0,1
820,13,191,3.5,3,0,1
820,14,193,1,4,0,1
820,15,192,6,4,0,1
820,2,802,6,11,0,1
820,3,203,2,3,0,1
820,4,945,8,10,0,1
820,5,203,8,11,0,1
820,6,802,2,2,0,1
820,7,192,6,6,10,1
820,8,193,6,7,0,1
820,9,191,1,1,0,1
821,1,192,0,0,0,1
821,2,193,6,8,0,1
821,3,191,1,1,0,1
821,4,555,3.5,4,0,1
821,5,559,2,5,0,1
821,6,555,2,5,0,1
821,7,191,3.5,4,0,1
821,8,193,1,1,0,1
821,9,192,6,4,0,1
822,1,403,0,0,0,1
822,10,192,10,7,0,1
822,11,190,6,11,0,1
822,12,555,4.5,5,0,1
822,13,317,5.5,13,0,1
822,14,190,3,11,0,1
822,15,192,6,4,0,1
822,16,197,5,9,0,1
822,17,192,5,7,0,1
822,2,106,8.5,15,0,1
822,3,186,5.5,5,0,1
822,4,272,7,6,0,1
822,5,535,7.5,14,0,1
822,6,963,4,3,0,1
822,7,495,7,7,0,1
822,8,964,11,7,0,1
822,9,537,1,1,0,1
823,1,192,0,0,0,1
823,10,909,1,4,0,1
823,11,200,5,4,0,1
823,12,197,9,12,0,1
823,13,192,5,5,15,1
823,14,197,5,4,0,1
823,15,198,4,4,0,1
823,16,199,7,6,0,1
823,17,856,5,8,0,1
823,18,857,6,7,0,1
823,19,200,2,3,0,1
823,2,802,6,10,0,1
823,20,283,11,8,0,1
823,21,197,10,12,0,1
823,22,192,5,4,15,1
823,23,475,9,13,0,1
823,24,189,1,2,0,1
823,25,188,2,2,0,1
823,26,187,2,2,0,1
823,27,186,4,4,0,1
823,28,106,5,5,0,1
823,29,403,8.5,9,0,1
823,3,203,2,2,0,1
823,4,208,11.5,13,0,1
823,5,533,7.5,9,0,1
823,6,923,19,11,0,1
823,7,889,8,7,0,1
823,8,923,8,5,0,1
823,9,201,9,7,0,1
824,1,192,0,0,0,1
824,10,197,3,3,0,1
824,11,192,5,4,30,1
824,12,475,9,10,0,1
824,13,189,1,1,0,1
824,14,188,2,2,0,1
824,15,187,2,2,0,1
824,16,186,4,3,0,1
824,17,106,5,5,0,1
824,18,403,8.5,9,0,1
824,2,494,7.5,14,0,1
824,3,192,7.5,9,15,1
824,4,197,5,3,0,1
824,5,198,3,2,0,1
824,6,199,4.5,7,0,1
824,7,856,4,11,0,1
824,8,199,4,5,0,1
824,9,198,4.5,4,0,1
825,1,403,0,0,0,1
825,10,203,2,2,0,1
825,11,208,14,14,0,1
825,12,533,7.5,11,0,1
825,13,202,1,2,0,1
825,14,533,1,4,15,1
825,15,888,3,4,0,1
825,16,889,4.5,7,0,1
825,17,923,4.5,5,0,1
825,18,201,9,7,0,1
825,19,909,3,3,0,1
825,2,106,8.5,10,0,1
825,20,200,10,5,0,1
825,21,197,9.5,11,0,1
825,22,192,5,4,20,1
825,23,197,5,4,0,1
825,24,192,5,6,0,1
825,25,190,6,11,0,1
825,26,191,3,3,0,1
825,27,493,7,15,0,1
825,28,494,4.5,8,0,1
825,29,192,7,8,10,1
825,3,186,6,6,0,1
825,30,475,9,10,0,1
825,31,189,1,2,0,1
825,32,188,2,2,0,1
825,33,187,2,1,0,1
825,34,186,4,5,0,1
825,35,106,6,3,0,1
825,36,403,8.5,10,0,1
825,4,187,4,4,0,1
825,5,188,2,2,0,1
825,6,189,2,2,0,1
825,7,475,1,1,0,1
825,8,192,9,9,30,1
825,9,802,10,13,0,1
826,1,403,0,0,,
826,2,106,11,11,,
826,3,185,3,3,,
826,4,186,2,2,,
826,5,187,3,3,,
826,6,188,2,2,,
826,7,189,2,2,,
826,8,190,4,4,,
826,9,192,8,8,,
827,1,192,,,,
827,2,193,9,9,,
828,1,192,,,,
828,2,203,5,5,,
828,3,204,9,9,,
828,4,208,11,11,,
828,5,202,6,6,,
829,1,192,,,,
829,2,190,8,8,,
829,3,189,4,4,,
829,4,188,2,2,,
830,1,192,,,,
830,2,197,3,3,,
831,1,192,,,,
831,2,197,3,3,,
831,3,198,4,4,,
831,4,199,5,5,,
832,1,192,,,,
832,2,203,5,5,,
833,1,192,,,,
833,2,203,5,5,,
833,3,204,9,9,,
834,1,192,,,,
834,2,197,3,3,,
834,3,198,4,4,,
835,1,192,,,,
835,2,190,8,8,,
835,3,189,4,4,,
835,4,188,2,2,,
835,5,187,2,2,,
836,1,192,0,0,0,1
836,2,194,7,7,0,1
836,3,195,9,9,0,1
837,1,192,0,0,0,1
837,2,190,8,8,0,1
837,3,189,4,4,0,1
837,4,188,2,2,0,1
837,5,826,5,5,0,1
837,6,275,3,3,0,1
838,1,192,0,0,0,1
838,2,819,9,9,0,1
838,3,838,3,3,0,1
838,4,839,2,2,0,1
838,5,55,5,5,0,1
839,1,192,0,0,0,1
839,2,494,8,8,0,1
839,3,957,11,11,0,1
839,4,845,5,5,0,1
839,5,958,4,4,0,1
840,1,403,0,0,,
840,10,114,11,11,,
840,11,115,8,8,,
840,2,106,11,11,,
840,3,107,5,5,,
840,4,108,9,9,,
840,5,109,5,5,,
840,6,110,3,3,,
840,7,111,8,8,,
840,8,112,6,6,,
840,9,113,8,8,,
841,1,115,,,,
841,2,114,8,8,,
841,3,113,11,11,,
841,4,112,8,8,,
842,1,115,0,0,,
842,2,1116,19,19,,
843,1,115,,,,
843,2,114,8,8,,
843,3,113,11,11,,
843,4,292,4,4,,
844,1,115,0,0,0,1
844,2,520,10,10,0,1
844,3,521,7,7,0,1
845,1,115,0,0,0,1
845,2,935,6,6,0,1
845,3,903,8,8,0,1
846,1,403,0,0,0,1
846,10,200,9.5,11,0,1
846,11,909,4.5,4,0,1
846,12,858,3,5,0,1
846,13,909,3,15,0,1
846,14,200,4.5,5,0,1
846,15,283,11,8,0,1
846,16,197,10,17,0,1
846,17,192,5,4,5,1
846,18,197,5,6,0,1
846,19,198,3,3,5,1
846,2,106,8.5,12,0,1
846,20,197,3,7,0,1
846,21,192,5,4,0,1
846,3,186,6,4,0,1
846,4,187,4,4,0,1
846,5,188,2,2,0,1
846,6,189,2,2,0,1
846,7,475,1,1,0,1
846,8,192,9,7,0,1
846,9,197,5,10,0,1
847,1,192,0,0,0,1
847,10,197,5,3,0,1
847,11,200,12,12,0,1
847,12,909,10,9,0,1
847,13,856,3,8,0,1
847,14,909,6,6,0,1
847,15,201,3,5,0,1
847,16,548,7,5,0,1
847,17,888,10,10,0,1
847,18,889,8,8,0,1
847,19,229,8,8,0,1
847,2,494,7.5,7,0,1
847,20,225,19,19,0,1
847,21,403,24,24,0,1
847,3,195,5,13,0,1
847,4,839,3,3,0,1
847,5,364,4,7,0,1
847,6,839,4,4,0,1
847,7,195,3,3,0,1
847,8,494,5,6,0,1
847,9,192,7.5,5,15,1
848,1,192,0,0,0,1
848,10,209,7.5,9,0,1
848,11,208,5.5,6,0,1
848,12,203,11.5,11,0,1
848,13,802,2,2,0,1
848,14,192,6,6,0,1
848,15,188,12,7,0,1
848,16,189,1,2,0,1
848,17,188,2,2,0,1
848,18,187,2,2,0,1
848,19,186,4,3,0,1
848,2,802,6,8,0,1
848,20,106,5,6,0,1
848,21,403,8.5,11,0,1
848,3,203,2,1,0,1
848,4,804,8.5,9,0,1
848,5,207,1.5,3,0,1
848,6,208,4,4,0,1
848,7,533,7.5,10,0,1
848,8,209,8,10,0,1
848,9,919,7.5,12,0,1
849,1,403,0,0,0,1
849,10,51,5,5,0,1
849,11,44,6.8,8,0,1
849,12,108,9,5,20,1
849,13,44,9,6,0,1
849,14,444,4,8,0,1
849,15,466,3,4,0,1
849,16,365,1.3,1,0,1
849,17,345,2,3,0,1
849,18,365,2,4,0,1
849,19,466,1.3,2,0,1
849,2,443,7,20,0,1
849,20,444,3.4,3,0,1
849,21,44,4.4,4,0,1
849,22,108,5.1,5,20,1
849,23,474,6.5,9,0,1
849,24,108,6.5,6,0,1
849,25,885,2.75,5,0,1
849,26,886,3.8,3,0,1
849,27,403,11.3,12,0,1
849,3,2,1.6,1,0,1
849,4,427,1.4,7,0,1
849,5,569,4.4,6,0,1
849,6,42,3.1,3,0,1
849,7,602,5,5,0,1
849,8,891,2.1,4,0,1
849,9,50,2.4,4,0,1
850,1,403,0,0,,
850,10,175,4,4,,
850,11,176,4,4,,
850,12,177,9,9,,
850,2,106,11,11,,
850,3,168,2,2,,
850,4,169,7,7,,
850,5,170,2,2,,
850,6,171,3,3,,
850,7,172,9,9,,
850,8,173,3,3,,
850,9,174,6,6,,
851,1,501,,,,
851,2,502,6,6,,
851,3,503,12,12,,
852,1,501,,,,
852,2,516,10,10,,
852,3,517,3,3,,
852,4,504,5,5,,
852,5,505,8,8,,
852,6,506,6,6,,
853,1,501,0,0,,
853,2,326,6.5,7,,
853,3,168,2,2,,
853,4,169,7,7,,
853,5,170,2,2,,
853,6,171,3,3,,
853,7,172,9,9,,
854,1,501,0,0,0,1
854,2,502,6,6,0,1
854,3,503,12,12,0,1
854,4,139,3,3,0,1
854,5,840,4,4,0,1
854,6,138,7,7,0,1
855,1,403,0,0,0,1
855,10,570,5,5,0,1
855,11,881,5,15,0,1
855,12,108,4.6,7,0,1
855,13,885,2.75,7,0,1
855,14,886,3.8,3,0,1
855,15,403,11.3,9,0,1
855,2,886,11.3,16,0,1
855,3,885,3.8,3,0,1
855,4,108,2.75,2,0,1
855,5,109,5.1,7,0,1
855,6,111,11,16,0,1
855,7,109,11,20,0,1
855,8,108,5.1,6,0,1
855,9,881,4.6,11,0,1
856,1,403,0,0,0,1
856,10,51,6.8,10,0,1
856,11,52,2.35,6,0,1
856,12,466,2.7,4,0,1
856,13,444,3.4,4,0,1
856,14,44,4.4,3,0,1
856,15,108,5.1,9,15,1
856,16,44,5.1,4,0,1
856,17,51,6.8,7,0,1
856,18,52,2.35,3,0,1
856,19,466,2.7,3,0,1
856,2,443,7,23,0,1
856,20,444,3.4,2,0,1
856,21,44,4.4,3,0,1
856,22,108,5.1,4,0,1
856,23,885,2.75,3,0,1
856,24,886,3.8,4,0,1
856,25,403,11.3,9,3,1
856,3,2,1.6,2,0,1
856,4,427,1.4,5,0,1
856,5,569,4.4,3,0,1
856,6,42,3.1,5,0,1
856,7,360,2.3,3,0,1
856,8,108,7,7,45,1
856,9,44,5.1,4,0,1
857,1,403,0,0,0,1
857,10,51,6.8,9,0,1
857,11,52,2.35,3,0,1
857,12,466,2.7,5,0,1
857,13,444,3.4,2,0,1
857,14,44,4.4,4,0,1
857,15,108,5.1,6,25,1
857,16,109,5.1,6,0,1
857,17,134,5.2,4,0,1
857,18,474,4,8,0,1
857,19,108,6.5,5,0,1
857,2,443,7,6,0,1
857,20,885,2.75,3,0,1
857,21,886,3.8,3,0,1
857,22,403,11.3,11,0,1
857,3,2,1.6,1,0,1
857,4,427,1.4,2,0,1
857,5,569,4.4,5,0,1
857,6,42,3.1,3,0,1
857,7,360,2.3,3,0,1
857,8,108,7,7,0,1
857,9,44,5.1,4,40,1
858,1,403,0,0,0,1
858,10,108,5.1,7,30,1
858,11,109,5.1,5,0,1
858,12,134,5.2,4,0,1
858,13,474,4,4,0,1
858,14,108,6.5,5,0,1
858,15,885,2.75,3,0,1
858,16,886,3.8,3,0,1
858,17,403,11.3,10,0,1
858,2,886,11.3,13,0,1
858,3,885,3.8,3,0,1
858,4,108,2.75,2,65,1
858,5,44,5.1,6,0,1
858,6,51,6.8,9,0,1
858,7,52,2.35,3,0,1
858,8,444,3.4,5,0,1
858,9,44,4.4,3,0,1
859,1,172,0,0,0,1
859,10,505,8.3,9,0,1
859,11,504,3,8,0,1
859,12,175,9.4,7,0,1
859,13,172,15,15,0,1
859,14,467,2,3,0,1
859,15,172,2,6,0,1
859,2,175,15,19,0,1
859,3,176,3.7,4,0,1
859,4,177,9,7,0,1
859,5,326,6.5,9,0,1
859,6,822,4.8,4,0,1
859,7,504,3.5,5,0,1
859,8,505,3,3,0,1
859,9,506,8.3,9,0,1
860,1,403,0,,,
860,10,138,6,6,,
860,2,106,11,11,,
860,3,107,5,5,,
860,4,108,9,9,,
860,5,109,5,5,,
860,6,134,4,4,,
860,7,135,3,3,,
860,8,136,6,6,,
860,9,137,5,5,,
861,1,138,,,,
861,2,139,12,12,,
862,1,138,,,,
862,2,137,6,6,,
862,3,136,5,5,,
862,4,135,6,6,,
863,1,138,,,,
863,2,163,6,6,,
863,3,164,6,6,,
863,4,165,4,4,,
864,1,138,,,,
864,2,163,6,6,,
864,3,164,6,6,,
865,1,165,,,,
865,2,164,4,4,,
865,3,163,6,6,,
865,4,138,6,6,,
866,1,165,,,,
866,10,108,5,5,,
866,11,107,9,9,,
866,12,106,5,5,,
866,13,403,11,11,,
866,2,164,4,4,,
866,3,163,6,6,,
866,4,138,6,6,,
866,5,137,6,6,,
866,6,136,5,5,,
866,7,135,6,6,,
866,8,134,3,3,,
866,9,109,4,4,,
867,1,165,,,,
867,2,164,4,4,,
867,3,163,6,6,,
867,4,138,6,6,,
867,5,137,6,6,,
867,6,136,5,5,,
867,7,135,6,6,,
868,1,138,0,0,0,1
868,2,892,11,11,0,1
869,1,177,0,0,0,1
869,2,944,8,11,0,1
869,3,177,8,6,0,1
869,4,502,5,9,0,1
869,5,469,6.1,8,0,1
869,6,536,5.9,8,0,1
869,7,503,5.5,6,0,1
869,8,502,8.5,6,0,1
869,9,177,5,5,0,1
870,1,192,0,0,0,1
870,2,190,8,8,0,1
870,3,51,5,5,0,1
871,1,192,0,0,0,1
871,2,193,9,9,0,1
871,3,191,7,7,0,1
872,1,192,0,0,0,1
872,2,350,19,19,0,1
872,3,844,3,3,0,1
872,4,845,3,3,0,1
873,1,192,0,0,0,1
873,2,203,10,10,0,1
873,3,873,5,5,0,1
874,1,192,0,0,0,1
874,2,317,8,8,0,1
875,1,192,0,0,0,1
875,2,203,5,5,0,1
875,3,204,9,9,0,1
875,4,208,11,11,0,1
875,5,283,6,6,0,1
876,1,177,0,0,0,1
876,10,895,3,4,0,1
876,11,894,3,4,0,1
876,12,176,8.7,9,0,1
876,13,175,3.7,7,0,1
876,14,172,15,12,0,1
876,2,176,9,13,0,1
876,3,175,3.7,3,0,1
876,4,172,15,10,0,1
876,5,175,15,12,0,1
876,6,176,3.7,3,0,1
876,7,177,9,7,0,1
876,8,176,9,11,0,1
876,9,894,8.7,13,0,1
877,10,56,0,0,0,1
877,11,57,5,6,0,1
877,12,875,3.8,4,0,1
877,13,874,5.1,7,15,1
877,14,875,5.1,9,0,1
877,15,57,3.8,5,0,1
877,16,56,4.6,5,0,1
877,17,278,5.7,6,0,1
877,18,301,1.7,3,0,1
877,19,833,4,5,0,1
877,20,820,3.1,4,0,1
877,21,228,4.6,7,0,1
877,22,62,5,10,0,1
877,23,478,4.1,7,0,1
877,24,63,1,4,0,1
878,1,63,0,0,0,1
878,10,56,7.7,7,0,1
878,11,278,5.7,12,0,1
878,12,301,1.7,2,0,1
878,13,833,4,9,0,1
878,14,301,4,6,0,1
878,15,278,1.7,2,0,1
878,16,56,5.7,5,0,1
878,2,335,1.4,5,0,1
878,3,62,3.5,5,0,1
878,4,335,3.5,6,0,1
878,5,63,1.4,2,30,1
878,6,478,1,4,0,1
878,7,335,2.4,9,0,1
878,8,63,1.4,4,0,1
878,9,478,1,2,0,1
879,1,63,0,0,0,1
879,10,278,5.7,11,0,1
879,11,301,1.7,3,0,1
879,12,833,4,8,0,1
879,13,301,4,7,0,1
879,14,278,1.7,2,0,1
879,15,56,5.7,5,0,1
879,2,478,1,2,0,1
879,3,335,2.4,11,0,1
879,4,63,1.4,4,35,1
879,5,478,1,3,10,1
879,6,335,2.4,7,0,1
879,7,63,1.4,5,0,1
879,8,478,1,4,0,1
879,9,56,7.7,7,0,1
880,1,56,0,0,0,1
880,10,64,7.5,8,0,1
880,11,335,8.1,6,0,1
880,12,63,2.4,2,0,1
880,2,478,7.7,10,0,1
880,3,63,1,1,0,1
880,4,335,2.4,2,0,1
880,5,901,8.4,11,0,1
880,6,64,6.2,14,0,1
880,7,576,7.5,10,0,1
880,8,69,6.4,13,0,1
880,9,576,6.4,6,0,1
881,1,63,0,0,0,1
881,10,531,2.2,3,0,1
881,11,322,2.2,4,0,1
881,12,335,8.3,8,0,1
881,13,63,1.4,1,0,1
881,14,478,1,2,0,1
881,15,56,7.7,5,0,1
881,2,478,1,4,0,1
881,3,56,7.7,7,0,1
881,4,57,4.5,7,0,1
881,5,63,5.5,7,35,1
881,6,478,1,4,0,1
881,7,62,3.8,6,0,1
881,8,228,5,6,0,1
881,9,322,8.3,12,0,1
882,1,63,0,0,0,1
882,10,63,1.4,1,0,1
882,11,478,1,2,0,1
882,12,56,7.7,5,0,1
882,2,478,1,5,0,1
882,3,62,3.8,9,0,1
882,4,228,5,9,0,1
882,5,322,8.3,13,0,1
882,6,531,2.2,3,0,1
882,7,322,2.2,4,0,1
882,8,532,3.7,5,0,1
882,9,335,8.4,8,0,1
883,1,63,0,0,0,1
883,10,62,3.8,9,0,1
883,11,228,5,11,0,1
883,12,322,8.3,10,0,1
883,13,531,2.2,3,0,1
883,14,322,2.2,3,0,1
883,15,532,3.7,6,0,1
883,16,335,8.4,7,0,1
883,17,63,1.4,1,0,1
883,18,478,1,2,0,1
883,19,56,7.7,7,0,1
883,2,478,1,2,0,1
883,3,335,2.4,5,0,1
883,4,532,8.4,7,0,1
883,5,482,4.5,4,0,1
883,6,532,4.5,4,0,1
883,7,335,8.4,9,0,1
883,8,63,1.4,2,25,1
883,9,478,1,4,0,1
884,1,56,0,0,0,1
884,10,576,3,5,0,1
884,11,64,6.7,5,0,1
884,12,335,8.4,7,0,1
884,13,478,2.4,3,0,1
884,14,63,1,3,0,1
884,15,335,2.4,4,0,1
884,16,64,8.4,7,0,1
884,17,335,8.4,13,0,1
884,18,478,2.4,3,0,1
884,19,63,1,3,0,1
884,2,478,7.7,6,0,1
884,3,63,1,1,0,1
884,4,335,2.4,2,0,1
884,5,64,6.2,9,0,1
884,6,576,6.7,6,0,1
884,7,334,3,3,0,1
884,8,333,5,5,0,1
884,9,334,5,11,0,1
885,1,63,0,0,0,1
885,10,334,5,5,0,1
885,11,576,3,4,0,1
885,12,64,6.7,4,0,1
885,13,335,8.4,5,0,1
885,14,63,2.4,2,0,1
885,15,478,3,1,0,1
885,16,335,2.4,5,0,1
885,17,64,8.4,10,0,1
885,18,576,6.7,5,0,1
885,19,334,3,3,0,1
885,2,478,1,3,0,1
885,20,333,5,7,0,1
885,21,334,5,7,0,1
885,22,576,3,2,0,1
885,23,64,6.7,5,0,1
885,24,335,8.4,5,0,1
885,25,63,2.4,2,0,1
885,26,478,1,1,0,1
885,27,56,7.7,5,0,1
885,3,335,2.4,4,0,1
885,4,64,6.2,7,0,1
885,5,576,6.6,5,0,1
885,6,69,6.4,6,0,1
885,7,576,6.4,10,0,1
885,8,334,3,4,0,1
885,9,333,5,7,0,1
886,1,63,0,0,0,1
886,10,576,6.7,5,0,1
886,11,69,6.4,7,0,1
886,12,576,6.4,8,0,1
886,13,334,3,4,0,1
886,14,333,5,9,0,1
886,15,334,5,6,0,1
886,16,576,3,3,0,1
886,17,64,6.7,8,0,1
886,18,335,8.4,5,0,1
886,19,63,2.4,2,0,1
886,2,478,1,4,0,1
886,20,478,1,1,0,1
886,21,56,7.7,7,0,1
886,3,335,2.4,11,10,1
886,4,64,8.4,8,0,1
886,5,335,8.4,8,0,1
886,6,63,2.4,1,15,1
886,7,478,1,3,0,1
886,8,335,2.4,7,0,1
886,9,64,8.4,8,0,1
887,1,56,0,0,0,1
887,10,278,1.7,3,0,1
887,11,56,5.7,6,0,1
887,12,364,7.6,9,0,1
887,13,56,7.6,14,0,1
887,2,900,7,11,25,1
887,3,56,7,10,0,1
887,4,278,5.7,6,0,1
887,5,301,1.7,1,0,1
887,6,462,0.5,1,0,1
887,7,833,3.5,4,0,1
887,8,462,3.5,7,0,1
887,9,301,0.5,1,0,1
888,1,56,0,0,0,1
888,10,57,3,2,0,1
888,11,63,6.7,7,0,1
888,12,478,1,2,10,1
888,13,56,7.7,7,0,1
888,14,57,4.5,11,0,1
888,15,875,3.8,7,0,1
888,16,874,5.1,9,0,1
888,17,875,5.1,7,0,1
888,18,57,3.8,3,0,1
888,19,56,4.5,4,0,1
888,2,57,4.5,5,0,1
888,3,479,3,4,0,1
888,4,58,4.2,4,0,1
888,5,511,4.8,8,0,1
888,6,470,9.3,15,0,1
888,7,511,9.3,13,0,1
888,8,58,4.8,6,0,1
888,9,479,4.2,5,0,1
889,1,63,0,0,0,1
889,10,154,2.4,2,10,1
889,11,478,1,2,0,1
889,12,335,2.4,7,0,1
889,13,64,8.4,9,0,1
889,14,67,6.7,5,0,1
889,15,69,6.4,7,0,1
889,16,67,6.4,11,0,1
889,17,64,6.7,9,0,1
889,18,901,6.2,10,0,1
889,19,335,8.4,11,0,1
889,2,478,1,4,0,1
889,20,154,2.4,2,0,1
889,21,478,1,1,0,1
889,22,56,7.7,6,0,1
889,3,335,2.4,5,0,1
889,4,64,8.4,8,0,1
889,5,576,6.7,9,0,1
889,6,69,6.4,7,0,1
889,7,576,6.4,6,0,1
889,8,64,6.7,6,0,1
889,9,335,8.4,5,0,1
890,1,56,0,0,0,1
890,10,576,3,6,0,1
890,11,69,6.4,6,0,1
890,12,576,6.4,15,0,1
890,13,64,6.7,6,0,1
890,14,335,8.4,7,0,1
890,15,478,2.4,3,0,1
890,16,63,1,3,0,1
890,17,478,1,1,5,1
890,18,56,7.7,10,0,1
890,2,478,7.7,7,0,1
890,3,63,1,1,0,1
890,4,335,2.4,1,0,1
890,5,532,8.4,7,0,1
890,6,482,4.5,4,0,1
890,7,476,4.2,5,0,1
890,8,333,2.9,6,0,1
890,9,334,5,9,0,1
891,1,63,0,0,0,1
891,10,335,8.4,10,0,1
891,11,63,2.4,1,0,1
891,12,478,1,4,0,1
891,13,335,2.4,4,0,1
891,14,901,8.4,12,0,1
891,15,335,8.4,9,0,1
891,16,63,2.4,2,0,1
891,17,478,1,3,0,1
891,18,56,7.7,5,0,1
891,2,478,1,4,0,1
891,3,335,2.4,4,0,1
891,4,64,8.4,9,0,1
891,5,576,6.7,7,0,1
891,6,69,6.4,5,0,1
891,7,576,6.4,9,0,1
891,8,64,6.7,7,0,1
891,9,901,6.2,8,0,1
892,1,63,0,0,0,1
892,10,482,4.5,10,0,1
892,11,476,4.2,7,0,1
892,12,482,4.2,7,0,1
892,13,532,4.5,6,0,1
892,14,335,8.4,7,0,1
892,15,63,2.4,3,0,1
892,16,478,1,1,0,1
892,17,56,7.7,5,0,1
892,2,478,1,2,0,1
892,3,335,2.4,5,0,1
892,4,901,8.4,12,0,1
892,5,335,8.4,9,0,1
892,6,63,2.4,2,0,1
892,7,478,1,4,0,1
892,8,335,2.4,2,0,1
892,9,532,8.4,10,0,1
893,1,56,0,0,0,1
893,10,286,7.8,9,0,1
893,11,364,4.5,13,0,1
893,12,56,7.5,9,0,1
893,13,478,7.7,12,0,1
893,14,57,7.2,7,0,1
893,15,56,4.5,4,0,1
893,2,57,4.5,5,0,1
893,3,479,3,3,0,1
893,4,58,4.2,3,0,1
893,5,60,6.4,7,0,1
893,6,58,6.4,14,0,1
893,7,479,4.2,4,0,1
893,8,57,3,3,0,1
893,9,56,4.5,5,0,1
894,1,56,0,0,0,1
894,2,57,4.5,3,0,1
894,3,479,3,2,0,1
894,4,58,4.2,5,0,1
894,5,60,6.4,7,0,1
894,6,58,6.4,7,0,1
894,7,479,4.2,3,0,1
894,8,57,3,2,0,1
894,9,56,4.5,4,0,1
895,1,56,0,0,0,1
895,10,57,4.5,2,0,1
895,11,479,3,2,0,1
895,12,58,4.2,4,0,1
895,13,60,6.4,7,0,1
895,14,58,6.4,6,0,1
895,15,479,4.2,3,0,1
895,16,57,3,4,0,1
895,17,56,4.5,4,0,1
895,2,57,4.5,4,0,1
895,3,479,3,4,0,1
895,4,58,4.2,11,0,1
895,5,60,6.4,11,0,1
895,6,58,6.4,5,0,1
895,7,479,4.2,3,0,1
895,8,57,3,5,0,1
895,9,56,4.5,7,10,1
896,1,56,0,0,0,1
896,10,57,3,3,0,1
896,11,56,5.7,7,10,1
896,12,478,7.7,10,0,1
896,13,63,1,2,0,1
896,2,57,4.5,4,0,1
896,3,479,3,3,0,1
896,4,58,4.2,4,0,1
896,5,511,4.8,5,0,1
896,6,470,9.3,13,0,1
896,7,511,9.3,16,0,1
896,8,58,4.8,9,0,1
896,9,479,4.2,5,0,1
897,1,63,0,0,0,1
897,10,64,6.7,6,0,1
897,11,335,8.4,4,0,1
897,12,63,2.4,5,5,1
897,13,478,1,4,0,1
897,14,335,2.4,4,0,1
897,15,64,8.4,5,0,1
897,16,576,6.7,7,0,1
897,17,69,6.4,6,0,1
897,18,576,6.4,8,0,1
897,19,64,6.7,5,0,1
897,2,478,1,2,0,1
897,20,335,8.4,5,0,1
897,21,63,2.4,2,0,1
897,22,478,1,1,0,1
897,23,56,7.7,5,0,1
897,3,335,2.4,7,0,1
897,4,64,8.4,8,0,1
897,5,576,6.7,5,0,1
897,6,334,3,3,0,1
897,7,333,5,5,0,1
897,8,334,5,7,0,1
897,9,576,3,2,0,1
898,1,56,0,0,0,1
898,2,900,7,10,0,1
898,3,56,7,9,0,1
898,4,57,4.5,5,0,1
898,5,875,3.8,5,0,1
898,6,874,5.1,8,0,1
898,7,875,5.1,7,0,1
898,8,57,3.8,3,0,1
898,9,56,4.5,3,0,1
899,1,56,0,0,0,1
899,10,500,0.7,3,0,1
899,11,971,2,4,0,1
899,12,500,2,4,0,1
899,13,54,0.7,3,0,1
899,14,364,3.6,4,0,1
899,15,56,7.5,7,0,1
899,2,57,4.5,6,0,1
899,3,479,3,4,0,1
899,4,58,4.2,4,0,1
899,5,479,4.2,13,0,1
899,6,57,3,2,0,1
899,7,56,4.5,4,0,1
899,8,364,7.5,7,0,1
899,9,54,3.6,4,0,1
901,1,391,0,0,0,1
901,10,602,3,3,0,1
901,11,402,15,20,0,1
901,2,2,7,10,0,1
901,3,3,4,4,0,1
901,4,4,2,2,0,1
901,5,47,4,5,0,1
901,6,48,4,5,0,1
901,7,49,3,2,0,1
901,8,51,5,5,0,1
901,9,891,4,5,0,1
902,1,403,0,0,0,1
902,2,225,15,15,0,1
904,1,402,0,0,0,1
904,2,429,2.5,3,0,1
907,1,391,0,0,0,1
907,2,841,13,5,0,1
907,3,87,6,20,0,1
912,1,501,0,0,0,1
912,2,839,7,7,0,1
912,3,822,4,4,0,1
912,4,325,5,5,0,1
912,5,956,6,6,0,1
912,6,937,4,4,0,1
912,7,938,4,4,0,1
912,8,939,2,2,0,1
912,9,940,4,4,0,1
914,1,184,0,0,0,1
914,2,183,5,7,0,1
914,3,168,7,7,0,1
914,4,106,2,2,0,1
914,5,107,5,5,0,1
914,6,108,9,7,0,1
915,1,493,0,0,0,1
915,2,494,5,5,0,1
915,3,192,8,8,0,1
918,1,63,0,0,0,1
918,2,403,50,50,0,1
919,1,422,0,0,0,1
919,2,417,3.5,6,0,1
919,3,402,0.5,2,0,1
919,4,311,0.8,2,0,1
919,5,451,0.8,2,0,1
919,6,450,0.8,2,0,1
920,1,429,0,0,0,1
920,2,417,3,10,0,1
920,3,416,2,5,0,1
920,4,636,2,10,0,1
921,1,399,0,0,0,1
921,2,417,3,7,0,1
921,3,432,2,5,0,1
921,4,425,1.5,5,0,1
921,5,375,1.3,5,0,1
921,6,636,1,3,0,1
922,1,636,0,0,0,1
922,2,375,1,3,0,1
922,3,425,1.5,4,0,1
922,4,432,1.5,4,0,1
922,5,394,2,7,0,1
922,6,429,2.7,7,0,1
924,1,405,0,0,0,1
924,2,391,10,10,0,1
925,1,2,0,0,0,1
925,2,44,20,20,0,1
927,1,408,0,0,0,1
927,2,35,3.5,10,0,1
927,3,411,3.5,10,0,1
929,1,2,0,0,0,1
929,2,413,10,10,0,1
930,1,192,0,0,0,1
930,2,197,3,3,0,1
930,3,198,4,4,0,1
930,4,199,5,5,0,1
931,1,192,0,0,0,1
931,2,199,12,12,0,1
931,3,856,6,6,0,1
931,4,857,2,2,0,1
931,5,200,2,3,0,1
931,6,197,9,10,0,1
931,7,192,5,7,0,1
932,1,403,0,0,0,1
932,2,106,11,11,0,1
932,3,186,5,5,0,1
932,4,272,7,7,0,1
932,5,963,10,10,0,1
933,1,186,0,0,0,1
933,2,826,20,20,0,1
933,3,192,19,19,0,1
934,1,192,0,0,0,1
934,2,204,14,14,0,1
934,3,883,3,3,0,1
934,4,202,8,8,0,1
935,1,186,0,0,0,1
935,2,912,15,15,0,1
935,3,914,1,1,0,1
935,4,192,19,19,0,1
936,1,192,0,0,0,1
936,2,826,15,15,0,1
937,1,403,0,0,0,1
937,2,106,11,11,0,1
937,3,185,3,3,0,1
938,1,858,0,0,0,1
938,2,200,7,7,0,1
938,3,856,3,3,0,1
938,4,197,10,10,0,1
938,5,192,3,3,0,1
939,1,192,0,0,0,1
939,2,911,4,4,0,1
939,3,912,14,14,0,1
939,4,913,2,2,0,1
940,1,8,0,0,0,1
940,2,897,13,13,0,1
942,1,76,0,0,0,1
942,2,346,4,4,0,1
943,1,192,0,0,0,1
943,2,198,7,7,0,1
943,3,199,9,9,0,1
943,4,857,3,3,0,1
943,5,200,3,3,0,1
943,6,283,8,8,0,1
944,1,283,0,0,0,1
944,2,857,9,9,0,1
944,3,856,3,3,0,1
944,4,192,17,17,0,1
945,1,115,0,0,0,1
945,2,279,5,5,0,1
946,1,8,0,0,0,1
946,2,345,9,9,0,1
946,3,342,4,4,0,1
947,1,889,0,0,0,1
947,2,229,9,9,0,1
947,3,403,39,39,0,1
948,1,192,0,0,0,1
948,2,10,7,7,0,1
949,1,192,0,0,0,1
949,2,51,13,13,0,1
949,3,191,4,4,0,1
950,1,403,0,0,0,1
950,2,824,12,25,0,1
950,3,403,6,10,0,1
951,1,403,0,0,0,1
951,2,825,6,6,0,1
952,1,403,0,0,,
952,2,821,8,8,,
953,1,403,0,0,0,1
953,2,192,35,35,0,1
953,3,204,13,13,0,1
953,4,192,13,13,0,1
953,5,197,5,5,0,1
953,6,225,16,16,0,1
956,1,403,0,0,0,1
956,2,707,10,15,0,1
956,3,373,9,12,0,1
956,5,456,2,4,0,1
956,6,96,1.5,3,0,1
956,7,403,4,6,0,1
957,1,192,0,0,0,1
957,2,197,4,4,0,1
957,3,283,9,9,0,1
957,4,200,9,9,0,1
957,5,202,11,11,0,1
959,1,403,0,0,0,1
959,2,87,16,16,0,1
960,1,495,0,0,0,1
960,2,496,4,4,0,1
960,3,350,3,3,0,1
960,4,192,19,19,0,1
962,1,138,0,0,0,1
962,10,502,8,7,0,1
962,11,177,5,7,0,1
962,2,840,9.5,14,0,1
962,3,139,4,5,0,1
962,4,840,4,5,0,1
962,5,138,9.5,8,15,1
962,6,954,9.5,16,0,1
962,7,840,7,11,0,1
962,8,139,4,5,0,1
962,9,503,4,5,0,1
963,1,403,0,0,0,1
963,2,416,1.3,5,0,1
963,3,401,1.2,5,0,1
963,4,35,1,5,0,1
963,5,373,1.3,5,0,1
963,6,707,6,15,0,1
963,7,403,9.2,10,0,1
964,1,376,0,0,0,1
964,2,35,5,5,0,1
964,3,96,4.7,5,0,1
965,1,403,0,0,0,1
965,2,870,17,17,0,1
966,1,277,0,0,0,1
966,2,879,15,15,0,1
966,3,880,3,3,0,1
966,4,881,5,5,0,1
966,5,108,5,5,0,1
967,1,138,0,0,0,1
967,2,137,6,6,0,1
967,3,136,5,5,0,1
967,4,135,6,6,0,1
968,1,138,0,0,0,1
968,2,515,10,10,0,1
969,1,802,0,0,0,1
969,2,403,43,43,0,1
970,1,959,0,0,0,1
970,2,417,1,2,0,1
970,3,438,1,2,0,1
970,4,422,1.5,4,0,1
970,5,832,0.8,2,0,1
970,6,707,5.7,15,0,1
971,1,48,0,0,0,1
971,2,2,14,14,0,1
974,1,413,0,0,0,1
974,2,566,4,4,0,1
976,1,482,0,0,0,1
976,2,480,2,2,0,1
976,3,508,14,14,0,1
977,1,76,0,0,0,1
977,2,481,8,8,0,1
978,1,483,0,0,0,1
978,2,484,5,5,0,1
978,3,485,7,7,0,1
978,4,8,14,14,0,1
979,1,487,0,0,0,1
979,2,489,8,8,0,1
980,1,930,0,0,0,1
980,2,490,4,4,0,1
980,3,492,8,8,0,1
980,4,115,11,11,0,1
983,1,8,0,0,0,1
983,2,951,7,7,0,1
984,1,56,0,0,0,1
984,2,900,7,7,0,1
985,1,76,0,0,0,1
985,2,346,4,4,0,1
985,3,349,12,12,0,1
985,4,10,5,5,0,1
985,5,483,5,5,0,1
986,1,303,0,0,0,1
986,2,112,4,4,0,1
986,3,304,5,5,0,1
986,4,138,24,24,0,1
987,1,918,0,0,0,1
987,2,202,3,3,0,1
987,3,208,7,7,0,1
987,4,204,7,7,0,1
987,5,203,5,5,0,1
987,6,192,9,9,0,1
990,1,919,0,0,0,1
990,2,209,8,8,0,1
990,3,202,10,10,0,1
992,1,101,0,0,0,1
992,2,2,10,10,0,1
993,1,920,0,0,0,1
993,2,202,21,21,0,1
994,1,8,0,0,0,1
994,2,921,8,8,0,1
995,1,403,0,0,0,1
995,2,886,10,10,0,1
995,3,885,4,4,0,1
995,4,108,3,3,0,1
995,5,109,5,5,0,1
995,6,111,13,13,0,1
995,7,133,9,9,0,1
995,8,917,4,4,0,1
996,1,403,0,0,0,1
996,2,707,10,15,0,1
996,3,373,9,12,0,1
996,4,403,1,2,0,1
996,5,401,2.5,5,0,1
996,6,601,3,7,0,1
996,7,403,4,8,0,1
997,1,76,0,0,0,1
997,2,922,5,5,0,1
998,1,8,0,0,0,1
998,2,342,13,13,0,1
1130,1,489,0,0,0,1
1130,2,27,6,10,0,1
1157,1,403,0,0,0,1
1157,2,665,350,350,0,1
1189,1,303,0,0,0,1
1189,2,138,24,24,0,1
1191,1,403,0,0,0,1
1191,2,403,260,260,0,1
1264,1,59,0,0,0,1
1264,2,138,46,46,0,1
1264,3,177,32,32,0,1
1264,4,182,45,45,0,1
1264,5,817,92,92,0,1
1264,6,931,56,56,0,1
1299,1,403,0,0,0,1
1299,10,114,11,11,0,1
1299,11,115,8,8,0,1
1299,12,116,10,10,0,1
1299,13,117,8,8,0,1
1299,14,123,8,8,0,1
1299,15,124,10,10,0,1
1299,16,125,11,11,0,1
1299,17,126,7,7,0,1
1299,18,127,3,3,0,1
1299,19,128,5,5,0,1
1299,2,106,11,11,0,1
1299,20,129,6,6,0,1
1299,21,130,10,10,0,1
1299,3,107,5,5,0,1
1299,4,108,9,9,0,1
1299,5,109,5,5,0,1
1299,6,110,3,3,0,1
1299,7,111,8,8,0,1
1299,8,112,6,6,0,1
1299,9,113,8,8,0,1
1303,1,429,0,0,0,1
1303,2,35,4.5,10,0,1
1303,3,432,3,10,0,1
1304,1,108,1,1,0,1
1304,2,899,6,10,0,1
1304,3,880,5,10,0,1
1305,1,63,0,0,0,1
1305,2,901,10,10,0,1
1305,3,333,17,20,0,1
1307,1,172,0,0,0,1
1307,2,895,31,35,0,1
1307,3,177,21,25,0,1
1308,1,403,0,0,0,1
1308,2,530,25,30,0,1
1308,3,550,5,10,0,1
1308,4,192,10,15,0,1
1310,1,202,0,0,0,1
1310,2,200,11,11,0,1
1310,3,857,2,2,0,1
1310,4,199,8,8,0,1
1310,5,192,12,12,0,1
1312,1,403,0,0,0,1
1312,2,106,8.5,10,0,1
1312,3,184,14,20,0,1
1312,4,108,18,20,0,1
1315,1,403,0,0,0,1
1315,2,108,18,20,0,1
1315,3,281,7,10,0,1
1316,1,403,0,0,0,1
1316,2,184,23,30,0,1
1316,3,106,15,20,0,1
1318,1,403,0,0,0,1
1318,2,304,44,45,0,1
1318,3,302,7,10,0,1
1318,4,303,4,5,0,1
1318,5,115,25,30,0,1
1319,1,138,0,0,0,1
1319,2,603,15,15,0,1
1319,3,606,8,10,0,1
1321,1,56,0,0,0,1
1321,2,54,12,15,0,1
1322,1,403,0,0,0,1
1322,2,184,25,25,0,1
1323,1,165,0,0,0,1
1323,2,603,14,14,0,1
1324,1,413,0,0,0,1
1324,2,377,3.5,4,0,1
1325,1,192,0,0,0,1
1325,2,193,6,6,0,1
1325,3,51,6,6,0,1
1326,1,403,0,0,0,1
1326,2,187,19,19,0,1
1327,1,192,0,0,0,1
1327,2,826,15,15,0,1
1329,1,192,0,0,0,1
1329,2,495,20,25,0,1
1330,1,192,0,0,0,1
1330,2,858,22,22,0,1
1330,3,923,12,12,0,1
1330,4,889,5,5,0,1
1331,1,192,0,0,0,1
1331,2,55,19,19,0,1
1332,1,192,0,0,0,1
1332,2,350,18,18,0,1
1332,3,913,2,2,0,1
1333,1,192,0,0,0,1
1333,2,197,5,6,0,1
1333,3,200,11,13,0,1
1333,4,548,10,13,0,1
1333,5,923,2,2,0,1
1333,6,889,6,6,0,1
1334,1,192,0,0,0,1
1334,2,203,5,5,0,1
1334,3,920,20,20,0,1
1334,4,208,5,5,0,1
1336,1,192,0,0,0,1
1336,2,850,15,15,0,1
1337,1,192,0,0,0,1
1337,2,495,24,24,0,1
1337,3,845,8,8,0,1
1338,2,884,0,0,0,1
1338,3,202,13,13,0,1
1338,4,926,5,5,0,1
1339,1,403,0,0,0,1
1339,2,930,61,61,0,1
1340,1,138,0,0,0,1
1340,2,515,10,10,0,1
1340,3,111,4,4,0,1
1340,4,133,8,8,0,1
1340,5,917,4,4,0,1
1341,1,8,0,0,0,1
1341,2,924,5,5,0,1
1342,1,76,0,0,0,1
1342,2,925,5,5,0,1
1343,1,192,0,0,0,1
1343,2,350,22,22,0,1
1345,1,192,0,0,0,1
1345,2,802,7,9,0,1
1345,3,203,2,4,0,1
1345,4,945,8,12,0,1
1346,1,501,0,0,0,1
1346,2,839,7,7,0,1
1346,3,822,4,4,0,1
1346,4,325,5,5,0,1
1346,5,956,6,6,0,1
1346,6,937,4,4,0,1
1346,7,938,4,4,0,1
1346,8,939,2,2,0,1
1346,9,940,4,4,0,1
1347,1,138,0,0,0,1
1347,2,892,10,15,0,1
1348,1,947,0,0,0,1
1348,2,313,13,13,0,1
1349,1,313,0,0,0,1
1349,2,948,6,6,0,1
1349,3,949,7,7,0,1
1351,1,402,0,0,0,1
1351,2,412,5,15,0,1
1352,1,192,0,0,0,1
1352,2,110,36,36,0,1
1354,1,402,0,0,0,1
1354,2,2,10,10,0,1
1354,3,952,8,10,0,1
1354,4,953,5,5,0,1
1355,1,56,0,0,0,1
1355,2,286,7,7,0,1
1355,3,364,5,5,0,1
1357,1,76,0,0,0,1
1357,2,351,9,9,0,1
1357,3,941,2,2,0,1
1358,1,508,0,0,0,1
1358,2,480,14,14,0,1
1358,3,482,2,2,0,1
1358,4,603,4,4,0,1
1359,1,8,0,0,0,1
1359,2,863,7,6,0,1
1359,3,862,3,4,0,1
1359,4,730,8,10,0,1
1359,5,862,3,4,0,1
1359,6,951,13,20,0,1
1359,7,8,4,5,0,1
1360,1,8,0,0,0,1
1360,2,9,15,15,0,1
1360,3,10,8,8,0,1
1360,4,942,2,2,0,1
1361,1,76,0,0,0,1
1361,2,497,9,9,0,1
1361,3,864,2,2,0,1
1363,1,192,0,0,0,1
1363,2,350,17,20,0,1
1363,3,958,7,10,0,1
1364,1,963,0,0,0,1
1364,2,495,6,6,0,1
1364,3,964,10,10,0,1
1364,4,192,10,10,0,1
1366,1,192,0,0,0,1
1366,2,475,8,8,0,1
1367,1,192,0,0,0,1
1367,2,209,26,26,0,1
1367,3,919,8,8,0,1
1368,1,8,0,0,0,1
1368,2,471,1,1,0,1
1369,1,501,0,0,0,1
1369,3,944,8,15,0,1
1370,1,108,0,0,0,1
1370,2,51,14,14,0,1
1371,1,115,0,0,0,1
1371,2,943,10,10,0,1
1372,1,436,0,0,0,1
1372,2,96,5.3,5,0,1
1373,1,108,0,0,0,1
1373,2,46,21,21,0,1
1376,1,138,0,0,0,1
1376,2,472,21,21,0,1
1377,1,138,0,0,0,1
1377,2,473,16,25,0,1
1378,1,192,0,0,0,1
1378,2,204,14.5,15,0,1
1378,3,209,12,15,0,1
1380,1,403,0,0,0,1
1380,2,108,25,25,0,1
1383,1,501,0,0,0,1
1383,2,822,11,15,0,1
1384,1,403,0,0,0,1
1384,2,4,16,20,0,1
1384,3,54,14,15,0,1
1386,1,887,0,0,0,1
1386,2,138,5,5,0,1
1388,1,192,0,0,0,1
1388,2,804,16,20,0,1
1388,3,209,10,10,0,1
1389,1,202,0,0,0,1
1389,2,918,3,3,0,1
1394,1,192,0,0,0,1
1394,2,197,5,5,0,1
1394,3,198,3,4,0,1
1394,4,199,4,7,0,1
1394,5,198,4,8,0,1
1394,6,552,12,6,0,1
1395,1,589,0,0,0,1
1395,10,391,2,3,0,1
1395,11,417,0.5,3,0,1
1395,12,369,1.5,3,0,1
1395,13,425,1,3,0,1
1395,14,433,1,3,0,1
1395,15,552,16,17,0,1
1395,2,436,0.5,3,0,1
1395,3,373,1,4,0,1
1395,4,403,0.5,2,0,1
1395,5,394,1,3,0,1
1395,6,399,1.5,3,0,1
1395,7,456,1,3,0,1
1395,8,386,1.5,3,0,1
1395,9,101,1,2,0,1
1396,1,450,0,0,0,1
1396,2,544,1.7,6,0,1
1396,3,394,1,3,0,1
1396,4,404,0.8,3,0,1
1396,5,417,0.5,3,0,1
1397,1,192,0,0,0,1
1397,2,588,24,24,0,1
1398,1,399,0,0,0,1
1398,2,404,2.3,5,0,1
1398,3,369,1.2,5,0,1
1398,4,377,2,5,0,1
1398,5,967,2,5,0,1
1399,1,429,0,0,0,1
1399,2,367,2,5,0,1
1399,3,402,0.7,2,0,1
1399,4,368,0.5,2,0,1
1399,5,432,1.6,4,0,1
1399,6,377,3,3,0,1
1399,7,967,2,4,0,1
1450,1,602,0,0,0,1
1450,2,891,2,2,0,1
1450,3,351,6,6,0,1
1450,4,44,7,7,0,1
1480,1,403,0,0,0,1
1480,2,224,160,150,0,1
1492,1,417,0,0,0,1
1492,2,450,7.7,8,0,1
1494,1,386,0,0,0,1
1494,2,367,2,6,0,1
1494,3,402,0.7,3,0,1
1494,4,392,1,3,0,1
1494,5,601,0.8,2,0,1
1494,6,433,1,3,0,1
1494,7,425,1,3,0,1
1494,8,369,1,5,0,1
1495,1,377,0,0,0,1
1495,2,589,2.7,3,0,1
1496,1,375,0,0,0,1
1496,2,429,10,10,0,1
1511,1,2,0,0,0,1
1511,2,42,8,8,0,1
1592,1,108,0,0,0,1
1592,2,474,7,7,0,1
1594,1,184,0,0,0,1
1594,2,403,29,29,0,1
1597,1,138,0,0,0,1
1597,2,603,15,20,0,1
1597,3,606,8,10,0,1
1597,4,165,23,40,0,1
1600,1,2,0,0,0,1
1600,2,3,4,4,0,1
1600,3,4,2,2,0,1
1600,4,5,2,2,0,1
1602,1,509,0,0,0,1
1602,2,60,21,21,0,1
1611,1,949,0,0,0,1
1611,2,35,7.2,7,0,1
1616,1,257,0,0,0,1
1616,2,403,57,57,0,1
1616,3,115,74,74,0,1
1616,4,118,25,25,0,1
1616,5,119,15,15,0,1
1616,6,294,20,20,0,1
1616,7,295,76,76,0,1
1618,1,403,0,0,,
1618,10,114,6,6,,
1618,11,115,8,8,,
1618,2,886,10,10,,
1618,3,108,7,7,,
1618,4,109,5,5,,
1618,5,110,3,3,,
1618,6,111,8,8,,
1618,7,112,6,6,,
1618,8,303,8,8,,
1618,9,490,5,5,,
1619,1,701,0,0,0,1
1619,3,450,4,5,0,1
1619,4,451,1,3,0,1
1619,5,402,0.8,2,0,1
1621,1,403,0,0,0,1
1621,2,420,4.5,5,0,1
1621,3,402,1.5,5,0,1
1621,4,417,0.5,5,0,1
1621,5,425,1.5,5,0,1
1621,6,433,1,5,0,1
1621,7,552,15.5,20,0,1
1622,1,403,0,0,0,1
1622,10,369,3,1,0,1
1622,11,552,15,15,0,1
1622,2,589,2,5,0,1
1622,3,373,1.75,5,0,1
1622,4,394,1.5,5,0,1
1622,5,399,1.75,5,0,1
1622,6,456,1.25,5,0,1
1622,7,386,2,5,0,1
1622,8,101,1,1,0,1
1622,9,367,1,1,0,1
1623,1,35,0,0,0,1
1623,10,832,1,2,0,1
1623,11,453,0.5,1,0,1
1623,12,707,5,12,0,1
1623,2,425,0.5,2,0,1
1623,3,401,0.5,2,0,1
1623,4,432,2,4,0,1
1623,5,391,1.2,5,0,1
1623,6,311,1,3,0,1
1623,7,101,0.8,3,0,1
1623,8,456,1,3,0,1
1623,9,544,1,3,0,1
1634,1,435,0,0,0,1
1634,2,96,2.5,3,0,1
1635,1,435,0,0,0,1
1635,2,450,2.5,3,0,1
1636,1,435,0,0,0,1
1636,2,96,2.5,3,0,1
1637,1,435,0,0,0,1
1637,2,96,4,4,0,1
1639,1,435,0,0,0,1
1639,2,436,4.8,5,0,1
1640,1,413,0,0,0,1
1640,2,566,5,5,0,1
1641,1,432,0,0,0,1
1641,2,433,0.4,2,0,1
1641,3,425,1,2,0,1
1641,4,416,0.7,3,0,1
1641,5,566,1.7,6,0,1
1641,6,703,1.3,5,0,1
1642,1,701,0,0,0,1
1642,2,35,1,2,0,1
1642,3,417,1,2,0,1
1642,4,391,0.8,2,0,1
1644,1,429,0,0,0,1
1644,2,35,7.7,8,0,1
1646,1,435,0,0,0,1
1646,2,417,2.8,3,0,1
1647,1,432,0,0,0,1
1647,2,402,5.4,5,0,1
1709,1,391,0,0,0,1
1709,2,2,10,10,0,1
1709,3,3,8,5,0,1
1709,4,597,4,15,0,1
1709,5,679,4,5,0,1
1710,1,391,0,0,0,1
1710,2,2,10,10,0,1
1710,3,597,10,10,0,1
1710,4,679,4,5,0,1
1711,1,544,0,0,0,1
1711,12,977,2,3,0,1
1711,2,456,1,2,0,1
1711,3,101,1,2,0,1
1711,4,311,0.7,1,0,1
1711,5,402,1,2,0,1
1711,6,719,1,3,0,1
1711,7,581,0.9,1,0,1
1711,8,601,1.1,3,0,1
1711,9,455,2,3,0,1
1712,1,56,0,0,0,1
1712,2,901,18,20,0,1
1712,3,69,18,20,0,1
1712,4,63,21,25,0,1
1713,1,138,0,0,0,1
1713,2,137,8,10,0,1
1714,1,403,0,0,0,1
1714,2,362,28,30,0,1
1714,3,138,20,30,0,1
1715,1,138,0,0,0,1
1715,2,172,27,30,0,1
1716,1,403,0,0,0,1
1716,2,304,44,45,0,1
1716,3,138,22,30,0,1
1717,1,138,0,0,0,1
1717,2,954,10,15,0,1
1718,1,138,0,0,0,1
1718,2,630,6,8,0,1
1719,1,403,0,0,0,1
1719,10,403,12,20,0,1
1719,2,420,3,10,0,1
1719,3,429,5,12,0,1
1719,4,101,1.5,3,0,1
1719,5,402,2,5,0,1
1719,6,417,1,3,0,1
1719,7,425,2,7,0,1
1719,8,401,4,9,0,1
1719,9,552,12,20,0,1
1720,1,403,0,0,0,1
1720,10,403,12,20,0,1
1720,2,394,3,7,7,1
1720,3,101,3,7,0,1
1720,4,456,3,7,0,1
1720,5,398,2,5,0,1
1720,6,396,3,7,0,1
1720,7,394,3,7,0,1
1720,8,403,2,5,0,1
1720,9,552,12,20,0,1
1723,1,403,0,0,0,1
1723,2,402,2.4,5,0,1
1723,3,440,6.8,10,0,1
1723,4,212,19.8,30,0,1
1728,1,647,0,0,0,1
1728,2,858,2,5,0,1
1728,3,591,13,15,0,1
1728,4,192,15,20,0,1
1729,1,27,0,0,0,1
1729,2,646,12,20,0,1
1729,3,165,12,20,0,1
1730,1,259,0,0,0,1
1730,10,106,11,11,,
1730,11,107,5,5,,
1730,12,108,9,9,,
1730,13,109,5,5,,
1730,14,110,3,3,,
1730,15,111,8,8,,
1730,16,112,6,6,,
1730,17,113,9,8,,
1730,18,114,12,11,,
1730,19,115,9,8,,
1730,2,565,24,24,0,1
1730,20,116,12,10,,
1730,21,117,9,8,,
1730,22,123,9,8,,
1730,23,124,12,10,,
1730,24,125,12,11,,
1730,25,126,8,7,,
1730,26,127,3,3,,
1730,27,128,6,5,,
1730,28,129,7,6,,
1730,29,130,14,10,,
1730,3,253,23,23,0,1
1730,4,252,6,6,0,1
1730,5,251,8,8,0,1
1730,6,249,7,7,0,1
1730,7,869,2,2,0,1
1730,8,868,3,3,0,1
1730,9,403,8,8,0,1
1731,1,224,0,0,0,1
1731,2,151,127,130,0,1
1731,3,145,35,35,0,1
1732,1,246,0,0,0,1
1732,2,403,184,165,0,1
1732,3,125,147,115,0,1
1732,4,130,28,30,0,1
1733,1,165,0,0,0,1
1733,2,480,7,10,0,1
1733,3,553,2,5,0,1
1733,4,165,5,10,0,1
1734,1,403,0,0,0,1
1734,2,172,31,40,0,1
1735,1,501,0,0,0,1
1735,2,504,15,15,0,1
1735,3,867,10,15,0,1
1736,1,403,0,0,0,1
1736,10,671,2,3,0,1
1736,11,436,1.5,2,0,1
1736,12,650,3,4,0,1
1736,2,650,2,3,0,1
1736,3,417,3,5,0,1
1736,4,402,1,2,0,1
1736,5,393,1.8,4,0,1
1736,6,456,1,3,0,1
1736,7,544,1,2,0,1
1736,8,422,2.7,4,0,1
1736,9,453,1,4,0,1
1737,1,729,0,0,0,1
1737,2,458,3,4,0,1
1737,3,460,5,7,0,1
1737,4,338,2,2,0,1
1737,5,8,8,10,0,1
1738,1,56,0,0,0,1
1738,2,278,5.5,10,0,1
1738,3,301,4,10,0,1
1738,4,833,2.5,5,0,1
1738,5,462,2,5,0,1
1738,6,56,10,10,0,1
1739,1,8,0,0,0,1
1739,2,657,9,15,0,1
1740,1,192,0,0,0,1
1740,10,889,4.5,7,0,1
1740,11,923,4.5,5,0,1
1740,12,548,6.5,5,0,1
1740,13,201,4,4,0,1
1740,14,909,2,4,0,1
1740,15,200,5,4,0,1
1740,16,197,11,10,0,1
1740,17,192,5,5,0,1
1740,2,197,5,4,0,1
1740,3,192,5,5,10,1
1740,4,197,5,7,0,1
1740,5,200,11,12,0,1
1740,6,909,5,7,0,1
1740,7,201,2,4,0,1
1740,8,533,2.5,4,0,1
1740,9,923,3,5,0,1
1741,1,56,0,0,0,1
1741,2,901,18,18,0,1
1741,3,69,15,15,0,1
1741,4,651,5,5,0,1
1741,5,69,5,5,0,1
1741,6,63,22,22,0,1
1742,1,63,0,0,0,1
1742,2,651,24,30,0,1
1743,1,192,0,0,0,1
1743,2,835,12,15,0,1
1744,1,192,0,0,0,1
1744,2,804,16,20,0,1
1744,3,208,5,5,0,1
1744,4,209,6,10,0,1
1744,5,661,5,10,0,1
1744,6,533,9,15,0,1
1745,1,177,0,0,0,1
1745,2,505,18,20,0,1
1746,1,404,0,0,0,1
1746,2,391,1,5,0,1
1746,3,566,3,10,0,1
1747,1,420,0,0,0,1
1747,2,404,2.3,5,0,1
1747,3,425,1,5,0,1
1747,4,377,2.7,10,0,1
1748,1,435,0,0,0,1
1748,2,417,2.7,5,0,1
1748,3,432,1.8,5,0,1
1748,4,35,3.2,5,0,1
1748,5,435,2.3,5,0,1
1749,1,432,0,0,0,1
1749,2,664,3,10,0,1
1750,1,403,0,0,0,1
1750,2,394,10,10,0,1
1756,1,403,0,0,0,1
1756,2,249,9.5,10,0,1
1756,3,87,4.5,5,0,1
1756,4,668,7.5,10,0,1
1756,5,251,17.5,20,0,1
1756,6,403,24,25,0,1
1757,1,959,0,0,0,1
1757,10,399,0.1,3,0,1
1757,11,671,3,5,0,1
1757,2,402,1.2,4,0,1
1757,3,367,0.6,2,0,1
1757,4,388,0.7,3,0,1
1757,5,101,0.25,2,0,1
1757,6,311,0.6,2,0,1
1757,7,394,1.2,3,0,1
1757,8,395,0.4,2,0,1
1757,9,398,1.2,3,0,1
1758,1,959,0,0,0,1
1758,2,402,1.8,5,0,1
1758,3,367,0.6,2,0,1
1758,4,101,1,5,0,1
1758,5,398,2.1,5,0,1
1758,6,395,0.5,3,0,1
1758,7,394,0.2,2,0,1
1758,8,403,1,3,0,1
1758,9,671,2.2,6,0,1
1764,1,391,0,0,0,1
1764,2,2,10,10,0,1
1764,3,597,10,10,0,1
1765,1,313,0,0,0,1
1765,2,58,17,20,0,1
1765,3,470,13,10,0,1
1766,1,313,0,0,0,1
1766,2,58,17,20,0,1
1766,3,60,7,10,0,1
1767,1,403,0,0,0,1
1767,10,35,2,5,0,1
1767,11,676,2,5,0,1
1767,12,403,2.5,5,0,1
1767,2,416,1,5,0,1
1767,3,590,1.5,5,0,1
1767,4,373,0.5,5,0,1
1767,5,403,0.5,5,0,1
1767,6,394,1,5,0,1
1767,7,456,2,5,0,1
1767,8,429,2,5,0,1
1767,9,402,2,10,0,1
1768,1,138,0,0,0,1
1768,2,547,7.4,25,0,1
1769,1,403,0,0,0,1
1769,2,403,20,45,0,1
1771,1,192,0,0,0,1
1771,2,678,19,30,0,1
1773,1,192,0,0,0,1
1773,2,204,15,15,0,1
1773,3,633,5,5,0,1
1773,4,714,5,5,0,1
1773,5,713,5,5,0,1
1773,6,714,5,5,0,1
1773,7,633,5,5,0,1
1773,8,712,11,20,0,1
1776,1,403,0,0,0,1
1776,2,251,24,60,0,1
1776,3,403,24,30,0,1
1791,1,108,0,0,0,1
1791,2,107,5,5,0,1
1791,3,106,3,4,0,1
1791,4,707,1.5,3,0,1
1792,1,432,0,0,0,1
1792,2,589,3,10,0,1
1792,3,590,1.5,5,0,1
1792,4,453,0.5,5,0,1
1792,5,422,1,5,0,1
1793,1,677,0,0,0,1
1793,2,432,6.5,10,0,1
1793,3,425,1.5,10,0,1
1793,4,344,0.7,5,0,1
1794,1,405,0,0,0,1
1794,2,432,10,10,0,1
1795,1,403,0,0,0,1
1795,2,412,16,30,0,1
1795,3,403,3,10,0,1
1797,1,403,0,0,0,1
1797,2,225,20,20,0,1
1799,1,712,0,0,0,1
1799,2,210,1,1,0,1
1799,3,726,8.5,10,0,1
1799,4,722,6,10,0,1
1799,5,210,5,10,0,1
1799,6,712,1,1,0,1
1829,1,403,0,0,0,1
1829,2,106,11,15,0,1
1829,3,549,3,5,0,1
1829,4,403,9,10,0,1
1830,1,403,0,0,0,1
1830,2,247,13,13,0,1
1830,3,248,10,10,0,1
1831,1,403,0,0,0,1
1831,2,607,10,10,0,1
1831,3,87,4,4,0,1
1831,4,608,3,3,0,1
1831,5,328,4,4,0,1
1831,6,293,6,6,0,1
1832,1,177,0,0,0,1
1832,2,979,15,15,0,1
1833,1,177,0,0,0,1
1833,2,616,9,9,0,1
1833,3,617,4,4,0,1
1833,4,592,2,2,0,1
1833,5,979,3,3,0,1
1834,1,519,0,0,0,1
1834,2,902,10,15,0,1
1835,1,902,0,0,0,1
1835,2,349,1.5,1,0,1
1836,1,349,0,0,0,1
1836,2,76,14,14,0,1
1837,1,76,0,0,0,1
1837,2,299,12.5,12,0,1
1838,1,76,0,0,0,1
1838,2,922,5.7,13,0,1
1838,3,299,12.5,12,0,1
1839,1,403,0,0,0,1
1839,2,445,30,30,0,1
1840,1,445,0,0,0,2
1840,2,941,4,5,,
1840,3,351,4,5,0,1
1840,4,76,17,15,0,1
1841,1,76,0,0,0,1
1841,2,922,6,10,0,1
1842,1,519,0,0,0,1
1842,2,95,3,5,0,1
1842,3,902,10,10,0,1
1843,1,902,0,0,0,1
1843,2,497,20,20,0,1
1844,1,497,0,0,0,1
1844,2,445,10,10,0,1
1844,3,351,8,8,0,1
1845,1,497,0,0,0,1
1845,2,448,5,5,0,1
1845,3,351,9,9,0,1
1846,1,351,0,0,0,1
1846,2,445,8,8,0,1
1847,1,497,0,0,0,1
1847,2,902,15,15,0,1
1848,1,497,0,0,0,1
1848,2,519,10,10,0,1
1848,3,95,5,5,0,1
1849,1,108,0,0,0,1
1849,2,46,15,15,0,1
1850,1,46,0,0,0,1
1850,2,108,15,15,0,1
1850,3,403,25,25,0,1
1851,1,51,0,0,0,1
1851,2,52,6,6,0,1
1851,3,44,9,9,0,1
1852,1,319,0,0,0,1
1852,2,365,9,9,0,1
1852,3,44,10,10,0,1
1852,4,108,15,15,0,1
1853,1,521,0,0,0,1
1853,2,903,25,25,0,1
1854,1,115,0,0,0,1
1854,2,637,25,25,0,1
1855,1,637,0,0,0,1
1855,2,950,15,15,0,1
1856,1,303,0,0,0,1
1856,2,521,11,15,0,1
1857,1,303,0,0,0,1
1857,2,928,15,15,0,1
1857,3,115,21,21,0,1
1858,1,115,0,0,0,1
1858,2,638,8,8,0,1
1859,1,115,0,0,0,1
1859,2,639,10,10,0,1
1859,3,303,6,6,0,1
1860,1,303,0,0,0,1
1860,2,614,4,4,0,1
1860,3,115,14,14,0,1
1861,1,115,0,0,0,1
1861,2,639,10,10,0,1
1862,1,303,0,0,0,1
1862,2,318,22,22,0,1
1862,3,115,14,14,0,1
1863,1,115,0,0,0,1
1863,2,280,14,14,0,1
1864,1,903,0,0,0,1
1864,2,303,11,11,0,1
1865,1,303,0,0,0,1
1865,2,490,8.5,10,0,1
1865,3,115,14,14,0,1
1866,1,111,0,0,0,1
1866,2,540,4,5,0,1
1866,3,304,3,5,0,1
1866,4,303,6,10,0,1
1867,1,303,0,0,0,1
1867,2,521,11,10,0,1
1867,3,323,8,10,0,1
1867,4,303,8,10,0,1
1868,1,303,0,0,0,1
1868,2,649,15,15,0,1
1869,1,8,0,0,0,1
1869,2,372,15,15,0,1
1872,1,8,0,0,0,1
1872,2,820,10,10,0,1
1872,3,462,7,7,0,1
1873,1,403,0,0,0,1
1873,2,7,15,15,0,1
1873,3,8,10,10,0,1
1874,1,8,0,0,0,1
1874,2,285,15,15,0,1
1875,1,8,0,0,0,1
1875,2,929,9,9,0,1
1875,3,403,36,36,0,1
1876,1,8,0,0,0,1
1876,2,519,18,18,0,1
1876,3,95,10,10,0,1
1877,1,8,0,0,0,1
1877,2,227,8,8,0,1
1878,1,8,0,0,0,1
1878,2,227,5,5,0,1
1878,3,519,12,12,0,1
1879,1,337,0,0,0,1
1879,2,8,20,20,0,1
1880,1,8,0,0,0,1
1880,2,449,6,7,0,1
1880,3,862,4,4,0,1
1880,4,730,8,10,0,1
1880,5,8,18,30,0,1
1882,1,8,0,0,0,1
1882,2,929,15,15,0,1
1883,1,8,0,0,0,1
1883,2,921,11,11,0,1
1883,3,72,10,10,0,1
1884,1,403,0,0,0,1
1884,2,929,26,26,0,1
1884,3,8,11,11,0,1
1885,1,897,0,0,0,1
1885,2,403,26,26,0,1
1886,1,8,0,0,0,1
1886,2,5,15,15,0,1
1887,1,8,0,0,0,1
1887,2,72,15,15,0,1
1888,1,8,0,0,0,1
1888,2,227,19,19,0,1
1889,1,8,0,0,0,1
1889,2,72,9,9,0,1
1889,3,921,6,6,0,1
1890,1,8,0,0,0,1
1890,2,806,12,12,0,1
1891,1,8,0,0,0,1
1891,2,975,9,9,0,1
1892,1,8,0,0,0,1
1892,2,640,14,14,0,1
1893,1,8,0,0,0,1
1893,2,285,15,15,0,1
1894,1,8,0,0,0,1
1894,2,285,9,9,0,1
1895,1,56,0,0,0,1
1895,2,333,35,35,0,1
1896,1,901,0,0,0,1
1896,2,56,20,20,0,1
1897,1,56,0,0,0,1
1897,2,228,18,18,0,1
1898,1,228,0,0,0,1
1898,2,63,27,27,0,1
1899,1,55,0,0,0,1
1899,2,63,15,15,0,1
1900,1,115,0,0,0,1
1900,2,138,43,45,0,1
1901,1,322,0,0,0,1
1901,2,56,22,22,0,1
1902,1,56,0,0,0,1
1902,2,470,23,23,0,1
1903,1,69,0,0,0,1
1903,2,56,30,30,0,1
1904,1,56,0,0,0,1
1904,2,54,16,16,0,1
1905,1,313,0,0,0,1
1905,2,946,10,10,0,1
1906,1,313,0,0,0,1
1906,2,946,10,10,0,1
1906,3,871,15,15,0,1
1907,1,56,0,0,0,1
1907,2,641,36,36,0,1
1908,1,641,0,0,0,1
1908,2,313,9,9,0,1
1909,1,641,0,0,0,1
1909,2,69,18,18,0,1
1910,1,69,0,0,0,1
1910,2,641,18,18,0,1
1911,1,641,0,0,0,1
1911,2,63,26,26,0,1
1912,1,641,0,0,0,1
1912,2,56,36,36,0,1
1913,1,63,0,0,0,1
1913,2,642,30,30,0,1
1914,1,642,0,0,0,1
1914,2,63,14,14,0,1
1915,1,643,0,0,0,1
1915,2,63,18,18,0,1
1916,1,58,0,0,0,1
1916,2,871,14,14,0,1
1917,1,871,0,0,0,1
1917,2,56,24,24,0,1
1918,1,56,0,0,0,1
1918,2,333,30,30,0,1
1919,1,56,0,0,0,1
1919,2,900,17,17,0,1
1920,1,470,0,0,0,1
1920,2,63,15,15,0,1
1921,1,138,0,0,0,1
1921,2,515,9,9,0,1
1921,3,362,9,9,0,1
1922,1,138,0,0,0,1
1922,2,164,11,11,0,1
1923,1,164,0,0,0,1
1923,2,165,4.5,5,0,1
1924,1,403,0,0,0,1
1924,2,133,53,55,0,1
1925,1,541,0,0,0,1
1925,2,138,16,16,0,1
1926,1,138,0,0,0,1
1926,2,165,15,15,0,1
1926,3,164,4,4,0,1
1927,1,164,0,0,0,1
1927,2,138,12,12,0,1
1928,1,917,0,0,0,1
1928,2,303,5,5,0,1
1929,1,138,0,0,0,1
1929,2,384,26,26,0,1
1929,3,383,7,7,0,1
1930,1,383,0,0,0,1
1930,2,385,6,6,0,1
1930,3,138,31,31,0,1
1931,1,403,0,0,0,1
1931,2,606,69,69,0,1
1931,3,603,6,6,0,1
1934,1,603,0,0,0,1
1934,2,164,3,3,0,1
1935,1,165,0,0,0,1
1935,2,603,7,7,0,1
1935,3,606,6,6,0,1
1936,1,204,0,0,0,1
1936,2,209,9,9,0,1
1936,3,919,7,7,0,1
1937,1,202,0,0,0,1
1937,2,204,7,7,0,1
1937,3,192,7,7,0,1
1938,1,192,0,0,0,1
1938,2,197,5,5,0,1
1938,3,200,8,8,0,1
1939,1,200,0,0,0,1
1939,2,201,18,18,0,1
1939,3,644,5,5,0,1
1940,1,403,0,0,0,1
1940,2,225,15,15,0,1
1940,3,199,15,15,0,1
1940,4,945,21,21,0,1
1941,1,945,0,0,0,1
1941,2,199,21,21,0,1
1941,3,552,17,17,0,1
1942,1,192,0,0,0,1
1942,2,363,21,21,0,1
1943,1,192,0,0,0,1
1943,2,317,9,9,0,1
1944,1,192,0,0,0,1
1944,2,530,18,20,0,1
1945,1,192,0,0,0,1
1945,2,195,24,24,0,1
1946,1,192,0,0,0,1
1946,2,191,11,11,0,1
1946,3,493,6,6,0,1
1947,1,225,0,0,0,1
1947,2,856,12,12,0,1
1947,3,591,4,4,0,1
1947,4,192,12,12,0,1
1948,1,211,0,0,0,1
1948,2,945,15,15,0,1
1948,3,802,8,8,0,1
1948,4,192,6,6,0,1
1949,1,192,0,0,0,1
1949,2,403,35,35,0,1
1949,3,427,10,10,0,1
1950,1,192,0,0,0,1
1950,2,634,31,31,0,1
1951,1,634,0,0,0,1
1951,2,225,51,51,0,1
1951,3,192,20,20,0,1
1952,1,192,0,0,0,1
1952,2,588,20,20,0,1
1952,3,191,18,18,0,1
1953,1,225,0,0,0,1
1953,2,634,51,51,0,1
1953,3,192,31,31,0,1
1954,1,192,0,0,0,1
1954,2,645,15,15,0,1
1954,3,403,20,20,0,1
1955,1,403,0,0,0,1
1955,10,420,1,5,0,1
1955,11,581,1.5,5,0,1
1955,12,601,1.5,5,0,1
1955,13,401,1.5,5,0,1
1955,14,980,4.5,5,0,1
1955,2,436,2,5,0,1
1955,3,373,1.5,4,0,1
1955,4,403,0.5,4,0,1
1955,5,394,2,4,0,1
1955,6,544,1,5,0,1
1955,7,456,0.5,5,0,1
1955,8,411,0.5,4,0,1
1955,9,391,1,4,0,1
1957,1,420,0,0,0,1
1957,2,432,3,5,0,1
1957,3,425,1.5,3,0,1
1957,4,377,3,5,0,1
1958,1,453,0,0,0,1
1958,2,373,2,4,0,1
1958,3,589,1.5,3,0,1
1958,4,981,10,15,0,1
1959,1,76,0,0,0,1
1959,2,982,15,15,0,1
1961,1,403,0,0,0,1
1961,10,403,3,10,0,1
1961,2,373,1,4,0,1
1961,3,396,2,10,0,1
1961,4,395,0.5,4,0,1
1961,5,402,2.5,9,0,1
1961,6,420,0.5,5,0,1
1961,7,601,2,7,0,1
1961,8,401,1.5,4,0,1
1961,9,983,2,7,0,1
1964,1,403,0,0,0,1
1964,2,411,3,5,0,1
1964,3,456,1,5,0,1
1964,4,396,1,5,0,1
1964,5,395,0.5,5,0,1
1964,6,403,1.5,5,0,1
1964,7,984,6,10,0,1
1964,8,403,6,10,0,1
1965,1,403,0,0,0,1
1965,2,107,13,10,0,1
1965,3,108,9,10,0,1
1965,4,107,9,10,0,1
1965,5,984,7.5,10,0,1
1965,6,403,6,10,0,1
1966,1,192,0,0,0,1
1966,2,190,8,8,0,1
1966,3,189,4,4,0,1
1966,4,188,2,2,0,1
1966,5,187,2,2,0,1
1966,6,186,3,3,0,1
1966,7,185,2,2,0,1
1966,8,984,3,3,0,1
1966,9,403,6,7,0,1
1967,1,403,0,0,0,1
1967,2,172,27,27,0,1
1967,3,171,3,3,0,1
1967,4,170,3,3,0,1
1967,5,169,2,6,0,1
1967,6,168,3,6,0,1
1967,7,984,4,10,0,1
1967,8,403,6,5,0,1
1974,1,403,0,0,0,1
1974,10,402,2,5,0,1
1974,11,432,2.5,3,0,1
1974,12,417,2,3,0,1
1974,13,369,1.5,5,0,1
1974,14,401,1.5,5,0,1
1974,15,567,2,5,0,1
1974,16,403,4,5,0,1
1974,2,832,1.5,4,0,1
1974,3,453,1.5,3,0,1
1974,4,394,3,7,0,1
1974,5,398,1.5,4,0,1
1974,6,429,2,4,0,1
1974,7,387,1,3,0,1
1974,8,101,1,2,0,1
1974,9,311,1,2,0,1
1975,1,403,0,0,0,1
1975,2,436,3,10,0,1
1975,3,373,2,7,0,1
1975,4,403,1.5,5,0,1
1975,5,552,12,25,0,1
1975,6,403,12,25,0,1
1976,1,403,0,0,0,1
1976,10,984,5,20,0,1
1976,11,403,5,20,0,1
1976,2,417,1.5,5,0,1
1976,3,402,1,3,0,1
1976,4,420,2,5,0,1
1976,5,581,1.5,4,0,1
1976,6,401,3,10,0,1
1976,7,375,1.5,4,0,1
1976,8,589,1.5,4,0,1
1976,9,373,2,5,0,1
1977,1,929,0,0,0,1
1977,2,596,10,10,0,1
1979,1,403,0,0,0,1
1979,10,403,18,20,0,1
1979,2,394,1.1,5,0,1
1979,3,399,1.6,5,0,1
1979,4,429,3,5,0,1
1979,5,367,1.4,5,0,1
1979,6,391,0.7,5,0,1
1979,7,404,1,5,0,1
1979,8,35,0.7,5,0,1
1979,9,552,16,25,0,1
1980,1,165,0,0,0,1
1980,2,553,5,15,0,1
1980,3,132,5,15,0,1
1980,4,165,6,10,0,1
1981,1,165,0,0,0,1
1981,2,837,6,10,0,1
1981,3,646,6,10,0,1
1982,1,192,0,0,0,1
1982,2,588,20,30,0,1
1983,1,192,0,0,0,1
1983,2,530,18,20,0,1
1983,3,187,7,10,0,1
1983,4,475,7,10,0,1
1984,1,192,0,0,0,1
1984,2,591,14,15,0,1
1984,3,945,8,10,0,1
1985,1,192,0,0,0,1
1985,2,55,20,20,0,1
1986,1,192,0,0,0,1
1986,2,51,12,15,0,1
1987,1,192,0,0,0,1
1987,2,191,11,15,0,1
1988,1,192,0,0,0,1
1988,2,350,27,40,0,1
1988,3,958,3,5,0,1
1989,1,192,0,0,0,1
1989,2,857,15,20,0,1
1990,1,115,0,0,0,1
1990,2,288,5,10,0,1
1992,1,652,0,0,0,1
1992,2,959,2,10,0,1
1993,1,420,0,0,0,1
1993,2,653,26,30,0,1
1993,3,815,7,10,0,1
1993,4,293,7,10,0,1
1993,6,328,5.5,10,0,1
1993,7,420,19,30,0,1
1994,1,654,0,0,0,1
1994,3,87,5,5,0,1
1994,4,420,11,20,0,1
1994,5,391,2,4,0,1
1995,1,165,0,0,0,1
1995,2,384,12,30,0,1
1996,1,384,0,0,0,1
1996,2,681,6,15,0,1
1996,3,381,6,15,0,1
1997,1,384,0,0,0,1
1997,2,385,10,15,0,1
1997,3,383,11,15,0,1
1997,4,384,7,10,0,1
1998,1,56,0,0,0,1
1998,2,54,12,15,0,1
1998,3,655,4,10,0,1
1998,4,54,4,10,0,1
2001,1,403,0,0,0,1
2001,10,237,6,6,0,1
2001,11,241,4,5,0,1
2001,12,242,11,10,0,1
2001,13,243,9,10,0,1
2001,14,244,9,10,0,1
2001,15,245,12,15,0,1
2001,16,246,19,20,0,1
2001,17,648,75,90,0,1
2001,2,225,16,16,0,1
2001,3,226,7,7,0,1
2001,4,229,16,16,0,1
2001,5,231,13,13,0,1
2001,6,232,12,12,0,1
2001,7,234,13,13,0,1
2001,8,235,9,9,0,1
2001,9,236,9,9,0,1
2002,1,403,0,0,0,1
2002,10,933,15,10,0,1
2002,11,934,22,20,0,1
2002,12,648,75,90,0,1
2002,2,106,11,10,0,1
2002,3,192,24,20,0,1
2002,4,204,14,10,0,1
2002,5,211,11,20,0,1
2002,6,214,22,20,0,1
2002,7,215,16,10,0,1
2002,8,932,19,20,0,1
2002,9,220,11,10,0,1
2003,1,403,0,0,0,1
2003,10,143,11,11,0,1
2003,11,145,8,8,0,1
2003,12,152,17,17,0,1
2003,13,154,8,8,0,1
2003,14,156,12,12,0,1
2003,15,158,8,8,0,1
2003,16,160,17,17,0,1
2003,17,161,11,11,0,1
2003,18,162,10,10,0,1
2003,2,106,11,11,0,1
2003,3,108,10,10,0,1
2003,4,135,16,16,0,1
2003,5,138,13,13,0,1
2003,6,840,10,10,0,1
2003,7,503,9,9,0,1
2003,8,411,11,11,0,1
2003,9,142,13,13,0,1
2004,1,177,0,0,,
2004,10,168,7,7,,
2004,11,106,2,2,,
2004,13,403,11,11,,
2004,14,868,8,8,,
2004,15,869,3,3,,
2004,16,249,2,2,,
2004,17,251,7,7,,
2004,18,252,8,8,,
2004,19,253,6,6,,
2004,2,176,9,9,,
2004,20,257,23,24,,
2004,3,175,4,4,,
2004,4,174,3,3,,
2004,5,173,7,7,,
2004,6,172,5,5,,
2004,7,171,9,9,,
2004,8,170,3,3,,
2004,9,169,2,2,,
2005,1,138,0,0,,
2005,10,403,11,11,,
2005,11,868,8,8,,
2005,12,869,3,3,,
2005,13,249,2,2,,
2005,14,251,7,7,,
2005,15,252,8,8,,
2005,16,253,6,6,,
2005,17,257,23,32,,
2005,2,136,5,5,,
2005,3,135,6,6,,
2005,4,109,4,4,,
2005,5,137,6,6,,
2005,6,134,3,3,,
2005,7,108,5,5,,
2005,8,107,9,9,,
2005,9,106,5,5,,
2006,1,76,0,0,,
2006,10,4,2,2,,
2006,11,3,2,2,,
2006,12,2,4,4,,
2006,13,403,10,10,,
2006,14,868,8,8,,
2006,15,869,3,3,,
2006,16,249,2,2,,
2006,17,251,7,7,,
2006,18,252,8,8,,
2006,19,253,6,6,,
2006,2,75,7,7,,
2006,20,257,23,23,,
2006,3,74,8,8,,
2006,4,95,4,4,,
2006,5,227,9,9,,
2006,6,8,5,5,,
2006,7,7,10,10,,
2006,8,6,4,4,,
2006,9,5,3,3,,
2008,1,403,0,0,0,1
2008,10,594,19,19,0,1
2008,11,38,19,19,0,1
2008,12,39,38,38,0,1
2008,13,40,77,77,0,1
2008,14,41,34,34,0,1
2008,2,161,20,20,0,1
2008,3,8,15,15,0,1
2008,4,76,32,32,0,1
2008,5,77,8,8,0,1
2008,6,309,35,35,0,1
2008,7,31,52,52,0,1
2008,8,34,22,22,0,1
2008,9,37,29,29,0,1
2012,1,396,0,0,0,1
2012,2,1238,20,20,0,1
2015,1,192,0,0,0,1
2015,2,211,21,30,0,1
2015,3,724,11,10,0,1
2015,4,723,4,5,0,1
2015,5,725,5,5,0,1
2015,6,727,10,10,0,1
2015,7,712,4,5,0,1
2016,1,407,0,0,0,1
2016,2,414,12,15,0,1
2017,1,391,0,0,0,1
2017,2,417,1,6,0,1
2017,3,404,0.5,3,0,1
2017,4,35,0.5,3,0,1
2017,5,403,0.8,3,0,1
2017,6,414,2.7,5,0,1
2019,1,396,0,0,0,1
2019,10,401,0.25,1,0,1
2019,11,433,0.5,1,0,1
2019,12,432,0.5,1,0,1
2019,2,395,0.25,1,0,1
2019,3,394,0.25,1,0,1
2019,4,404,0.5,2,0,1
2019,5,370,0.5,2,0,1
2019,6,369,0.25,1,0,1
2019,7,416,0.25,1,0,1
2019,8,344,0.25,1,0,1
2019,9,425,0.25,1,0,1
2020,1,959,0,0,0,1
2020,2,399,3.5,4,0,1
2020,3,450,2,2,0,1
2020,4,42,10,10,0,1
2020,5,360,5,6,0,1
2020,6,42,5,10,0,1
2020,7,569,3,3,0,1
2020,8,2,5,5,0,1
2020,9,391,8,6,0,1
2021,1,959,0,0,0,1
2021,2,248,8,8,0,1
2021,3,247,10,10,0,1
2021,4,636,8,8,0,1
2022,1,959,0,0,0,1
2022,2,868,8,8,0,1
2022,3,869,3,3,0,1
2022,4,249,2,2,0,1
2022,5,250,6,6,0,1
2022,6,827,5,5,0,1
2022,7,896,3,3,0,1
2023,1,497,0,0,0,1
2023,10,351,3.5,6,0,1
2023,11,941,4,8,0,1
2023,12,445,4,6,0,1
2023,13,497,5,7,0,1
2023,14,902,8.5,16,0,1
2023,15,348,2,4,0,1
2023,16,902,2,4,0,1
2023,17,519,10,10,0,1
2023,18,95,2.5,3,0,1
2023,19,378,4,6,0,1
2023,2,448,5.5,12,0,1
2023,20,95,4,5,0,1
2023,21,519,2.5,2,0,1
2023,3,447,1,2,0,1
2023,4,351,3.5,6,0,1
2023,5,941,4,4,0,1
2023,6,445,4,7,0,1
2023,7,497,5,5,20,1
2023,8,448,5.5,10,0,1
2023,9,447,1,2,0,1
2024,1,403,0,0,2,1
2024,2,109,24,25,0,1
2024,3,257,80,80,0,1
2024,4,259,26,30,0,1
2025,1,403,0,0,0,1
2025,2,109,24,30,0,1
2025,3,240,146,150,0,1
2026,1,403,0,0,0,1
2026,2,109,24,30,0,1
2026,3,931,180,200,0,1
2027,1,403,0,0,0,1
2027,2,109,24,24,0,1
2028,1,192,0,0,0,1
2028,2,945,17,20,0,1
2028,3,909,8,10,0,1
2028,4,201,2.5,5,0,1
2028,5,202,2.5,5,0,1
2029,1,403,0,0,0,1
2029,2,109,25,25,0,1
2029,3,37,250,250,0,1
2030,1,403,0,0,0,1
2030,10,375,1,1,0,1
2030,11,682,18,15,0,1
2030,2,832,1.1,1,0,1
2030,3,544,1.6,2,0,1
2030,4,101,1.8,2,0,1
2030,5,391,1.9,2,0,1
2030,6,368,0.7,1,0,1
2030,7,401,2,2,0,1
2030,8,425,0.5,1,0,1
2030,9,344,0.4,0,0,1
2031,1,257,0,0,0,1
2031,2,403,57,54,0,1
2031,3,295,212,215,0,1
2031,4,665,91,91,0,1
2031,5,666,21,21,0,1
2032,1,589,0,0,0,1
2032,10,1103,0,0,0,1
2032,11,1239,0,0,0,1
2032,2,422,0,0,0,1
2032,3,832,0,0,0,1
2032,4,544,0,0,0,1
2032,5,456,0,0,0,1
2032,6,402,0,0,0,1
2032,7,420,0,0,0,1
2032,8,1195,0,0,0,1
2032,9,601,0,0,0,1
2033,1,634,0,0,0,1
2033,2,633,11,11,0,1
2033,3,204,5,5,0,1
2033,4,211,9,9,0,1
2034,1,705,0,0,0,1
2034,2,633,5,5,0,1
2034,3,704,0,0,0,1
2034,4,712,0,0,0,1
2035,1,108,0,0,0,1
2035,2,107,9,9,0,1
2035,3,706,9,9,0,1
2036,1,192,0,0,0,1
2036,2,225,20,20,0,1
2037,1,567,0,0,0,1
2037,2,683,3.5,6,0,1
2041,1,452,0,0,0,1
2041,10,718,3.5,10,0,1
2041,2,420,2,6,0,1
2041,3,672,6,9,0,1
2041,4,87,5,7,0,1
2041,5,654,4,10,0,1
2041,6,250,8,17,0,1
2041,7,672,7,15,0,1
2041,8,420,6,9,0,1
2041,9,601,2.5,6,0,1
2042,1,403,0,0,0,1
2042,10,412,14,14,0,1
2042,11,718,1,2,0,1
2042,12,403,3,3,0,1
2042,2,225,14,15,0,1
2042,3,199,17,17,0,1
2042,4,856,5,5,0,1
2042,5,198,10,10,0,1
2042,6,197,3,3,0,1
2042,7,192,4,5,0,1
2042,8,187,16,16,0,1
2042,9,186,4,4,0,1
2043,1,403,0,0,0,1
2043,10,456,0.8,3,0,1
2043,11,101,1.2,3,0,1
2043,12,311,0.7,1,0,1
2043,13,715,0.4,2,0,1
2043,2,832,2.5,6,0,1
2043,3,453,0.6,2,0,1
2043,4,373,0.6,2,0,1
2043,5,717,1.2,3,0,1
2043,6,716,8,2,0,1
2043,7,394,0.5,2,0,1
2043,8,399,1.4,4,0,1
2043,9,398,0.3,1,0,1
2045,1,172,0,0,0,1
2045,2,710,7,7,0,1
2047,1,192,0,0,0,1
2047,2,964,10,10,0,1
2048,1,563,0,0,0,1
2048,2,212,7.5,15,0,1
2049,1,303,0,0,0,1
2049,2,491,8,8,0,1
2050,1,303,0,0,0,1
2050,2,318,11,11,0,1
2050,3,332,6,6,0,1
2052,1,589,0,0,0,1
2052,10,425,1,3,0,1
2052,11,401,0.4,1,0,1
2052,12,455,1.3,3,0,1
2052,13,977,2,5,0,1
2052,2,703,0.5,1,0,1
2052,3,832,0.8,2,0,1
2052,4,422,0.8,2,0,1
2052,5,394,1,1,0,1
2052,6,435,1.5,5,0,1
2052,7,544,0.4,1,0,1
2052,8,394,1,1,0,1
2052,9,404,0.8,2,0,1
2053,1,544,0,0,0,1
2053,2,394,1,2,0,1
2053,3,422,1,2,0,1
2053,4,832,0.8,2,0,1
2053,5,703,0.8,2,0,1
2053,6,589,0.5,1,0,1
2053,7,455,2,4,0,1
2053,8,977,2,4,0,1
2054,1,959,0,0,0,1
2054,2,601,0.5,1,0,1
2054,3,401,1.5,3,0,1
2054,4,425,0.5,1,0,1
2054,5,404,1,8,0,1
2054,6,438,0.5,1,0,1
2054,7,422,1.5,4,0,1
2054,8,707,6.5,15,0,1
2055,1,959,0,0,0,1
2055,2,402,1.2,5,0,1
2055,3,311,1,3,0,1
2055,4,101,0.8,3,0,1
2055,5,456,1,3,0,1
2055,6,544,1,3,0,1
2055,7,832,1,2,0,1
2055,8,453,0.5,1,0,1
2055,9,707,5,12,0,1
2056,1,403,0,0,0,1
2056,10,567,5,10,0,1
2056,2,544,2,4,0,1
2056,3,456,0.8,2,0,1
2056,4,429,2,3,0,1
2056,5,371,1,3,0,1
2056,6,311,0.5,1,0,1
2056,7,367,0.3,1,0,1
2056,8,402,0.7,2,0,1
2056,9,417,0.5,2,0,1
2057,1,204,0,0,0,1
2057,2,209,12,10,0,1
2057,3,211,8,10,0,1
2057,4,192,25,30,0,1
2058,1,63,0,0,0,1
2058,2,718,60,60,0,1
2059,1,403,0,0,0,1
2059,10,728,4,5,0,1
2059,2,544,3,5,0,1
2059,3,456,1,2,0,1
2059,4,101,2,2,0,1
2059,5,311,0.8,2,0,1
2059,6,402,0.8,2,0,1
2059,7,719,2,3,0,1
2059,8,422,5,10,0,1
2059,9,832,0.5,1,0,1
2061,1,403,0,0,0,1
2061,2,419,10,20,0,1
2062,1,432,0,0,0,1
2062,10,374,0.4,1,0,1
2062,11,375,0.3,1,0,1
2062,12,344,1,2,0,1
2062,13,425,0.5,1,0,1
2062,14,432,1.2,3,0,1
2062,2,433,0.4,1,0,1
2062,3,401,0.8,2,0,1
2062,4,425,0.5,1,0,1
2062,5,344,0.2,1,0,1
2062,6,416,0.1,1,0,1
2062,7,589,0.5,1,0,1
2062,8,703,0.5,1,0,1
2062,9,412,4,5,0,1
2063,1,567,0,0,0,1
2063,2,683,3.5,6,0,1
2064,1,403,0,0,0,1
2064,2,192,35,35,0,1
2064,3,225,20,20,0,1
2067,1,108,0,0,0,1
2067,2,107,5,5,0,1
2067,3,106,3,4,0,1
2067,4,707,1.5,3,0,1
2069,1,716,0,0,0,1
2069,2,717,1,1,0,1
2069,3,732,19,29,0,1
2070,1,403,0,0,0,1
2070,2,192,35,35,0,1
2071,1,403,0,0,0,1
2071,2,8,35,35,0,1
2072,1,403,0,0,0,1
2072,2,731,25,25,0,1
2074,1,108,0,0,0,1
2074,2,107,5,5,0,1
2074,3,106,3,4,0,1
2074,4,731,3,3,0,1
2075,1,403,0,0,0,1
2075,2,475,25,30,0,1
2075,3,731,20,20,0,1
2076,1,403,0,0,0,1
2076,10,412,3.5,4,0,1
2076,11,403,4,5,0,1
2076,2,832,1,4,0,1
2076,3,544,1.5,4,0,1
2076,4,101,2,4,0,1
2076,5,391,1.5,4,0,1
2076,6,420,1.5,4,0,1
2076,7,401,3,5,0,1
2076,8,416,1,3,0,1
2076,9,589,1,3,0,1
2077,1,403,0,0,0,1
2077,2,672,6,6,0,1
2077,3,668,13,13,0,1
2077,4,827,5,5,0,1
2077,5,896,2,2,0,1
2077,6,251,12,12,0,1
2077,7,1099,2,2,0,1
2077,8,403,23,23,0,1
2078,1,403,0,0,0,1
2078,2,601,3,3,0,1
2078,3,249,13,13,0,1
2078,4,1098,8,8,0,1
2078,5,251,7,7,0,1
2078,6,1099,2,2,0,1
2078,7,403,23,23,0,1
2079,1,403,0,0,0,1
2079,2,226,21,21,0,1
2079,3,1092,22,22,0,1
2079,4,248,6,6,0,1
2079,5,869,2,2,0,1
2079,6,249,2,2,0,1
2079,7,251,9,9,0,1
2079,8,1099,2,2,0,1
2079,9,403,23,23,0,1
2080,1,403,0,0,0,1
2080,2,293,30,30,0,1
2080,3,668,30,30,0,1
2080,4,1099,17,17,0,1
2080,5,403,23,23,0,1
2081,1,403,0,0,0,1
2081,10,420,2,2,0,1
2081,11,2,11,11,0,1
2081,12,422,11,11,0,1
2081,2,552,16,16,0,1
2081,3,192,20,20,0,1
2081,4,186,19,19,0,1
2081,5,453,11,11,0,1
2081,6,544,4,4,0,1
2081,7,404,2,2,0,1
2081,8,425,1,1,0,1
2081,9,392,3,3,0,1
2082,1,192,0,0,0,1
2082,2,552,20,20,0,1
2083,1,192,0,0,0,1
2083,2,552,20,20,0,1
2084,1,567,0,0,0,1
2084,2,2,35,45,0,1
2085,1,959,0,0,0,1
2085,2,248,10,10,0,2
2085,3,1102,7,7,0,2
2085,4,870,3,3,0,2
2085,5,247,4,5,0,2
2085,6,1117,3,3,0,2
2085,7,432,8,14,0,3
2086,1,403,0,0,0,1
2086,10,455,2,4,0,1
2086,11,735,2,4,0,1
2086,12,403,5,10,0,1
2086,2,420,4,5,0,1
2086,3,402,2,2,0,1
2086,4,376,2,2,0,1
2086,5,101,1,2,0,1
2086,6,544,2,3,0,1
2086,7,832,1.5,3,0,1
2086,8,403,1,3,0,1
2086,9,35,0.5,2,0,1
2087,1,427,0,0,0,1
2087,2,601,21,21,0,1
2087,3,432,0.5,1,0,1
2087,4,433,0.5,1,0,1
2088,1,429,0,0,0,1
2088,12,432,1.5,10,0,1
2088,15,425,1.5,10,0,1
2088,16,377,2.5,6,0,1
2088,7,402,2.4,12,0,1
2089,1,165,0,0,0,1
2089,2,166,6,6,0,1
2089,3,646,8.1,8,0,1
2089,4,138,2,1,0,1
2089,5,830,1.9,3,0,1
2089,6,489,3.5,4,0,1
2089,7,384,9.1,15,0,1
2089,8,27,4.9,3,0,1
2090,1,403,0,0,0,1
2090,2,192,35,35,0,1
2090,3,226,25,25,0,1
2090,4,1099,25,25,0,1
2090,5,403,25,25,0,1
2092,1,138,0,0,0,1
2092,2,137,11,11,0,1
2092,3,630,3.1,3,0,1
2092,4,165,2,2,0,1
2092,5,135,1.9,2,0,1
2092,6,133,16,16,0,1
2093,1,422,0,0,0,1
2093,10,443,5.6,0,0,1
2093,2,1207,1.6,2,0,1
2093,3,453,1.4,2,0,1
2093,4,832,0.7,1,0,1
2093,5,589,1.3,2,0,1
2093,6,1193,0.55,1,0,1
2093,7,370,1.2,2,0,1
2093,8,404,0.45,1,0,1
2093,9,399,2.2,0,0,1
2094,1,377,0,0,0,1
2094,10,443,3.1,4,0,1
2094,2,1103,1.6,2,0,1
2094,3,601,1.5,2,0,1
2094,4,1195,0.95,1,0,1
2094,5,719,1.1,2,0,1
2094,6,1234,2.1,3,0,1
2094,7,391,0.55,1,0,1
2094,8,456,3,3,0,1
2094,9,429,1.6,2,0,1
2095,1,443,0,0,0,1
2095,10,832,2,2,0,1
2095,11,1207,0.5,1,0,1
2095,12,422,1.5,2,0,1
2095,2,456,4,4,0,1
2095,3,402,2.5,3,0,1
2095,4,719,1,1,0,1
2095,5,1195,1,1,0,1
2095,6,664,1,0,0,1
2095,7,1103,1.7,2,0,1
2095,8,377,1.5,2,0,1
2095,9,589,2.5,3,0,1
2096,1,475,0,0,0,1
2096,2,106,17,17,0,1
2096,3,683,13,13,0,1
2099,1,1210,0,0,0,1
2102,1,1207,0,0,0,1
2102,10,832,0.8,1,0,1
2102,11,731,5.1,1,0,1
2102,2,544,1.5,2,0,1
2102,3,399,1,1,0,1
2102,4,404,1.7,2,0,1
2102,5,35,0.5,1,0,1
2102,6,422,0.85,1,0,1
2102,7,369,1,1,0,1
2102,8,1193,0.5,1,0,1
2102,9,436,1,1,0,1
2103,1,377,0,0,0,1
2103,10,399,0.5,1,0,1
2103,11,731,6.9,7,0,1
2103,2,1103,1.5,3,0,1
2103,3,601,1.7,4,0,1
2103,4,1195,1,2,0,1
2103,5,719,1.4,4,0,1
2103,6,391,1.2,3,0,1
2103,7,429,3,7,0,1
2103,8,456,1.6,3,0,1
2103,9,544,1,3,0,1
2114,1,601,0,0,0,1
2114,2,401,1,1,0,1
2114,3,370,1.1,2,0,1
2114,4,422,0.8,1,0,1
2114,5,707,7.1,7,0,1
2115,1,404,0,0,0,1
2115,2,417,0.6,2,0,1
2115,3,391,0.6,2,0,1
2115,4,393,1.7,4,0,1
2115,5,456,1.1,2,0,1
2115,6,398,0.85,2,0,1
2115,7,394,0.9,3,0,1
2115,8,422,1.2,3,0,1
2115,9,707,6.35,8,0,1
2116,1,470,0,0,0,1
2116,2,511,10,8,0,1
2116,3,58,4,3,0,1
2116,4,57,2,0,0,1
2116,5,56,10,6,0,1
2116,6,55,5,5,0,1
2116,7,54,5,5,0,1
2116,8,403,30,30,0,1
2117,1,1018,0,0,0,1
2117,2,108,3.3,6,0,1
2117,3,106,13,14,0,1
2117,4,731,2.7,3,0,1
2118,1,398,0,0,0,1
2118,2,404,2,2,0,1
2118,3,370,0.5,1,0,1
2118,4,1103,1.5,2,0,1
2118,5,567,2,2,0,1
2119,1,456,0,0,0,1
2119,2,429,2,2,0,1
2119,3,402,2.5,3,0,1
2119,4,417,0.5,1,0,1
2119,5,370,1.5,2,0,1
2119,6,1103,1.5,2,0,1
2119,7,567,2,2,0,1
2120,1,367,0,0,0,1
2120,2,368,1.4,2,0,1
2120,3,601,1,1,0,1
2120,4,1103,1.6,2,0,1
2120,5,567,2,2,0,1
2121,1,1234,0,0,0,1
2121,2,420,1,1,0,1
2121,3,1195,2,2,0,1
2121,4,601,1,1,0,1
2121,5,1103,1.6,2,0,1
2121,6,567,2,2,0,1
2122,1,422,0,0,0,1
2122,2,373,0.5,1,0,1
2122,3,590,0.5,1,0,1
2122,4,589,1,1,0,1
2122,5,375,1.4,2,0,1
2122,6,567,1.6,2,0,1
2123,1,1207,0,0,0,1
2123,2,453,1.5,2,0,1
2123,3,832,0.7,1,0,1
2123,4,408,0.8,1,0,1
2123,5,589,0.5,1,0,1
2123,6,567,3,2,0,1
2124,1,192,0,0,0,1
2124,2,555,9.8,10,0,1
2124,3,191,5.5,6,0,1
2124,4,819,2.8,3,0,1
2124,5,192,6.8,7,0,1
2124,6,226,25.5,26,0,1
2124,7,1099,25.2,26,0,1
2125,1,832,0,0,0,1
2125,2,453,0.35,1,0,1
2125,3,429,4.65,5,0,1
2126,1,832,0,0,0,1
2126,2,453,0.35,1,0,1
2126,3,399,2.35,3,0,1
2127,1,53,0,0,0,1
2127,2,563,4,5,0,1
2127,3,5,6.3,7,0,1
2127,4,880,11,13,0,1
2127,5,443,6.6,12,0,1
2253,1,56,0,0,0,1
2253,10,56,7.8,11,20,1
2253,11,286,7.8,12,0,1
2253,12,364,4.5,6,0,1
2253,13,54,3.6,2,0,1
2253,14,500,0.7,1,0,1
2253,15,971,2,3,0,1
2253,16,500,2,3,0,1
2253,17,54,0.7,1,0,1
2253,18,364,3.6,4,0,1
2253,19,56,7.5,9,0,1
2253,2,364,7.5,9,0,1
2253,3,54,3.6,7,0,1
2253,4,500,0.7,2,0,1
2253,5,971,2,3,0,1
2253,6,500,2,3,0,1
2253,7,54,0.7,2,0,1
2253,8,364,3.6,2,0,1
2253,9,286,4.5,4,0,1
3000,1,403,0,0,0,1
3000,10,235,0,0,0,1
3000,11,237,0,0,0,1
3000,12,238,0,0,0,1
3000,13,192,0,0,0,1
3000,14,211,0,0,0,1
3000,15,215,0,0,0,1
3000,16,254,0,0,0,1
3000,17,255,0,0,0,1
3000,2,257,0,0,0,1
3000,3,259,0,0,0,1
3000,4,240,0,0,0,1
3000,5,224,0,0,0,1
3000,6,269,0,0,0,1
3000,7,22,0,0,0,1
3000,8,251,0,0,0,1
3000,9,232,0,0,0,1
4254,1,403,0,0,0,1
4254,2,138,54,54,0,1
4264,1,403,0,0,0,1
4264,2,165,70,70,0,1
4280,1,403,0,0,0,1
4280,2,177,62,62,0,1
4282,1,403,0,0,0,1
4282,2,172,34,34,0,1
4296,1,403,0,0,0,1
4296,2,76,68,70,0,1
4400,1,403,0,0,0,1
4400,2,8,35,35,0,1
4431,1,403,0,0,0,1
4431,2,56,40,40,0,1
4450,1,403,0,0,0,1
4450,2,115,66,66,0,1
4460,1,403,0,0,0,1
4460,2,192,35,35,0,1
4502,1,403,0,0,0,1
4502,2,303,47,47,0,1
4701,1,501,0,0,0,1
4701,2,505,0,0,0,1
4701,3,506,0,0,0,1
4701,4,829,0,0,0,1
4701,5,506,0,0,0,1
4701,6,617,0,0,0,1
4701,7,501,0,0,0,1
4702,1,501,0,0,0,1
4702,2,504,15,30,0,1
4703,1,501,0,0,0,1
4703,2,733,14,30,0,1
4704,1,501,0,0,0,1
4704,2,587,8,20,0,1
4704,3,592,8,10,0,1
4704,4,501,14,15,0,1
5010,1,377,0,0,0,1
5010,10,391,1.3,2,0,1
5010,11,390,0.5,2,0,1
5010,12,389,0.3,2,0,1
5010,13,388,0.4,2,0,1
5010,14,451,1,2,0,1
5010,15,429,1.5,4,0,1
5010,2,455,0.4,2,0,1
5010,3,375,0.3,2,0,1
5010,4,344,1,2,0,1
5010,5,425,0.35,2,0,1
5010,6,401,0.4,2,0,1
5010,7,433,0.7,2,0,1
5010,8,432,0.35,2,0,1
5010,9,418,0.5,2,0,1
5011,1,719,0,0,0,1
5011,2,403,9,25,0,1
5012,1,399,0,0,0,1
5012,2,35,3,5,0,1
5012,3,416,2,5,0,1
5012,4,581,4,5,0,1
5012,5,417,1.5,8,0,1
5012,6,399,2.5,7,0,1
7323,1,403,0,0,0,1
7323,10,673,5,5,0,1
7323,11,674,3,5,0,1
7323,12,97,8,10,0,1
7323,13,598,9,10,0,1
7323,14,627,4,5,0,1
7323,15,628,5,5,0,1
7323,16,629,5,10,0,1
7323,17,599,9,10,0,1
7323,18,269,12,20,0,1
7323,2,672,15,15,0,1
7323,3,626,9,10,0,1
7323,4,89,7,10,0,1
7323,5,90,5,10,0,1
7323,6,91,4,5,0,1
7323,7,92,8,5,0,1
7323,8,93,4,10,0,1
7323,9,94,5,5,0,1
7332,1,8,0,0,0,1
7332,10,253,6,6,0,1
7332,11,254,11,11,0,1
7332,12,255,5,5,0,1
7332,13,257,7,7,0,1
7332,2,5,17,17,0,1
7332,3,2,8,8,0,1
7332,4,403,10,10,0,1
7332,5,868,8,8,0,1
7332,6,869,3,3,0,1
7332,7,249,2,2,0,1
7332,8,251,7,7,0,1
7332,9,252,8,8,0,1
7350,1,403,0,0,,
7350,10,114,11,11,,
7350,11,115,8,8,,
7350,12,116,10,10,,
7350,13,117,8,8,,
7350,14,123,8,8,,
7350,15,124,10,10,,
7350,16,125,11,11,,
7350,17,126,7,7,,
7350,18,127,3,3,,
7350,19,128,5,5,,
7350,2,106,11,11,,
7350,20,129,6,6,,
7350,21,130,10,8,,
7350,3,107,5,5,,
7350,4,108,9,9,,
7350,5,109,5,5,,
7350,6,110,3,3,,
7350,7,111,8,8,,
7350,8,112,6,6,,
7350,9,113,8,8,,
7351,1,403,0,0,,
7351,10,114,11,11,,
7351,11,115,8,8,,
7351,12,116,10,10,,
7351,13,117,8,8,,
7351,14,118,7,7,,
7351,15,119,15,15,,
7351,16,120,9,9,,
7351,17,121,7,7,,
7351,18,122,8,8,,
7351,2,106,11,11,,
7351,3,107,5,5,,
7351,4,108,9,9,,
7351,5,109,5,5,,
7351,6,110,3,3,,
7351,7,111,8,8,,
7351,8,112,6,6,,
7351,9,113,8,8,,
7360,1,8,0,0,,
7360,10,17,4,3,,
7360,11,18,8,5,,
7360,12,19,5,5,,
7360,13,20,8,5,,
7360,14,21,3,20,,
7360,15,22,14,20,,
7360,2,9,15,10,,
7360,3,10,8,10,,
7360,4,11,10,10,,
7360,5,12,4,5,,
7360,6,13,4,5,,
7360,7,14,7,5,,
7360,8,15,3,5,,
7360,9,16,8,7,,
