denumli,denomli,denomla,dectyli,denbrkm,deccent,decdeleg,denatli,dectyta,deactif,integ_bi,siv,sae
1,LAMINIA ESSAIED MANSOURA,ַבֳדםהםֹ  ַב׃םֿ  ַבדהױזֹׁ,1,10,2,13,2,S,1,,,
2,MED ALI - LAMINIA,דֽדֿ Úבם  ַבֳדםהםֹ,1,5,2,13,2,S,1,,,
3,BAB JDID-AFH-GAREROUTIERE,ַָָ ַבּֿםֿ-ַבױַָֽם-דֽ״ֹ ַבַּֽד,1,5,2,13,2,S,1,,,
4,ETTABEN AGIP ERRAHBA,ַבÊַָה-ֳּםָ-ַב׃םֿ-ַבָֹֽׁ,1,4,2,13,2,S,1,1,,1
5,BAB JDID - CITE EL MANAR,ַָָ ַבּֿםֿ-ַבָֹֽׁ-ַבױַָֽם-ַבדהַׁ,1,4,2,13,2,S,1,1,1,1
6,CITE ENNOUR - MANSOURAH,ֽם ַבהזׁ-ַבדהױזֹׁ,1,6.5,2,13,2,S,1,,,
7,MANSOURAH-ESSAIED-C.N.R.P.S,ַבדהױזֹׁ ַב׃םֿ ַבÚדַַׁÊ,1,10,2,13,2,S,1,,,
8,MANSOURAH-ESSAIED,ַבהדז׀ּם ַבדהױזֹׁ ַב׃םֿ,5,4.1,2,13,1,S,1,1,,1
9,M ALI-ESSAIED-EJAMAֲ-MANSOURAH, ַב׃םֿ ַבַּדÚ ַבדהױזֹׁ,1,5,2,13,2,K,1,,,
10,MANSOURAH-EJAMֲA-ESSAID-CNRPS,ַבדהױזֹׁ ַבַּדÚ ַב׃םֿ ַבÚדַַׁÊ,1,11,2,13,2,S,1,,,
11,M.ALI-FACULTE,ֽם דֽדֿ Úבם - ַבßבםֹ,5,8.5,2,13,1,S,1,1,,1
12,M.ALI -RACCADA,ֽם דֽדֿ Úבם-ׁÞַֹֿ,5,8.5,2,13,1,S,1,1,,1
13,FOYER UNIVERS.-FACULTE,ַבדָםÊ ַבַּדÚם  ַבßבםֹ,5,8,2,13,1,S,1,,,
14,FOYES  ECHEBBI-ECO.NORMALE,דָםÊ ַבװַָם  ַבÊׁװםֽ,5,4,2,13,1,S,1,1,,1
15,RECET.FINANCE MANSOURA-FACULTE,Þַָײֹ ַבדַבםֹ ַָבדהױזֹׁ  ַבßבםֹ,5,7,2,13,1,S,1,,,
16,BAB KHOKHA,ַָָ ַב־ז־ֹ-ַבÊּוםׂ-ַבֳּםָ-ַבהױׁ-דהױזֹׁ,5,,2,13,1,S,1,,,
17,EMBR.ALI BEY-MANSOURA-FACULTE,דÝÊׁÞ Ú.ַָם ַבדהױזֹׁ ַבßבםֹ,5,8,2,13,1,S,1,,,
18,M  ALI  RACCADA  FACULTE,ד.Úבם  ׁÞַֹֿ  ַבßבםֹ,5,9,2,13,1,K,1,,,
19,HOPITAL-BABKHOUKHA-BABJEDID,ַבד׃ÊװÝל-ַָָ ַב־ז־ֹ-ַָָ ַבּֿםֿ,1,1.8,2,13,2,S,1,,,
20,O.FARHAN-ENNHAISIA-MANSOURAH,ֳ.Ýַֽׁה  ָ.ַבּֿםֿ  ַבדהױזֹׁ,1,3,2,13,2,S,1,,,
21,CNR-EJJAMAA-CNR,ַבÚדַַׁÊ-ַבַּדÚ-ַבÚדַַׁÊ,1,14.7,2,13,2,S,1,1,1,1
22,CNR-ESSAIED-CNR,ַבÚדַַׁÊ ַב׃םֿ ַבÚדַַׁÊ,1,10.7,2,13,2,S,1,1,1,1
23,CNR-TRAVAUX-NAHASSINE-OULED FARH-ZONE INDUSTRIELLE,ַבÚדַַׁÊ ַבÊּוםׂ ַבהַֽ׃םה ֳ.Ýַֽׁה ד.ױהַÚםֹ,1,7.5,2,13,2,S,1,1,,1
24,MANSOURA-ESSAIED,ַבדהױזֹׁ  ַב׃םֿ,5,11,2,13,1,S,1,,,
25,MANSOURAH-EJJAMAA,ַבÊַָה-ַָָ ַבּֿםֿ-ַבָֹֽׁ-ַבדהַׁ,5,6,2,13,1,S,1,,,
26,MANSOURA-MED ALI-ESSAIED,ַבדהױזֹׁ  ד.Úבם  ַב׃םֿ,5,5,2,13,1,S,1,,,
27,CNRPS-MOSQUEE-HOPITAL IBN JAZZAR,ַבÚדַַׁÊ  ַבַּדÚ ד׃ÊװÝל ַָה ַבַּׁׂ,1,7,2,13,2,S,1,,,
28,CNRPS-ESSAIED-HOPITAL IBN JAZZAR,ַבÚדַַׁÊ ַב׃םֿ ד׃ÊװÝל ַָה ַבַּׁׂ,1,5,2,13,2,K,1,,,
29,LAMINIA - MED ALI,ַבֳדםהםֹ  דֽדֿ Úבם,5,1,2,13,1,K,1,,,
30,ESAID  AGIP  M ALI  MANSOURA,ַב׃םֿ ֳּםָ ד.Úבם ַבדהױזֹׁ,5,6,2,13,1,S,1,,,
31,CITE MED ALI -MANSOURAH,ֽם דֽדֿ Úבם-ַבדהױזֹׁ,1,2,2,13,2,S,1,1,,1
32,MANSOURAH-EJAMAA-MANSOURAH,ַבדהױזֹׁ  ַבַּדÚ  ַבדהױזֹׁ,5,6,2,13,1,S,1,,,
33,MANSOURAH-ESSAIED-MANSOURAH,ַבדהױזֹׁ  ַב׃םֿ  ַבדהױזֹׁ,5,8,2,13,1,S,1,,,
34,MANSOURAH-BAB KHOUKHA,ַבדהױזֹׁ ַָָ ַב־ז־ֹ,5,4,2,13,1,S,1,,,
35,HAJJEM-AGIP-MED ALI-MANSOURA,ַבַּֽד ֳּםָ ד.Úבם ַבדהױזֹׁ ַבהדז׀ּם,5,3,2,13,1,S,1,,,
36,IBN RACHIK-MED ALI-CNR,ַָה ׁװםÞ ד.Úבם ַבÚדַַׁÊ,5,3.6,2,13,1,S,1,1,,1
37,MANSOURA --ESSAIED-IBN RACHIK,ַבדהױזֹׁ ַב׃םֿ ַָה ׁװםÞ,5,8,2,13,1,S,1,,,
38,MANSOURA-ESSAIED-JAMAA MED-ALI,ַבדהױזֹׁ ַב׃םֿ ַבַּדÚ ד.Úבם ( Úָׁ Úבם ַָם ),5,2,2,13,1,S,1,,,
39,MANSOURA -ESSAIED -JEMAA -BAB-JEDID,ַבדהױזֹׁ ַב׃םֿ ַבַּדÚ ַָָ ַבּֿםֿ,5,7.5,2,13,1,S,1,1,,1
40,MANS-MED ALI-JAMAA-MANS.,ַבדהױזֹׁ ד.Úבם ַבַּדÚ ַבדהױזֹׁ,5,11,2,13,1,S,1,,,
41,ETTABBEN-MED ALI-MANSOURA,ַבÊַָה ד.Úבם ַבדהױזֹׁ ֵ.ַבהדז׀ּם,5,5,2,13,1,S,1,1,,1
42,MED ALI-MOEZ-BEIT AL HIKMA-COLLEGE PILKOTE,ֽם דֽדֿ Úבם-ַבדÚׂ-ַבדֿׁ׃ֹ-ֵ.ַבהדז׀ּם ַבדהױזֹׁ,5,3,2,13,1,S,1,1,,1
43,ENNACER-MEDINA-AGHALBA-AMINIA,ַבהױׁ ַבדֿםהֹ ַבֳÛַבָֹ ַבֳדםהםֹ,5,9,2,13,1,S,1,,,
44,Aghalba-M.Ali-CNR-C.Ennacer via Rocade,ַבֳÛַבָֹ ד.Úבם ַבÚדַַׁÊ ַבהױׁ Úָׁ ״.ַֽׂדםֹ,5,,2,13,1,S,1,,,
45,ESSAID  AGIP MD  ALI  MANSOURAH,ַב׃םֿ ֳּםָ ד.Úבם ַבדהױזֹׁ,5,3.6,2,13,1,S,1,1,,1
46,KAI  SIDI  ABDALLAH,ַבֳװÛַב ֳּםָ ַבהדז׀ּם ַֿׁ ַבֳדַה,5,,2,13,1,S,1,,,
47,ECHEBBI - LAMINIA,ַבװַָם  ַבֳדםהםֹ,5,4,2,13,1,K,1,,,
48,TABEN - CAZINO-IBN RACH- ECHBILIA,ַבÊַָה ßַׂםהז ַָה ׁװםÞ ַװָםבםֹ,5,6,2,13,1,K,1,,,
49,MANSOURA M.ALI - H.MAAL-D.LAMEN,ַבדהױזֹׁ ד.Úבם  ַבÊּוםׂ ַב׃םֿ ַֿׁ ַבֳדַה ד.הדז׀ּם,5,6,2,13,1,S,1,1,,1
50,DAR EL AMEN-AMINIA,ַֿׁ ַבֳדַה  ַבֳדםהםֹ,5,4,2,13,1,S,1,,,
51,MANSOURAH-ALI BEY-ENNOUR,ַבהדז׀ּם  ַבדהױזֹׁ Ú.ַָם ַבהזׁ,5,4,2,13,1,S,1,1,,1
52,ENNOUR-ELHAJJEM-AGIP-MANSOURA,ַבהזׁ- ַבַּֽד ֳּםָ ַבדהױזֹׁ,5,8,2,13,1,S,1,,,
53,ENNOUR-HAJJEM-AGIL - MANSOURAH,ַבהזׁ ַבַּֽד ֳּםָ ַבדהױזֹׁ,5,9,2,13,1,S,1,,,
54,FACULTE-ECHEBBI-ECOLE NORMALE,ַבßבםֹ ַבװַָם ַבÊׁװםֽ,5,,2,13,1,K,1,,,
55,MAISON DE CULTURE -FACULTE,ַֿׁ ַבֻÞַÝֹ  ַבßבםֹ,5,,2,13,1,K,1,,,
56,E.NORMALE -M.ALI -FACULTE,ַבÊׁװםֽ ד.Úבם ַבßבםֹ,5,10,2,13,1,K,1,,,
57,E.NORMALE - MANS - ENNASR,ַבÊׁװםֽ ַבדהױזֹׁ ַבהױׁ,1,9,2,13,2,K,1,,,
58,KAIR - ELBATEN,ַבÞםׁזַה  ַבַָ״ה,6,9,2,13,1,K,1,1,,1
59,FOYES ECHEBBI - FACULTE,דָםÊ ַבװַָם  ַבßבםֹ,5,,2,13,1,K,1,,,
60,DAR EL AMEN-AGIL-MED ALI,ַֿׁ ַבֳדַה Úּםב ד.Úבם,1,0,2,8,2,S,1,,,
61,ENNASR - ESSAYED -AMINIA,ֽם ַבהױׁ - ַב׃םֿ - ַָָ ַבּֿםֿ,1,4,2,13,2,S,1,1,1,1
62,AMINIA-TRAVAUX-ENNASR,ַָָ ַבּֿםֿ-ַבÊּוםׂ-ֽם ַבהױׁ,1,2.9,2,13,2,S,1,1,1,1
63,ENNACER-AGIP-MANSOURAH,ַבהױׁ ֳּםָ ַבדהױזֹׁ,1,6,2,8,2,S,1,,,
64,ENNASR-ALI BEY-MANSOURA,ֽם ַבהױׁ-Úבם ַָם-ַבדהױזֹׁ,5,2.65,2,13,1,S,1,1,,1
65,CNR-ENNASR-CITE OKBA,ַבÚדַַׁÊ ַבהױׁ ֽם ÚÞָֹ,5,4,2,13,1,S,1,1,,1
66,MANSOURA-ROCADE-ENNASR,ֵ.ַבהדז׀ּם ַבדהױזֹׁ ״.ַֽׂדםֹ ַבהױׁ,5,4.5,2,13,1,S,1,1,,1
67,ENNASR-AGIP-MED ALI,ַבהױׁ ֳּםָ ד.Úבם,1,4,2,8,2,S,1,,,
68,ENNASR-ESSAIED-AGHALBA,ֽם ַבהױׁ ַב׃םֿ ַבֳÛַבָֹ,1,7,2,13,2,S,1,1,,1
69,ENASER    TRAVAUX,ֽם ַבהױׁ-ַבÊּוםׂ,5,2.4,2,13,1,S,1,,,
70,CNR-HOP-AGHLAB-JEMAA-CNR,ַבÚדַַׁÊ ד׃ÊװÝל ַבֳÛַבָֹ ַבַּדÚ ַבÚדַַׁÊ,1,13,2,13,2,S,1,1,,1
71,ENNACER-DAR LAMEN(VIA-H-MAALOUL),ַבהױׁ ַֿׁ ַבֳדַה Úָׁ ֽ.ַבדÚבזב,5,5,2,8,1,S,1,,,
72,AMINIA-BAB ELKHOUKHA-ERRAHBA-ESSAIED-DAR LAMEN,ַבֳדםהםֹ ָ.ַב־ז־ֹ ַבָֹֽׁ ַב׃םֿ ֿ.ַבֳדַה,1,4,2,8,2,S,1,,,
73,ENNASR-LYCEE AGHALBA,ַבהױׁ דÚוֿ ַבֳÛַבָֹ,5,5,2,8,1,S,1,,,
74,AMINIA-BAB ELKHOUKHA-ERRAHBA-HOP-DAR LAMEN,ַבֳדםהםֹ ָ.ַב־ז־ֹ ַבָֹֽׁ ַבד׃ÊװÝל  ֿ.ַבֳדַה,5,4,2,8,1,S,1,,,
75,AMINIA-TRAVAUX-ELHAJEM-ENNOUR,ַבֳדםהםֹ-ַבÊּוםׂ-ַבַּֽד-ַבהזׁ,5,4.3,2,13,1,S,1,1,,1
76,MED ALI-AGIP-ESSAIED-MANSOURA,ד.Úבם ֳּםָ ַב׃םֿ ַבדהױזֹׁ,1,9,2,8,2,S,1,,,
77,LYCEE AGHALBA-EMB.CNR -ENNASR,דÚוֿ ַבֳÛַבָֹ דÝÊׁÞ ַבÚדַַׁÊ ַבהױׁ,1,4,2,8,2,S,1,,,
78,H.MAALOUL-HADJEM-D.LAMEN,ֽדַד ַבדÚבזב ַבַּֽד ֿ.ַבֳדַה,5,4,2,8,1,S,1,,,
79,DAR LAMEN-AFH-HOP.-RAHBA-LAMINIA,ֿ.ַבֳדַה ַבד׃ÊװÝל ַבָֹֽׁ ַבֳדםהםֹ,5,5,2,8,1,S,1,,,
80,AMINIA-CITE SEVILLE,ַבֳדםהםֹ ֽם ֵװָםבםֹ,1,,2,8,2,S,1,,,
81,C.MANAR-C.CHBILIA-ERRAHBA-O.FARHAN-LAMINIA,ֽם ַבדהַׁ-ֽם װָםבםֹ-ַבָֹֽׁ-ַזבַֿ Ýַֽׁה-ַבֲדםהםֹ,1,3.3,2,8,2,S,1,,,
82,LAMINIA-O.FARHANE-RAHBA-ECHBILIA,ַבֳדםהםֹ ֳ.Ýַֽׁה ַבָֹֽׁ ֵװָםבםֹ,1,3,2,8,2,S,1,,,
83,AGHALBA-MANS.-ENNASR,ַבֳÛַבָֹ ַבדהױזֹׁ ַבהױׁ,1,,2,8,2,S,1,,,
84,ENNACER-AGIL-PROMOGRO,ֽם ַבהױׁ - ֳּםָ - ַבדהױזֹׁ-ָׁזדזÞׁז,9,8,2,8,1,K,1,,,
85,MANSOURA - AGIL - VIA ALI BAY,ַבדהױזֹׁ Úּםב Úָׁ Ú.ַָם,1,,2,8,2,S,1,,,
86,MED ALI - CITE ENNOUR,דֽדֿ Úבם ֽם ַבהזׁ,1,5,2,13,2,S,1,,,
87,HIND GHITH-AGIL-MED ALI-FAC,והֿ Ûםֻ-Úּםב-ד.Úבם-ַבßבםֹ,5,10.6,2,8,1,S,1,,,
88, AGHLABIT -AMINIA-TRAVAUX-ENNASR-MANSOURA,ַבֳÛַבָֹ ַבֳדםהםֹ ַבÊּוםׂ ַבהױׁ ַבדהױזֹׁ,1,5,2,8,2,S,1,,,
89,TRAVAUX-EL HOSSARI-ENNASR,ַבÊּוםׂ ַבֽױׁם ַבהױׁ,5,3,2,8,1,S,1,,,
90,ENNASR  AGIP  TRAVEAUX,ַבהױׁ ֳּםָ ַבÊּוםׂ ַבדהױזֹׁ,5,5.3,2,13,1,S,1,1,,1
91,CNR-HOP AGHALBA-JAMAA-CNR,ַבÚדַַׁÊ - ד׃ÊװÝל ַבֳÛַבָֹ ַבַּדÚ ַבÚדַַׁÊ,1,,2,8,2,S,1,,,
92,ENNASR AGIP MANSOURAH,ַבהױׁ ֳּםָ ַבדהױזֹׁ,5,6,2,8,1,S,1,,,
93,ARRET.CNRPS-FACULTE,דֽ״ֹ ַבÚדַַׁÊ  ַבßבםֹ,5,9,2,13,1,S,1,1,,1
94,ROUTE SOUSSE B.JEDID H. IBN JAZZAR,דÚדב ַבÝםÊזֹׁ ָ.ּֿםֿ ד.ַָה ַבַּׁׂ,6,4.5,2,8,1,S,1,,,
95,LAMINIA-ENNOUR,ַבֳדםהםֹ  ַבהזׁ,5,,2,8,1,K,1,,,
96,MED.ALI L.AGHALBA D.LAMEN,ד.Úבם דÚוֿ ַבֳÛַבָֹ ֿ.ַבֳדַה,5,17,2,13,1,S,1,,,
97,MANSOURA-ESSAID-JEMAA-CNR,ַבדהױזֹׁ ַבַּדÚ ַב׃םֿ  ַבÚדַַׁÊ,5,,2,8,1,S,1,,,
98,BAB JEDID-MANSOURA,ַָָ ַבּֿםֿ ַבדהױזֹׁ,5,,2,8,1,S,1,,,
99,HADJEM-C.MED.ALI-FACULTֹ,ַבַּֽד ד.Úבם ַבßבםֹ,5,,2,8,1,K,1,,,
100,KAIR-USINE.BATTEN(SYLVANIA-TUNISIE),ַבÞםׁזַה-דÚדב ׃בÝַהםַ,9,,1,8,1,K,1,,,
101,USINE BATTEN(SYLVANIA-TUN)-KAIROUAN,׃בÝַÝםַ-ז׃״ ַבדֿםהֹ,9,,1,8,1,K,1,,,
102,KAI-SBIKHA-HINDI ZITOUNA-DOUTHRIA-SBIKHA,ַבÞםׁזַה - ַב׃ָם־ֹ - והֿם ַבׂםÊזהֹ - ַבֿזַֻׁםֹ - ַב׃ָם־ֹ,4,79,3,1,1,K,1,,,
103,AIR-SBIKHA-GUSAISSIA-DKHAILIA-H.OTHMAN -SBIKHA,ַבÞםׁזַה - ַב׃ָם־ֹ - ַבÞױַםױםֹ - ַבֿ־ַםבםֹ - ַֽהזÊ Úֻדַה - ַב׃ָם־ֹ,4,81,3,1,1,K,1,,,
104,MAISON DES FEMMES-H. AMINA,ַֿׁ ַבדֳֹׁ-הׂב ֳדםהֹ,9,,1,1,1,K,1,,,
105,SBIKHA-ERROUAOUNA,ַב׃ָם־ֹ ַבׁזַזהֹ,4,14,3,1,1,S,1,,,
106,BOUHAJLA-EJHINET,ָזּֽבֹ ַבּוםהַÊ,4,9,3,10,1,S,1,,,
107,RCTHR,ַבÞםׁזַה ַב׀זםַָÊ,4,13,3,1,1,S,1,,,
108,EFH,ַבÞםׁזַה ֳזבַֿ הוַׁ,4,13,3,1,1,K,1,,,
109,CHEBIKA  MAJDOUB,ַבװָםßֹ  ַבדּֿזָ,4,5,3,1,1,S,1,,,
110,HADJEB EL HADAIA ELAAMAIRIA,ַבַָּֽ Þױׁ ׃זם׃םה ַבÚדַםׁםֹ,4,21,3,4,1,S,1,,,
111,BOUHAJLA BOUHUCH KASSAAT,ָזּֽבֹ ָזֽזװ ַבÞױÚַÊ,4,25,3,10,1,S,1,,,
112,KAI. ENNABECH BECHIR ZARROUG,ַבÞםׁזַה  ַבהָװ ַבָװםׁ ׁׂזÞ,4,,3,1,1,S,1,,,
113,HAFFOUZ AIN GRAB OULED KALFALLAH,ֽÝזׂ  Úםה Ûַָׁ ֳזבַֿ ־בÝ ַבבו,4,24,3,2,1,S,1,,,
114,BOUHAJLA  TRAD ESHILETTE,ָזּֽבֹ  ״ַֿׁ ַב׃וםבַÊ,4,15,3,10,1,S,1,,,
115,SBIKHA TRABELSSIA  O.JLASSI,ַב׃ָם־ֹ  - ֳ.ּבַױ - ַב״ַָׁב׃םֹ -ַב׃ָם־ֹ,4,40,3,1,1,S,1,,,
116,SBIKHA DAR SGAIR,ַב׃ָם־ֹ ַֿׁ ַבױÛםׁ,4,13,3,1,1,S,1,,,
117,SBIKHA BLAAZA AOUITHA GFAII,ַב׃ָם־ֹ ַבָבַÚֹׂ ַבÚזםֹֻ ַבÞÝם,4,,3,1,1,S,1,,,
118,H.B,ַבַָּֽ ַבÞׁםÚַÊ ַבוזַֿÝםֹ ַבוזַָׁ ָבַßַÊ ַבֽדַד,4,,3,1,1,S,1,,,
119,H,ַבַָּֽ ַבÞׁםÚַÊ ַבוזַֿÝםֹ ַבוזַָׁ זַֿ ַבÝזב ַבדֿׁ׃,4,,3,1,1,S,1,,,
120,HADJEB  GOUIBA  OUED  ERRMAL,ַבַָּֽ ַבÛזםָֹ זַֿם ַבׁדב,4,10,3,1,1,S,1,,,
121,SBIKHA-ARGOUB-OUELED HMED,ַב׃ָם־ֹ ַבÚׁÞזָ ֳזבַֿ ֳֽדֿ,4,26,3,1,1,S,1,,,
122,ETTABEN -CAZINO -IBN RACHIK,ַבÊַָה ßַׂםהז ַָה ׁװםÞ,5,,2,8,1,K,1,,,
123,CHEBIKA VIA B.SALEM,ַבÞםׁזַה ׁÞַֹֿ ָה ׃ַבד ַבװָםßֹ,4,25,3,6,1,K,1,,,
124,T.,ַב׃ָם־ֹ ַבװזַםֽםֹ ֳזבַֿ װוםָ,4,22,3,1,1,S,1,,,
125,MANSOURA-ALI BAY-AGIL,ַבדהױזֹׁ Úבם ַָם ֳּםָ,9,,2,1,1,K,1,,,
126,SB,ַב׃ָם־ֹ  ַבָ״ַֽ ַב׃Úַםֿםֹ,4,16,3,1,1,S,1,,,
127,SBIKHA-DAR BENTHABET,ַב׃ָם־ֹ ַֿׁ ָה ַָֻÊ,4,15,3,1,1,S,1,,,
128,HAJEM  AGIP M.ALI MANSOURA,ַָָ ַבּֿםֿ -  ַבדהױזֹׁ,5,,2,8,1,S,1,,,
129,BOUHADJLA KASSAAT BOUHOUCH O.NSIR,ָזּֽבֹ דׁׂזÞ Ýׁ־-ֳ.הױםׁ-ֳ.ָזֽזװ,4,70,3,1,1,S,1,,,
131,GARE ROUTIERE HADJEM,Úבל ׀דֹ דֽ״ֹ ַבַּֽד,11,0,2,8,1,S,1,,,
132,KAI RACCADA NASRALLAH,ַבÞםׁזַה ׁÞַֹֿ הױַׁבבו,4,50,3,8,2,K,1,,,
133,CNR ESSAID IBN RACHIK,ַבÚדַַׁÊ ַב׃םֿ ַָה ׁװםÞ,5,7,2,13,1,S,1,1,,1
134,HADJEB KSAR SWISSIN AMAIRIA WED ELFOUL,ַבַָּֽ Þױׁ ׃זם׃םה ַבÚדַםׁםֹ זַֿם ַבÝזב,4,,3,1,1,S,1,,,
135,OUELED-FARHAN  SITAF (DRAA-TAMMAR),ֳזבַֿ Ýַֽׁה  ׃םÊַÝ -  ׀ַׁÚ ַבÊדַׁ,9,5,1,1,1,K,1,,,
136,RACCADA NASRALLAH,ׁÞַֹֿ הױַׁבבו,4,,3,1,1,S,1,,,
137,KADRA ELKHADRA  ELARGOUB,ׁÞַֹֿ ַב־ײֱַׁ ַבÚׁÞזָ,6,25,2,8,1,S,1,,,
138,BATTEN FANDRA,ַבַָ״ה  Ýהֹֿׁ,4,15,3,6,1,S,1,,,
139,CHEBIKA  BEN SALEM,ַבװָםßֹ  ָה ׃ַבד,4,5,3,6,1,S,1,,,
140,CHEBIKA  ELHWAREB  OULED NASSAR,ַבװָםßֹ ַבוזַָׁ ֳ. הױׁ,4,27,3,1,1,S,1,,,
144, LAMINIA-AGIP-ENNOUR,ַבֳדםהםֹ Úּםב ַבהזׁ,4,,3,1,1,K,1,,,
145,SBIKHA- HINDI ZITOUNA-KAIROUAN,ַב׃ָם־ֹ - והֿם ַבׂםÊזהֹ - ַבÞםׁזַה,4,63.5,3,1,1,S,1,,,
146,SBIKHA-D. JEMIIA-BEZDIA-ROUAWNA-SBIKHA,ַב׃ָם־ֹ -ַֿׁ ַבּדÚםֹ - ַבַָֿׂםֹ - ַבׁזַזהֹ - ַב׃ָם־ֹ,4,56,3,1,1,S,1,,,
147, USINE (SYLVANIA*TUNISIE)- BATTEN, USINE (SYLVANIA*TUNISIE)- BATTEN,9,,1,17,2,K,1,,,
148,SBIKHA-HAMMED-MACHROU-AIN BOUMORRA-SBIKHA,ַב׃ָם־ֹ - ודַֿ - ַבדװׁזÚ - Úםה ָזדֹׁ - ַב׃ָם־ֹ,4,53,3,1,1,S,1,,,
149,SBIKHA-DKHEILIA-GUSAISIA- SBIKHA,ַב׃ָם־ֹ - ַבֿ־ַםבםֹ - ַבÞױַםױםֹ - ַב׃ָם־ֹ,4,31.5,3,1,1,S,1,,,
150,SBIKHA-H .ESSGUAER-O.CHEHAEB-BRAHMIA-S.MAHM-KAIROU,ַב׃ָם־ֹ - ַֽהזÊ ַבױÛםׁ - ֳזבַֿ װוםָ - ַבַָׁודםֹ - ׃ . דֽדזֿ - ַבÞםׁזַה,4,85.5,3,1,1,S,1,,,
151,AU QUAI,ַבזÞזÝ Úבל ַבׁױםÝ,11,,1,8,1,S,1,,,
152,SBIKHA-D. BEN AICHA-BATTAH-D. THABET-SBIKHA,ַב׃ָם־ֹ -ַֿׁ ָה Úםװֹ - ַבָ״ַֽ - ַֿׁ ַָֻÊ - ַב׃ָם־ֹ,4,70.5,3,1,1,S,1,,,
153,ELALAA HAFOUZ EL HADJEB,ַבÚבַ ֽÝזׂ ַבַָּֽ,2,62,3,3,2,K,1,,,
154,SBIKHA-D.ESSGUIR-GUFEI-D.JEMIIA-BEZDIA-SBIKHA,ַב׃ָם־ֹ - ַֿׁ ַבױÛםׁ - ַבÞÝם - ַֿׁ ַבּדÚםֹ - ַבַָֿׂםֹ - ַב׃ָם־ֹ,4,89.5,3,1,1,S,1,,,
155,155-SBIKHA-KONDAR-SOUSSE,ַב׃ָם־ֹ - ßהַֿׁ - ׃ז׃ֹ,7,79,1,1,2,K,1,1,,1
156,CITE ENNACER-YAHIA IBN OMAR-HAJJEM-MIBTAY,ֽם ַבהױׁ-םֽם ָה Úדׁ-ַבַּֽד-דםָ״ַם,9,8,1,1,1,K,1,,,
157,CHEBIKA  VIA  RACCADA  GRAGUIA,ַבÞםׁזַה ׁÞַֹֿ ַבÞַׁÞÚםֹ ַבװָםßֹ,4,45,3,1,1,S,1,,,
158,CHEBIKA  - MAJER,ַבװָםßֹ - דַּׁ-ַבÞםׁזַה,4,17,3,6,1,K,1,,,
159,CHEBIKA - ELHAWEREB,ַבװָםßֹ - ַבוזַָׁ,4,17,3,6,1,S,1,,,
160,OUHAIBIA  OULED NASSAR HAMMED B SALEM CHEBIKA,ַבזוַםָםֹ ֳזבַֿ הױׁ ַבÞַׁÞÚםֹ ודַֿ ָה ׃ַבד ַבװָםßֹ,4,,3,1,1,S,1,,,
161,EL HWAREB OULED ZAIR CHEBIKA MAJER KAI,ַבוזַָׁ ֳזבַֿ ַבַׂםׁ ַבװָםßֹ דַּׁ ַבÞםׁזַה,4,,3,1,1,K,1,,,
162,SBIKHA-DHRIET-L . DAR JEMIIA-HMERNIA-SBIKHA,ַב׃ָם־ֹ - ַב׀ׁםÚַÊ - דÚוֿ ַֿׁ ַבּדÚםֹ - ַבֽדַׁהםֹ - ַב׃ָם־ֹ,4,64.5,3,1,1,K,1,,,
163,CHEBIKA BEN SALEM HWEREB  OUHAIBIA,ַבװָםßֹ  ָה ׃ַבד ַבוזַָׁ ַבזוַםָםֹ,6,16,2,6,1,S,1,,,
164,CHEBIKA  HAMED GRAGIA OULED NASSAR,ַבװָםßֹ ודַֿ ַבÞַׁÞÚםֹ ודַֿ ֳזבַֿ הױׁ,4,20,3,1,1,S,1,,,
165,CHEBIKA OULED NASSAR EL OUHAIBIA,ַבװָםßֹ ֳזבַֿ הױׁ ַבזוַםָםֹ,4,20,3,1,1,K,1,,,
166,CHEBIKA OULED NASSAR CHEOIRBIA,ַבװָםßֹ ֳזבַֿ הױׁ ַבװזַָׁםֹ,4,22,3,6,1,S,1,,,
167,COUCHAGE  A  HADJEB,ַבÞםׁזַה - ַבÞ״ַׁהםֹ,9,26,1,1,1,K,1,,,
168,H,ַב׃Úֿםֹ - ַבÞ״בַׁהםֹ,9,,1,8,1,K,1,,,
169,CHEBIKA GRAGIA  HAMED,ַבװָםßֹ ַבÞַׁÞÚםֹ ודַֿ,4,15,3,6,1,S,1,,,
170,KAI. S..SAAD SILIANA ELKEF JANDOUBA,ַבÞםׁזַה  ׃.׃Úֿ ׃בםַהֹ ַבßַÝ ּהֿזָֹ,7,271,1,11,2,K,1,,,
171,KAI. S.SAAD SILIANA BEJA,׃.׃Úֿ ׃בםַהֹ ַָֹּ,7,223,1,11,2,K,1,,,
172,BOUHADJLA  20 MARS ECHRAYATIA, ָזּֽבֹ  -  20 דַׁ׃  ַבװַׁם״םֹ,4,20,3,10,1,S,1,,,
173,BOUHADJLA  DAR CHAABEN BIR ELAHJAR,ָזּֽבֹ ַֿׁ װÚַָה ֶָׁ ַבּֽׁ,4,8,3,10,1,S,1,,,
174,BOUHAJLA-ELLIBIA,ָזּֽבֹ- ַבבָםֹ,4,8,3,1,1,K,1,,,
175,HAJJEM-ADDAMI-MIBTAY,ַבַּֽד-ַבÚַֿדם--דםָ״ַם,9,5,1,1,1,K,1,,,
176,MSAHLI-MANSOURAH-ONAS-YURA,ד׃ַובם-דהױזֹׁ-Ê״וםׁ-םזַׁ,9,22.4,1,17,2,K,1,,,
177,HAJJEM - MED ALI - YURA,ַבַּֽד - ֽם דֽדרֿ Úבם - םזַׁ,9,12,1,17,2,K,1,,,
178,ENNACER-ARAFA-HAJJEM-AFH-YURA,ַבהױׁ-ÚׁÝֹ-ַּֽד-דÝÊׁÞ ֲדַה-םזַׁ,9,14,1,17,2,K,1,,,
179,ARAFA-MSAHLI-MANSOURAH-ONAS-YURA,ÚׁÝֹ-ד׃ַובם-דהױזֹׁ-Ê״וםׁ-םזַׁ,9,17,1,17,2,K,1,,,
180,AFH-HAJJEM-ESSAIED-YURA,דÝÊׁÞ ֲדַה-ַּֽד-ַב׃םֿ-םזַׁ,9,11,1,17,2,K,1,,,
181,FACULTE  KAIROUAN,ßבםֹ ׁÞַֹֿ   ַבÞםׁזַה,9,10,1,1,1,K,1,,,
182,ETTABEN-AGHALBA-HARASS-YOURA,ַבÊַָה-ַבֳÛַבָֹ-ַבֽׁ׃-םזַׁ,9,13,1,17,2,K,1,,,
183,SBIK-DHRIET-D.JEMIA-HMERNIA-DALL-MOTBAS-KAIR-BAT-S,ַב׃ָם־ֹ - ַב׀ׁםÚַÊ - ֿ. ַבּדÛםֹ - ַבֽדַׁהםֹ - ַבֿבז׃ם - ַבדÊָ׃״ֹ - ַבÞםׁזַה - ַבַָ״ה - ַב׃ָם־ֹ,4,132,3,1,1,K,1,,,
184,SBIKHA-HAMARNIA-ARAFET-L JAMIA-EL GUFAI-HAMED-DALO,ַב׃ָם־ֹ -ַבֽדַׁהםֹ -ÚׁÝַÊ -ד ֿ .ַבּדÚםֹ -ַבÞÝל -ודַֿ -ַבֿבז׃ם -ַב׃ָם־ֹ,4,108.5,3,1,1,K,1,,,
185,SBHKHA-DAR THABET -D.ESSGUIR-O.JLASS-SBIKHA,ַב׃ָם־ֹ - ַֿׁ ַָֻÊ - ַֿׁ ַבױÛםׁ - ֳזבַֿ ַבּבַױ - ַב׃ָם־ֹ,4,82,3,1,1,K,1,,,
186,SBIKHA-FREHNIA-M.CHOUAIHIA-H.ESSGUIR-ALAM-SBIKHA,ַב׃ָם־ֹ - ַבÝַֽׁהםֹ - דÞױ ַבװזַםֽםֹ - ַֽהזÊ ַבױÛםׁ - ַבÚבד - ַב׃ָם־ֹ,4,60,3,1,1,K,1,,,
187,SBIK-THRIET-FRAHNIA-MRIGUEB-BOUDABOUS-SBIKHA,ַב׃ָם־ֹ - ַב׀ׁםÚַÊ-ַבÝַֽׁהםֹ- ַבדׁםÞָ - ָזָֿז׃ -ַב׃ָם־ֹ,4,92.5,3,1,1,K,1,,,
188,SBIKH-RWEWNA-B.AICHA-CR.DAR JEMIIA-BLEEZA-SBIKHA,ַב׃ָם־ֹ - ַבׁזַזהֹ - ַֿׁ ָה Úםװֹ - ַֿׁ ַבּדÚםֹ - ַבÚזםֹֻ - ַבָבַÚֹׂ - ַב׃ָם־ֹ,4,70,3,1,1,K,1,,,
189,HAFFOUZ-HOUFIA X2 -AIN GURAB-KAIROUAN,ֽÝזׂ - ַבֽזÝםֹ - ַּדÚ ַבß׃ַ׃ָֹ *2- ַבÞםׁזַה,4,90.95,3,2,1,K,1,,,
190,KAI. SBIKA,ַבÞםׁזַה ַב׃ָם־ֹ  (Êׂזםֿ),7,35,1,8,2,K,1,,,
191,KAI.  OUSLATIA,ַבÚדב ßַדב ַבםזד ָםה ַבÞםׁזַה זַבז׃בַÊםֹ,7,60,1,8,2,K,1,,,
192,KAI. HAFFOUZ,ַבÞםׁזַה ֽÝזׂ  (Êׂזםֿ),7,54,1,8,2,K,1,,,
193,KAI. NASRALLAH,ַבÞםׁזַה הױַׁבבו  (Êׂזםֿ),7,50,1,8,2,K,1,,,
194,BOUHAJLA-KAIROUAN-RAVITAILLEMENT,ָזּֽבֹ-ַבÞםׁזַה- Êׂזםֿ,7,37.5,1,8,2,K,1,,,
195,CHRARDA-KAIROUAN-RAVITAILLEMENT,ַבװַֹֿׁׁ-ַבÞםׁזַה -Êׂזםֿ,7,68,1,8,2,K,1,,,
196,SBIKHA - DAR BEN AICHA,ַב׃ָם־ֹ - ַֿׁ ָה Úםװֹ,4,21,3,1,1,K,1,,,
197,EL-MANSOURAH  LBN  RACHIK  ENNOUR,ַבדהױזֹׁ ַָה ׁװםÞ ַבהזׁ,4,9,3,1,1,K,1,,,
198,DAR LAMEN-HOP-RAHBA-BEB JDID-CIE MED ALI-FACULTE,ַֿׁ ַבֳדַה-ַבד׃ÊװÝל-ַָָ ַבּֿםֿ-ֽם דֽדֿ Úבם-ַבßבםֹ,5,12.8,2,8,1,S,1,,,
199,KAI. ELALAA,ַבÚדב ßַדב ַבםזד ָםה ַבÞםׁזַה ז ַבÚבַ,7,70,1,8,2,K,1,,,
200,SBIKHA-DALOUSSI-METBASTA-KAIROUAN,ַבÚדב ßַדב ַבםזד ָםה ַב׃ָם־ֹ ז ַבÞםׁזַה,4,,3,1,1,K,1,,,
201,KAIROUAN-CHBIKA-OUELED ZAIR-BATEN-ROUISSAT,ַבÞםׁזַה-דַּׁ-ַבװָםßֹ--ֳ.ַבַׂםׁ-ַבַָ״ה-ַבׁזם׃ַÊ,4,63.6,3,6,1,K,1,,,
202,BOUHAJLA-GASAAT-GALEL-FALEH-MOUISAT,ָזּֽבֹ-ַבּֿםַÊ-ַבÝַבֽ-ַבדזם׃ַÊ,4,48.5,3,10,1,K,1,,,
203,BOUHAJLA-GASAAT-NSIR-MOUISAT-JDAIAT-JAMAA AJEMA,ָזּֽבֹ-ַבÞױÚַÊ-ֳזבַֿ הױםׁ-ַבדזם׃ַÊ-ַבּֿםַÊ-ַּדÚ ַבÚַּדֹ,4,89.2,3,10,1,K,1,,,
204,KAIROUAN-BEN OUNIS-BOUHAJLA-JDAIAAT-JAMAA-BIR HMED,ַבÞםׁזַה-ָה זהם׃-ָזּֽבֹ-ַבּֿםַÊ-ַּדÚ ַבÚַּדֹ-ֶָׁ ֽדֿ,4,95.5,3,1,1,K,1,,,
205,BOUHAJLA-BIR LAHJAR-BIR HMED-BOUHOUCH-KAIROUAN,ָזּֽבֹ-ֶָׁ ֽדֿ-ֳ.ָזֽזװ-ַבÞםׁזַה,4,62.5,3,10,1,K,1,,,
206,BOUHAJLA-OULED NSIR-ZGAINIA-OULED FARAH,ָזּֽבֹ-ֳ.הױםׁ-ַבָבַÛֹֻ-ַבׂÞַםהםֹ-ַב׃דַםׁםֹ-ֳ.Ýֽׁ,4,48.5,3,10,1,K,1,,,
207,BOUHAJLA-OULED BOUHOUCH-OULED FARAH,ָזּֽבֹ-ֳ.ָזֽזװ-ֳ.Ýֽׁ,4,51.5,3,10,1,K,1,,,
208,BOUHAJLA-CHRAITIA-24 JANVIER,ָזּֽבֹ-ַבװַׁם״םֹ-24 ַּהÝם,4,64,3,10,1,K,1,,,
209,BOUHAJLA-BEN OUENIS-JHINA-MARZOUK ELFARKH,ָזּֽבֹ-ָה זהם׃-ַבּוםהֹ-דׁׂזÞ ַבÝׁ־,4,59.5,3,10,1,K,1,,,
210,BOUHAJLA-BIR EL GHOUL-NOUILI,ָזּֽבֹ-ֶָׁ ַבÛזב-ַבהזםבם,4,60,3,10,1,K,1,,,
211,BOUHAJLA-BIR EL GHOUL-CHRAITIA,ָזּֽבֹ-ֶָׁ ַבÛזב*3-ַבװַׁם״םֹ,4,117,3,10,1,K,1,,,
212,BOUHAJLA-BIR EL GHOUL*2-CHRAITIA,ָזּֽבֹ-ֶָׁ ַבÛזב *2-ַבװַׁם״םֹ,4,80,3,1,1,K,1,,,
213,BOUHAJLA-O.AMARA-TRAD-SHILET-BORNI-GALEL-JHINET,ָזּֽבֹ-״ַֿׁ-ַב׃וםבַÊ-ַבָׁהם-Þבַב-ַבּוםהַÊ,4,46.1,3,10,1,K,1,,,
214,BOUHAJLA-JHINET-GALLEL-FALEH-SHILET-TRAD-O.AMARA,ָזּֽבֹ-ַבּוםהַÊ-Þבַב-ַבÝַבֽ-ַב׃וםבַÊ-״ַֿׁ,4,68.1,3,10,1,K,1,,,
215,BOUHAJLA-OUELED BOUHOUCH-JHINA-MARZOUK EL FARKH,ָזּֽבֹ-ֳ.ָזֽזװ-ַבּוםהֹ-דׁׂזÞ ַבÝׁ־,4,63.5,3,10,1,K,1,,,
216,BOUHAJLA-MARZOUG EL FARKH-EL GASAAT-OUELED NSIR,ָזּֽבֹ-דׁׂזÞ ַבÝׁ־-ַבÞױÚַÊ-ֳזבַֿ הױםׁ,4,73.4,3,10,1,K,1,,,
217,KAIROUAN-BOUHAJLA-BOUSARI-JHINET-EL GALLEL,ַבÞםׁזַה-ָזּֽבֹ-ָז׃ַׁם-ַבּוםהַÊ-ַבÞבַב,4,86,3,10,1,K,1,,,
218,BOUHAJLA-ELMOUISSAT-BOUSARI-BEN OUENIS, ָזּֽבֹ-ַבדזם׃ַÊ-ָז׃ַׁם-ָה זהם׃-ַבÞםׁזַה,4,87.6,3,10,1,K,1,,,
219,KAIROUAN-BOUHAJLA-EL OUEDAI-EL MOUISSAT,ַבÞםׁזַה-ָזּֽבֹ-ַבזֿם-ַבדזם׃ַÊ,4,103,3,10,1,K,1,,,
220,BOUHAJLA-TRAD-EL OUEDAI-KAIROUAN,ָזּֽבֹ-״ַֿׁ-ַבזֿם-ַבÞםׁזַה,4,110.2,3,10,1,K,1,,,
221,BOUHAJLA-ENTREE OUDAY-ABDMLAK-HANOUT MUSTAPHA,ָזּֽבֹ-דֿ־ב ַבזֿם-Úָֿ ַבדבß-Þױׁ ַבַָֿװ-ֽ.דױ״Ýל,4,75,3,10,1,K,1,,,
222,BOUHAJLA-RMADHNIA-GSAR EDABECH,ָזּֽבֹ-ַבׁדַײהםֹ-Þױׁ ַבַָֿװ,4,75.1,3,10,1,K,1,,,
223,KAIROUAN SBIKHA,ַבÞםׁזַה ַב׃ָם־ֹ,2,35,3,1,2,K,1,,,
224,KAIR. DALLOUSSI,ַב׃ָם־ֹ-ַב׃דַםÊםֹ-ַבÞםׁזַה,2,30,3,1,2,K,1,,,
225,KAIROUAN-DAR JAMIAA,ַבÞםׁזַה ַֿׁ ַבּדÚםֹ,2,66,3,1,2,K,1,,,
226,KAIROUAN-HOUAREB-ZAMLA-EL HAJEB-EL BDOUR,ַבׂדבֹ-ַבהַֿם-ַבַָּֽ-ַבָֿזׁ,4,38.7,3,4,1,K,1,,,
227,HAJEB-BOUDOUR*2-ENNEDI-HOUAREB-KAIROUAN,ַבַָּֽ-ַבָֿזׁ*2-ַבהַֿם-ַבׂדבֹ,4,57.5,3,4,1,K,1,,,
228,HAJEB-BOUDOUR-ENNEDI-HOUAREB-KAIROUAN,ַבַָּֽ-ַבָֿזׁ-ַבהַֿם-ַבוזַָׁ-ַבÞםׁזַה,4,83,3,1,1,K,1,,,
229,MHIRI -(KHADRA + ESSHIH X ) -ELAYECH - MHIRI,ַבדוםׁם - ( ַב־ײֱַׁ + ַבױֽםֽ *2 ) -ַבÚַםװ - ַבדוםׁם,4,52,3,11,1,K,1,,,
230,EL BATTEN- KAIROUAN,ַבַָ״ה ַבÞםׁזַה,2,11,3,8,2,K,1,,,
231,ENNOUR-HAJJEM-AGIL-MANSOURA-PILOTE,ַבהזׁ-ַבַּֽד-Úּםב-ַבדהױזֹׁ-ֵ.ַבהדז׀ּם,5,8.7,2,13,1,S,1,1,,1
232,ECOLE MANSOURA-ESSAIED-MANSOURA-PILOTE,דֿׁ׃ֹ ַבדהױזֹׁ-ַב׃םֿ-ַבדהױזֹׁ-ַבהדז׀ּם,4,10.9,3,8,1,K,1,,,
233,ENNACER-MSAHLI-MANSOURA-PILOTE,ֽם ַבהױׁ-ַבד׃ַובם-ַבדהױזֹׁ(דֽ״ֹ ַבÚדַַׁÊ)ֵ.ַבהדז׀ּם,5,4.4,2,13,1,S,1,1,,1
234,MANAR-AGIL-M.ALI-MANSOURA-PILOTE,ַבדהַׁ-ַב׃םֿ-Úּםב-דֽדֿ Úבם-ַבדהױזֹׁ-ֵ.ַבהדז׀ּם,5,9.23,2,13,1,S,1,1,,1
235,PILOTE-MANSOURA-ESSAIED,ַבהדז׀ּם-ַבדהױזֹׁ-ַב׃םֿ,4,9,3,8,1,K,1,,,
236,Bouhajla,ָזּֽבֹ,2,35,3,10,2,K,1,,,
237,OM JNIB - SANTAGE - SBIKHA,Ú ֳד ּהםָ - ַבױה״ַּ - ַב׃ָם־ֹ,4,,3,1,1,K,1,,,
238,ZAAFRANA,ׂÚÝַׁהֹ,2,18,3,8,2,K,1,,,
239,PILOTE-MANSOURA-ESSAIED-EJJAMAA-BEB JDID,רֵ.ַבהדז׀ּם-ַבדהױזֹׁ-ַב׃םֿ-ַבַּדÚ-ַָָ ַבּֿםֿ,5,8.8,2,13,1,S,1,1,,1
240,PILOTE-MANSOURA-ALI BEY-ENNOUR,ַבהדז׀ּם-ַבדהױזֹׁ-Úבם ַָם-ַבהזׁ,4,11,3,13,1,S,1,1,,1
241,PILOTE-MANSOURA-ROCADE-ENNACER,ַבהדז׀ּם-ַבדהױזֹׁ-ַבַֽׂדםֹ-ֽם ַבהױׁ- ַבÊּוםׂ,5,4.9,3,13,1,S,1,1,,1
242,PILOTE-MANSOURA-BEB EJDID,ַבהדז׀ּם-דֽדֿ Úבם-דה״Þֹ ַבֽׁ׃-ַָָ ַבּֿםֿ,4,6.3,3,8,1,K,1,,,
243,MANAR-ECHBILIA-RAHBA-O.FARHANE-LAMINIA-PILOTE,ַבדהַׁ-ַװָםבםֹ-ַבָֹֽׁ-ֳ.Ýַֽׁה-ַָָ ַבּֿםֿ-ַבהדז׀ּם ַבדהױזֹׁ,5,9,2,13,1,S,1,1,1,1
244,MED ALI-MANSOURA-PILOTE,ֽם דֽדֿ Úבם-ַבדהױזֹׁ-ַבהדז׀ּם,5,4,2,8,1,K,1,,,
245,ESSAIED-AGIL-M.ALI-MANSOURA-PILOTE,ַב׃םֿ-Úּםב-דֽדֿ Úבם-ַבדהױזֹׁ-ַבהדז׀ּם,5,6.3,2,8,1,K,1,,,
246,KAIROUAN-NASRALLAH,ַבÞםׁזַה הױַׁבבו,2,50,3,11,2,K,1,,,
247,KAI  SIDI SAAD,ַבÞםׁזַה ׃םֿם ׃Úֿ,2,52,3,11,2,K,1,,,
248,EL OUHAIBIA,ַבזוַםָםֹ,4,40,3,6,1,K,1,,,
249,NASRALLAH  KAIROUAN,הױַׁבבו ַבÞםׁזַה,2,50,3,11,2,K,1,,,
250,CHEBIKA,ַבװָםßֹ,2,25,3,6,2,K,1,,,
251,BEN SALEM,ָה ׃ַבד,2,27,3,,2,K,1,,,
252,KAIROUAN-EL GRINE,ַבÞםׁזַה ַבÞׁםה,2,30,3,6,2,K,1,,,
253,KAIROUAN-MAJER-HAFFOUZ,ַבÞםׁזַה-דַּׁ-ֽÝזׂ,2,46,3,2,2,K,1,1,1,1
254,Haffouz,ַבÞםׁזַה-ַבַָ״ה-ֽÝזׂ,2,54,3,2,2,K,1,1,1,1
255,Haffouz - Kairouan,ֽÝזׂ-ַבַָ״ה-ַבÞםׁזַה,2,54,3,2,2,K,1,,,
256,KAIROUAN-KSAR SOUISINE-OUELED MARZOUK,ַבׂדבֹ-Þױׁ ׃ז׃םה-ֳ.דׁׂזÞ,4,53.7,3,4,1,K,1,,,
257,HAJEB-GHOUIBA-OUED RMAL-DGHIMA-KAIROUAN,ַבַָּֽ-ַבÛזםָֹ-זַֿ ַבׁדב-ַבֿÛםדֹ-ַבׂדבֹ,4,66.5,3,4,1,K,1,,,
258,HAJEB-O.MARZOUK-KSAR SWISINE-KAIROUAN,ַבַָּֽ-ֳ.דׁׂזÞ-Þױׁ ׃ז׃םה-ַבÞםׁזַה,4,84.1,3,4,1,K,1,,,
259,HAJEB-GHOUIBA-ENNEDI-BEBSIA-KAIROUAN,ַבַָּֽ-ַבÛזםָֹ-ַבהַֿם-ַבַָָ׃םֹ-ַבÞםׁזַה,4,83.8,3,4,1,K,1,,,
260,HAJEB-DGHIMA-DAR ELKHLIFA-EL KANTARA,ַבַָּֽ-ַבֿÛםדֹ-ַֿׁ ַב־בםÝֹ-ַבÞה״ֹׁ,4,51.6,3,4,1,K,1,,,
261,"HAJEB-KANTARA-D,KHLIFA-O,MARZOUK-KANTARA-D,KHLIFA",ַבַָּֽ-ַבÞה״ֹׁ-ֿ.ַב־בםÝֹ-ֳ.דׁׂזÞ-ַבÞה״ֹׁ-ֿ.ַב־בםÝֹ,4,64,3,4,1,K,1,,,
262,HAJEB-DGHIMA-KANTRA-DAR ELKHLIFA-ZAMLA-AIN MAJOUNA,ַבַָּֽ-ַבֿÛםדֹ-ַבÞה״ֹׁ-ֿ.ַב־בםÝֹ-ַבׂדבֹ-ַבוזַֿÝםֹ,4,93.3,3,4,1,K,1,,,
263,MNARA-KHOBNA-NASRALLAH-ERREICHA-NASRALLAH,ַבדהַֹׁ - ַב־ָהֹ - הױׁ ַבבו -ַבַּֿׁ-הױׁ ַבבו,4,74.8,3,11,1,K,1,,,
264,EL ALAA,ַבÞםׁזַה  ַבÚבַ,2,70,3,3,2,K,1,1,,1
265,HADJEB-NADI-BEBSIA-HADJEB-GOUIBA,ַבׂדבֹ-ַבהַֿם-ַבַָָ׃םֹ-ַבַָּֽ-ַבÛזםָֹ,4,39.8,3,4,1,K,1,,,
266,HAJEB-ENNEDI-GHOUIBA-ENNEDI-BEBSIA-KAIROUAN,ַבַָּֽ-ַבהַֿם-ַבÛזםָֹ-ַבהַֿם-ַבַָָ׃םֹ-ַבׂדבֹ,4,78.2,3,4,1,K,1,,,
267,KAIROUAN-HOUAREB-HOUADFIA-GRIAAT-O.ABBES,ַבׂדבֹ-ַבוזַֿÝםֹ-ַבÞׁםÚַÊ-ַבַָּֽ-ֳ.Úַָ׃,4,42.8,3,4,1,K,1,,,
268,HAJEB-GRIAAT-AMAIRIA-O.ABBES-AMAIRIA-HOUADFIA-KAIR,ַָּֽ-ÞׁםÚַÊ-Úדַםׁםֹ-ֳ.Úַָ׃-Úדַםׁםֹ-וזַֿÝםֹ-Þםׁזַה,4,129.8,3,4,1,K,1,,,
269,HAJEB-O.ABBES-GRIAAT-HOUADFIA-HOUAREB-KAIROUAN,ַבַָּֽ-ֳ.Úַָ׃-ַבÞׁםÚַÊ-ַבוזַֿÝםֹ-ַבוזַָׁ-ַבÞםׁזַה,4,86.8,3,4,1,K,1,,,
270,KIAROUAN-AMAIRIA-KSAR SWISINE-OUED RMAL,ַבׂדבֹ-ַבÚדַםׁםֹ-Þױׁ ׃זם׃םה-זַֿ ַבׁדב,4,43.5,3,4,1,K,1,,,
271,HAJEB-AMAIRIA-OUED RMAL-AMAIRIA-HOUAREB-KAIROUAN,ַָּֽ-ַבÚדַםׁםֹ-זַֿ ַבׁדב-ַבÚדַׁםֹ-ַבוזַָׁ-ַבÞםׁזַה,4,120.9,3,4,1,K,1,,,
272,HAJEB-OUED RMAL-AMAIRIA-HOUAREB-KAIROUAN,ַבַָּֽ-זַֿ ַבׁדב-ַבÚדַםׁםֹ-ַבוזַָׁ-ַבÞםׁזַה,4,87.5,3,4,1,K,1,,,
273,BFS,הÞב Úדבֹ BFS,9,39.5,1,17,2,K,1,,,
274,SBIKHA-NADHOUR-CHAMA,ַב׃ָם־ֹ ַבהַÙזׁ דÚדב װַדַ,9,21,1,17,2,K,1,,,
275,EL HADJEB,ַבÞםׁזַה ַבַָּֽ,2,74,3,4,2,K,1,,,
276, R'HIMA CHEBIKA  KAI,ַבÞםׁזַה ַבװָםßֹ ֽׁםדֹ,4,55,3,6,2,K,1,,,
277,DHRIAAT-DAR SGAIER-SBIKHA,ַב׀ׁםÚַÊ-ַֿׁ ַבױÛםׁ-ַב׃ָם־ֹ,4,,3,1,1,K,1,,,
278,SBIKHA-FRAHNIYA,ַב׃ָם־ֹ - ַבÝַֽׁהםֹ,4,9,3,1,1,K,1,,,
279,BOUHADJLA SOUSSE VIA KAI.,ָזּֽבֹ ׃ז׃ֹ,7,,1,8,2,K,1,,,
280,OUESLATIA, ַבÞםׁזַה ַבז׃בַÊםֹ,2,62,3,7,2,K,1,1,,1
281,KAIR. JLOULA,ַבÞםׁזַה ּבזבֹ,2,34,3,7,2,K,1,,,
282,JLOULA   KSAR-LIMSA,ּבזבֹ Þױׁ בד׃ֹ,2,32,3,7,2,K,1,,,
283,SBIKHA-DALOUSSI-BLATA-JLASSI-DAR SGAIER,ַב׃ָם־ֹ-ַבֿבז׃ם-ַבָבַ״ֹ-ֳזבַֿ ַבּבַױם-ַֿׁ ַבױÛםׁ,4,,3,1,1,K,1,,,
284,KAIR - CHEBIKA - O . NASR - O ZAIER-AIROUAN,ַבÞםׁזַה - ַבװָםßֹ - ֳ . הױׁ - ֳ . ַבַׂםׁ-ַבÞםׁזַה,4,80.4,3,6,1,K,1,,,
285,KAI-RACCADA-B.SALEM-CHEBIKA(HOUAREB-OUHAIBIA-B.SAL,ַבÞםׁזַה-ׁÞַֹֿ- ודַֿ-( ַבוזַָׁ-ַבזוַםָםֹ-ָה ׃ַבד * 2)- ַבÞםׁזַה,4,125.65,3,6,1,K,1,,,
286,KAIR-CHEBIKA-HOUAREB--B.SALEM-LOUHAIBIA-KAIR,ַבÞםׁזַה -ַבװָםßֹ - ַבוזַָׁ - ָה ׃ַבד - ַבזוַםָםֹ - ַבÞםׁזַה,4,94.5,3,1,1,K,1,,,
287,NASRALLAH-MNARA X2-KHOBNA SUD-KHOBNA NORD - MNARA,הױׁ ַבבו - ַבדהַֹׁ * 2 - ַב־ָהֹ ַבּהזָםֹ - ַבדהַֹׁ - ַב־ָהֹ ַבװדַבםֹ - ַבדהַֹׁ,4,126.7,3,11,1,K,1,,,
288,MHIRI-E.CHEBBI-MNARA-KABARA-NASRALLA-MHIRI,ַבדוםׁם - ַבװַָם - ַבדהַֹׁ - ַבßַָֹׁ - הױׁ ַבבו,4,74.5,3,11,1,K,1,,,
289,KAIR-CHEBIKA-CHOUARBIA-O.ZAIR-KAIROUAN,ַבÞםׁזַה - ַבװָםßֹ - ַבװזַָׁםֹ - ֳ . ַבַׂםׁ - ַבÞםׁזַה,4,84.9,3,6,1,K,1,,,
290,KAIR - CHEBIKA - O . ZAIR - KAIROUAN,ַבÞםׁזַה - ַבװָםßֹ - ֳ . ַבַׂםׁ - ַבÞםׁזַה,4,77.3,3,6,1,K,1,,,
291,KAIR - CHEBIKA O . ZAIR - O . NASR - KAIROUAN,ַבÞםׁזַה - ַבװָםßֹ - ֳ. ַבַׂםׁ - ֳ הױׁ -ַבÞםׁזַה,4,88.8,3,1,1,K,1,,,
292,KAIROUAN - S . ABDALLAH - BATEN - CHEBIKA - KAIR,ַבÞםׁזַה - ׃ . Úַָֿבבו - ַבַָ״ה - ַבװָםßֹ - ַבÞםׁזַה,4,70.4,3,6,1,K,1,,,
293,KAI-CHEBIKA-ZGUEINIA-S.ABDALLA-BATEN-KAIR,ַבÞםׁזַה - ׁÞַֹֿ - ֳ.ֳֽדֿ - ַבָּםבַÊ - ַבÞםׁזַה,4,83.2,3,6,1,K,1,,,
294,KAIR - JBILET - HAMMED - B . SALEM -CHEBIKA - KAIR,ַבÞםׁזַה - ַבָּםבַÊ - ודַֿ - ָה ׃ַבד - ַבװָםßֹ - ַבÞםׁזַה,4,96.15,3,6,1,K,1,,,
295,KAIROUAN -B.SALEM -JBILET - CHEBIKA - O.NASR- KAIR,ַבÞםׁזַה -ׁÞַֹֿ -ַבÞַׁÞÚםֹ -ודַֿ - ֳזבַֿ הױׁ - ַבÞםׁזַה,4,117.3,3,1,1,K,1,,,
296,Chrarda,ַבÞםׁזַה ַבװַֹֿׁׁ,2,68,3,14,2,K,1,,,
297,AMINIA-B.KHOUKHA-RAHBA-LAMEN-AGHALBA,ַבֳדםהםֹ ָ.ַב־ז־ֹ ַבָֹֽׁ ֿ.ַבֳדַה ַבֳÛַבָֹ,1,5,2,8,2,K,1,,,
298,MANSOURA-ESSAIED-JEMAA-CNR,ַבדהױזֹׁ ַב׃םֿ ַבַּדÚ ַבÚדַַׁÊ,1,11,2,8,2,K,1,,,
299,KAIR-B.SALEM - JBILET - CHEBIKA -GURAGUIA - KAIR,ַבÞםׁזַה - ָה ׃ַבד - ַבָּםבַÊ - ַבװָםßֹ - ַבÞַׁÞÚםֹ - ַבÞםׁזַה,4,114.55,3,1,1,K,1,,,
300,KAIROUAN EL FAHS TUNIS,ַבÞםׁזַה Êזה׃-Úָׁ ַבÝֽױ,3,165,1,15,2,K,1,1,1,1
301,KAIROUAN-RACCADA-BICHI-DAHRI-SHIH-KAIROUAN,דֽדֿ Úבם-ׁÞַֹֿ-ַֽהזÊ ַבÙַוׁם-ד ָםװם-ַֽהזÊ ַבױֽםֽ,6,55,2,8,1,K,1,1,,1
302,KAIROUAN-SILIANA,ַבÞםׁזַה ַבז׃בַÊםֹ ׃בםַהֹ,3,107,1,15,2,K,1,1,1,1
311,KAIROUAN-MSAKEN-SOUSSE,ַבÞםׁזַה ד׃ַßה ׃ז׃ֹ,3,57,1,15,2,K,1,1,1,1
312,KAIROUAN-RIADH-SOUSSE,ַבÞםׁזַה-ֽם ַבׁםַײ-׃ז׃ֹ,3,57,1,15,2,K,1,1,1,1
316,KAIROUAN-MONASTIR,ַבדה׃Êםׁ Úָׁ ׃ז׃ֹ ֽם ַבׁםַײ,3,81,1,15,2,K,1,1,1,1
317,SBIKHA-KONDAR-SOUSSE,ַב׃ָם־ֹ-ßהַֿׁ-׃ז׃ֹ,3,79,1,1,2,K,1,1,,1
318,SBIKHA-METBASTA-SOUSSE,׃ָם־ֹ-דÊָ׃״ֹ-׃ז׃ֹ,3,79,1,1,1,K,1,1,,
320,KAIROUAN-NABEUL,ַבÞםׁזַה ַבהÝםײֹ הַָב,3,121,1,15,2,K,1,1,1,1
321,A . JLASSI-SBIKHA,ֳ . ַבּבַױם - ַבׁזַזהֹ - ַב׃ָם־ֹ,4,,3,1,1,K,1,,,
323,KAIROUAN EL JAM MAHDIA,ַבÞםׁזַה ַבּד ַבדוֿםֹ,3,117,1,15,2,K,1,1,1,1
324,OUESLATIAKAIROUAN-SOUSSE-CHATT MARIEM,ַבז׃בַÊםֹ ַבÞםׁזַה ׃ז׃ֹ װ״ דׁםד,3,140,1,7,2,K,1,1,,1
325,BOUHAJLA KAIROUAN SOUSSE CHATT MARIEM,ָזּֽבֹ ַבÞםׁזַה ׃ז׃ֹ װ״ דׁםד,3,113,1,10,2,K,1,1,,1
326,ALAA HAFFOUZ CHEBIKA SOUSSE CHAT MARIEM,ַבÚבֱַ ֽÝזׂ ַבװָםßֹ ׃ז׃ֹ װ״ דׁםד,3,148,1,3,2,K,1,1,,1
327,NASRALLA KAIROUAN SOUSSE CHATT MARIEM,הױׁ ַבבו ַבÞםׁזַה ׃ז׃ֹ װ״ דׁםד,3,128,1,11,2,K,1,1,,1
328,CHERARDA BOUHJLA KAI. SOUSSE CHATT MARIEM,ַבװַֹֿׁׁ ָזּֽבֹ ַבÞםׁזַה ׃ז׃ֹ װ״ דׁםד,3,146,1,14,2,K,1,1,,1
329,HAJEB KAI. CHATT MARIEM,ַבַָּֽ ַבÞםׁזַה ׃ז׃ֹ װ״ דׁםד,3,144,1,4,1,K,1,1,,1
330,SBIKHA-BATTAH-MACHROUAA,ַב׃ָם־ֹ-ַבָ״ַֽ-ַבדװׁזÚ,4,10,3,1,1,K,1,,,
331,BOUHAJLA HBIRA MAHDIA,ָזּֽבֹ וָםֹׁ ַבדוֿםֹ,3,139,1,10,2,K,1,1,,
332,BOUHAJLA-KAIROUAN-SOUUSE,ָזּֽבֹ-ַבÞםׁזַה-׃ז׃ֹ,3,92,1,10,2,K,1,1,,1
333,BOUHJLA-CHARARDA-SFAX,ָזּֽבֹ-ַבװַֹֿׁׁ-ױÝַÞ׃,3,116,1,10,2,K,1,1,,1
341,KAIROUAN-MAKTHAR,ַבÞםׁזַה ֽÝזׂ דßֻׁ,3,112,1,8,2,K,1,1,,1
350,KAIROUAN-KASSERINE,ַבÞםׁזַה ַבַָּֽ ַבÞױׁםה,3,152,1,15,2,K,1,1,,1
351,KAIROUAN-HAJEB-BOUZID,ַבÞםׁזַה ַבַָּֽ ָזׂםֿ,3,138,1,15,2,K,1,1,,1
360,KAIROUAN-SFAX,ַבÞםׁזַה ָזּֽבֹ ױÝַÞ׃,3,136,1,15,2,K,1,1,1,1
361,KAIROUAN-CHRARDA-BOUZID,ַבÞםׁזַה ַבװַֹֿׁׁ ָזׂםֿ,3,135,1,15,2,K,1,1,,1
365,NASRALLA-KABARA-KHOBNA-O.SUISS-E.CHEBBI-MHIRI,הױׁ ַבבו - ַבßַָֹׁ - ֳ . ַב׃זם׃  -ד . ַבװַָם - ַבדוםׁם,4,137.4,3,11,1,K,1,,,
366,NASRALLA-KABARA-E.CHEBBI-MNARA-FALLAGUA-MHIRI,הױׁ ַבבו - ַבßַָֹׁ - דֿׁ׃ֹ ַבװַָם - ַבדהַֹׁ - ַבÝבַÞֹ - ַבדוםׁם,4,80.8,3,1,1,K,1,,,
367,MHIRI-4 AMRAR GUDADHA-H . NEJI-ENNASIM-IDADIA-NASR,ַבדוםׁם - 4 ֳדַׁׁ ַבÞַֹֽֿֿ - ַֽהזÊ הַּם -ֽם ַבה׃םד - ַבֵÚַֿֿםֹ - הױׁ ַבבו,4,62.5,3,11,1,K,1,,,
368,NASRA-ELKSOUR X2-GUDEDHA-H .NEJI-NASRALLAH-MHIRI,הױׁ ַבבו - ַבÞױזׁ * 2 - ַבÞַֹֽֿֿ - ַֽהזÊ הַּם - הױׁ ַבבו - ַבדוםׁם,4,81.3,3,11,1,K,1,,,
369,NASRA- MNARA X2 -KHOBNA SUD X2-KHO.NORD X2-MNARA,הױׁ ַבבו - ַבדהַֹׁ * 2 - ַב־ָהֹ ַבּהזָםֹ *2 - ַב־ָהֹ ַבװדַבםֹ *2  - ַבדהַֹׁ,4,109.3,3,11,1,K,1,,,
370,NASRALLAH-MNARA-KHOBNA NORD - KHOBNA SUD-MNARA,הױׁ ַבבו - ַבדהַֹׁ *2- ַב־ָהֹ ַבװדַבםֹ - ַב־ָהֹ ַבּהזָםֹ - ַבדהַֹׁ,4,156.9,3,11,1,K,1,,,
371,NASR-MHIRI-S.SAAD-MNARA-KHOBNA*S-KHOBNA*N-SOUALEM-,הױׁ ַבבו- ַבדוםׁם - ׃. ׃Úֿ - ַבדהַֹׁ - ַב־ָהֹ ַבּהזָםֹ - ַב־ָהֹ ַבװדַבםֹ - ַב׃זַבד - ַבדוםׁם,4,125,3,1,1,K,1,,,
372,MHIRI -NASRALLAH-S.SAAD-MHIRI,ַבדוםׁם - הױׁ ַבבו - ׃םֿם ׃Úֿ - ַבדוםׁם,4,40.8,3,12,1,K,1,,,
373,MHIRI-S.SAAD-KHOBNA NORD-MNARA-DARRAJ-HRARTHIA-NAS,ַבדוםׁם - ׃םֿם ׃Úֿ - ַב־ָהֹ ַבװדַבםֹ - ַבדהַֹׁ - ַבׁםַםװֹ - ַבַֻֽׁׁםֹ - הױׁ ַבבו,4,90.9,3,11,1,K,1,,,
374,MHIRI-MNARA-E.CHEBBI-KHOBNA.N-S.SAAD-HMIDET-MHIRI,ַבדוםׁם - ַבדהַֹׁ ד. ַבװַָם-ַב־ָהֹ װ - ׃ . ׃Úֿ-ַבֽדםַֿÊ -ַבדוםׁם,4,103.7,3,11,1,K,1,,,
375,NASR-MHIRI-S.SAAD-ETWILA-RACCADA-MHIRI,הױׁ ַבבו - ַבדוםׁם - ׃. ׃Úֿ - ַב״זםבֹ - ַבדוםׁם - ׁÞַֹֿ - ַבדוםׁם,4,123.5,3,1,1,K,1,,,
376,ALA-HAJJEJ-L.SARJA-ESSOUDEN- ALA,ַבÚבֱַ ַב׃ֹּׁ ַבֻבַֹּ ַב׃זַֿה ַבַּּֽ ַב׃ֹּׁ ַבÚבֱַ,4,61,3,1,1,K,1,,,
377,ALA-L.SARJA-HAJJEJ-ESSOUDEN - ALA,.ַבÚבַ - דÚוֿ ַב׃ֹּׁ - ַבַּּֽ - ַב׃זַֿה - ַבֻבַֹּ -ַבÚבַ,4,64.9,3,3,1,K,1,,,
378,ALA-L.SARJA-ESSOUDEN-THELEJA-HAJJEJ-ALA,ַבÚבַ - דÚוֿ ַב׃ֹּׁ - ַב׃זַֿה - ַבֻבַֹּ - ַבַּּֽ - ַבÚבַ,4,64.1,3,1,1,K,1,,,
379,HAFOUZ-DBEBCHA-ALA-MSEYID-ALA,ֽÝזׂ-ַבַָָֿװֹ-ַבÚבַ-ַבד׃ַÚםֿ-ַבÚבַ,4,60,3,2,1,K,1,,,
380,KAIROUAN-HOUAREB-ZBARA-AIN KODYA-HAFFOUZ,ַבÞםׁזַה - ַבוזַָׁ -ַבׂדבֹ-ַבַָֹׁׂ-Úםה Ûַָׁ-ֽÝזׂ,4,87.15,3,2,1,K,1,,,
381,ALA-MSEYID-DBEBCHA-HAFFOUZ,ַבÚבַ - ַבד׃ַÚםֿ * 2 - ַבַָָֿװֹ - ֽÝזׂ,4,68,3,3,1,K,1,,,
382,ALA-SAYADA-ALA,ַבÚבַ - ױםַֹֿ - ַבÚבַ,4,44,3,3,1,K,1,,,
383,ALA-SAYADA X2 -ALA,ַבÚבַ - ױםַֹֿ * 2 - ַבÚבַ,4,88,3,3,1,K,1,,,
384,HAFFOUZ -GELIL- X2-ZAMLA-ZBARA-HOUAREB-KAIROUAN,ֽÝזׂ -ַבּבםב *2 -ַבׂדבֹ - ַבַָֹׁׂ - ַבוזַָׁ - ַבÞםׁזַה,4,104.25,3,2,1,K,1,,,
385,HAFFOUZ-ZAMLA X2-KHTATFA X2-ZBARA-GELIL,ֽÝזׂ - ַבׂדבֹ *2 - ַב־״ַ״Ýֹ *2 - ַבַָֹׁׂ - ַבּבםב,4,89.8,3,2,1,K,1,,,
386,HAFFOUZ-ZAMLA X2--KHTATFA-ZBARA-HOUAREB-KAIROUAN,ֽÝזׂ - ַבׂדבֹ *2 - ַב־״ַ״Ýֹ - ַבַָֹׁׂ - ַבוזַָׁ - ַבÞםׁזַה,4,121.75,3,2,1,K,1,,,
387,KAIR-ZAMLA-ZBARA-AIN MAJOUNA-GURIET-HOUDFIA-KAIROU,ַבÞםׁזַה - ַבׂדבֹ - Úםה דּזהֹ - ַבÞׁםÚַÊ - ַבוזַֿÝםֹ - ַבÞםׁזַה,4,57.95,3,4,1,K,1,,,
388,ZAMLA-KHTATFA X2-HOUADFIA-GURIAT-KAIROUAN,ַבׂדבֹ - ַב־״ַ״Ýֹ * 2 - ַבוזַֿÝםֹ - ַבÞׁםÚַÊ - ַבוזַָׁ - ַבÞםׁזַה,4,85.95,3,4,1,K,1,,,
389,ZAMLA-ZBARA-KHTATFA-HOUAREB-KAIROUAN,ַבׂדבֹ - ַבַָֹׁׂ - ַב־״ַ״Ýֹ - ַבוזַָׁ - ַבÞםׁזַה,4,53.75,3,2,1,K,1,,,
390,ZAMLA-HOUADFIA-GURIAT-ZBARA-KHTATFA-HOUAREB-KAIR,ַבׂדבֹ - ַבוזַֿÝםֹ - ַבÞׁםÚַÊ - ַבַָֹׁׂ - ַב־״ַ״Ýֹ - ַבוזַָׁ - ַבÞםׁזַה,4,68.75,3,1,1,K,1,,,
391,HAFFOUZ-KHIT EL OUED-AIN EL KODYA-HAFFOUZ,ֽÝזׂ - ־ם״ ַבזַֿם - Úםה ַבßֿםֹ - ֽÝזׂ,4,38,3,2,1,K,1,,,
392,HAFFOUZ - ALA-HAFFOUZ X 2,ֽÝזׂ - ַבÚבַ - ֽÝזׂ * 2,4,64,3,2,1,K,1,,,
393,OUSSLATIA -MERGUEB-ALIA-KHIT ELWED-HAFF-HOUFIA-HAF,ַבז׃בַÊםֹ- ַבדׁÞָ - ַבÚַבםֹ-־ם״ ַבזַֿ - ֽÝזׂ - ַבֽזÝםֹ - ֽÝזׂ,4,67.5,3,2,1,K,1,,,
394,HAFFOUZ-KHIT ELWED X2-KODYA X2-ALIA-OUSSLATIA,ֽÝזׂ - ־ם״ ַבזַֿ *2 - Úםה ַבßֿםֹ *2 -ַבדׁÞָ - ַבז׃בַÊםֹ,4,71.5,3,1,1,K,1,,,
395,KAIR-HOUAREB-O.KHALFALLAH-AIN HALLOUF-HOUAREB-KAIR,ַבÞםׁזַה - ַבוזַָׁ - ֳזבַֿ ־בÝ ַבבו - Úםה ַבֽבזÝ - ֽÝזׂ - ַבÚבַ - ֽÝזׂ,4,98.95,3,2,1,K,1,,,
396,HAFFOUZ-O. KHALFALLAH X2-A .HALLOUF-HOUAREB-KAIROU,ֽÝזׂ - ֳזבַֿ ־בÝ ַבבו *2 - Úםה ַבֽבזÝ - ַבוזַָׁ - ַבÞםׁזַה,4,108.95,3,2,1,K,1,,,
397,KAIR-HOUREB-KHTATFA-ZAMLA-HAFFOUZ-AIN GHRAB-HAFFOU,ַבÞםׁזַה - ַבוזַָׁ - ַב־״ַ״Ýֹ - ַבׂדבֹ - ֽÝזׂ - Úםה Ûַָׁ - ֽÝזׂ,4,88.95,3,2,1,K,1,,,
398,HAFFOUZ -EZORGU-AYAYCHA X2-CHRICHIRA-KAIROUAN,ֽÝזׂ - ַבׁׂÞ - ַבÚםַםװֹ *2 - ַבװׁםװםֹׁ - ַבÞםׁזַה,4,99.95,3,2,1,K,1,,,
399,HAFFOUZ-AYAYCHA X2 -EZORGU-CHRICHIRA-KAIROUAN,ֽÝזׂ - ַבÚםַםװֹ *2 - ַבׁׂÞ - ַבװׁםװםֹׁ - ַבÞםׁזַה,4,99.95,3,1,1,K,1,,,
400,KAIR.  BOUHAJLA,ַבÞםׁזַה-ָזּֽבֹ,2,35,3,10,2,K,1,1,,1
401,KAI  RMADHNIA,ַבÞםׁזַה  ַבׁדַײהםֹ,4,58,3,1,1,K,1,,,
402,BOUHAJLA - BIR -AHMED BIR-EL-HAJJAR,ָזּֽבֹ ֶָׁ ַבּֽׁ ֳֶָֽׁדֿ,4,11,3,10,1,K,1,,,
403,BOUHAJLA - B. EL GHOUL,ָזּֽבֹ  ֶָׁ ַבÛזב,4,20,3,1,1,K,1,,,
404,BOUHAJLA - EL MOUISSET,ָזּֽבֹ  ַבדזם׃ַÊ,4,17,3,10,1,K,1,,,
405,BOUHAJLA - B.AMARA,ָזּֽבֹ  ָה Úדַֹׁ,4,12,3,1,1,K,1,,,
406,BOUHAJLA - RMADHNIA,ָזּֽבֹ  ַבׁדַײהםֹ,4,23,3,10,1,K,1,,,
407,BOUHAJLA   KSAR-DABBACH  RMADNIA,ָזּֽבֹ  Þױׁ ַבַָֿװ  ַבׁדַײהםֹ,4,15,3,1,1,K,1,,,
408,Bir Lahjarr,ַבÞםׁזַה ֶָׁ ַבּֽׁ,4,45,3,1,1,K,1,,,
409,JEBIL(K.ZAAF-FELAH-B.ESSBIL),ַבÞםׁזַה ַבָּםב-דÝÊׁÞ ׂÚÝַׁהֹ_ַבÝַבֽ_ַב׃ָםב,6,21,2,8,1,K,1,1,,1
410,Bouhajla-El Khiloua,ָזּֽבֹ  ־בזֹ ַבדזם׃ַÊ ַֿׁװÚַָה,4,14,3,1,1,K,1,,,
411,CHERARDA - MSAADIA,ַבװַֹֿׁׁ-ַבַֽׁםׁםֹ-ַבד׃ַÚֿםֹ,4,8,3,14,1,K,1,,,
412,24JAN-ELOUNIN-BOUHAJLA,24ַּהÝם - ֽ ַבÚזהם - ֶָׁ ַבדַבֽ - ָזּֽבֹ,4,14,3,1,1,K,1,,,
413,BOUHAJLA - JHINA - MARZOUG FARKH,ָזּֽבֹ ּוםהֹ דׁׂזÞ ַבÝׁ־,4,20,3,10,1,K,1,,,
414,BOUHAJLA- TRAD,ָזּֽבֹ  ״ַֿׁ,4,16,3,1,1,K,1,,,
415,SBIKHA - KAIROUAN - TEX COMPANY,ַב׃ָם־ֹ - ַבÞםׁזַה-TEX COMPANY,9,90,1,17,2,K,1,,,
416,BOUHAJLA-ECOLE OULED NACER,ָזּֽבֹ  ֳזבַֿ הױםׁ,4,23,3,10,1,K,1,,,
417,BOUHAJLA-BIR EJDID,ָזּֽבֹ  ֶָׁ ַבּֿםֿ  ַבהזםבם,4,7,3,10,1,K,1,,,
418,KAIROUAN - TRAD,ַבÞםׁזַה  ״ַֿׁ,4,35,3,1,1,K,1,,,
419,KAIROUAN - OULED  NACER,ַבÞםׁזַה  ֳזבַֿ הױםׁ,4,33,3,1,1,K,1,,,
420,BOUHAJLA - ECHWAIHIA,ָזּֽבֹ  ַבװזַםֽםֹ,4,18,3,1,1,K,1,,,
421,BOUHAJLA-BIR EL- MALEH,ָזּֽבֹ  ֶָׁ ַבדַבֽ,4,10,3,1,1,K,1,,,
422,BOUHAJLA - BOUSARI,ָזּֽבֹ  ֶָׁ ַבּֽׁ  ָז׃ַׁם,4,15,3,10,1,S,1,,,
423,EJHINET  DAR-CHAABANE - BOUHAJLA,ָזּֽבֹ -דֿ־ב ַבּוםהַÊ ַבװ״םָו,4,17,3,10,1,K,1,,,
424,KAIROUAN - BIR ESSBIL,ַבÞםׁזַה ֶָׁ ַב׃ָםב,4,16,3,1,1,K,1,,,
425,JHINA - OULED FARAH,ַבּוםהֹ-ַזבַֿ Ýֽׁ,4,42,3,1,1,K,1,,,
426,BIR AHMED-JHINA-MARZOUG EL FARKH,ֶָׁ ֳֽדֿ-ַבּוםהֹ-דׁׂזÞ ַבÝׁ־,4,17,3,10,1,K,1,,,
427,CHRARDA-CHOUECHNIA-MSAIDIA,ַבװַֹֿׁׁ ַבװזַװהםֹ ַבד׃ַÚֿםֹ,4,12,3,14,1,K,1,,,
428,CHERARDA CHOICHNIA,ַבװַֹֿׁׁ ַבװזַװהםֹ,4,6,3,14,1,S,1,,,
429,BOUHAJLA  JDAA  JBIL,ָזּֽבֹ  ַבּֿÚ  ַבָּםב,6,14,2,10,1,K,1,1,,1
430,NASRALLAH,ַבÞםׁזַה-הױׁ ַבבו,2,50,3,11,2,K,1,1,,1
431,Menzel M'Hiri,ַבÞםׁזַה  ַבדוםׁם,4,40,3,11,2,K,1,,,
432,KAIROUAN-MHIRI-SIDI SAAD,ַבÞםׁזַה-ַבדוםׁם-׃םֿם ׃Úֿ,4,52,3,1,1,K,1,,,
433,M'HIRI-ESSOUALEM,ַבדוםׁם  ַב׃זַבד,4,6,3,11,1,K,1,,,
434,KHOTHER - CHERARDA,ַבװַֹֿׁׁ-ֳזבַֿ ד־Êַׁ-ַב־׀ׁ,4,11,3,14,1,K,1,,,
435,KAIROUAN-RACADA-BEN SALEM,ַבÞםׁזַה - ׁÞַֹֿ - ָה ׃ַבד,4,27,3,1,1,K,1,,,
436,KAIROUAN - EJBILET,ַבÞםׁזַה - ַבָּםבַÊ,4,23,3,1,1,K,1,,,
437,SBIKHA,ַב׃ָם־ֹ - ַבֽדַׁהםֹ - ַֿׁ ַבּדÚםֹ,4,43,3,1,1,K,1,,,
438,M'NARA - KABARA,ַבßַָֹׁ  ַבדהַֹׁ,4,9,3,1,1,K,1,,,
439,KHADHRA - NASRALLAH,הױַׁבבו ַב־ײֱַׁ,4,20,3,1,1,K,1,,,
440,MENZEL M'HIRI-EL ABADLIA  DOUAR  ADHLA,ַבדוםׁם  ַבÚַָֿבםֹ  ֿזַׁ ַבÚײבֹ,4,12,3,11,1,K,1,,,
441,NASRALLAH - BIR SLAIMIA  BIR AHMED,הױׁ ַבבו  ֶָׁ ַב׃בַםדםֹ  ֶָׁ ֳֽדֿ,4,12,3,11,1,K,1,,,
442,ALI-BOUGABRINE+ECOLE.S.SAAD,הױַׁבבו  ׃.׃Úֿ  ָזÞָׁםה,4,36,3,11,1,K,1,,,
443,S. SAAD  ETTOUILA, ׃םֿם ׃Úֿ  ַב״זםבֹ,4,15,3,11,1,K,1,,,
444,NASRALLAH - EL KABARA,הױַׁבבו  ַבßַָֹׁ,4,23,3,11,1,K,1,,,
445,NASRALLAH - MENZEL M'HIRI,הױַׁבבו ַבדוםׁם,4,9,3,11,1,K,1,1,,1
446,NASRALLAH - SIDI SAAD,הױׁ ַבבו-׃םֿם ׃Úֿ,4,22,3,1,1,K,1,,,
447,NASRALLAH - EL KHOBNA,הױַׁבבו  ַב־ָהֹ,4,39,3,1,1,K,1,,,
448,EL KHOBNA - KABARA,ַבßַָֹׁ  ַב־ָהֹ,4,21,3,1,1,K,1,,,
449,NASRALLAH - M'NARA,הױַׁבבו  ַבדהַֹׁ,4,27,3,11,1,K,1,,,
450,KAIROUAN HAJEB VIA MAJER,ַבÞםׁזַה-דַּׁ-ַבַָּֽ,2,66,3,4,2,K,1,1,,1
451,KAIROUAN - EL HOUFIA,ַבÞםׁזַה - ַבֽזÝםֹ,4,40,3,1,1,K,1,,,
452,SBIKHA - MADREST ARGOUB - OM JNIB,ַב׃ָם־ֹ ֿ.ַָֻÊ ד.ַבÚׁÞזָ ַד ּהםָ,4,23,3,1,1,K,1,,,
453,MHIRI.BOUGABRINE+ECO S.SAAD,ַבדוםׁם-ד-ַבװׁ״ֹ-׃םֿם ׃Úֿ-ָזÞָׁםה,4,26,3,11,1,K,1,,,
454,MENZEL M'HIRI -  SIDI SAAD,ַבדוםׁם-ַב׃זַבד-׃םֿם ׃Úֿ,4,12,3,11,1,K,1,,,
455,KHADHRA - MENZEL M'HIRI  HANOUT  SAHIH,ַבדוםׁם ַב־ײֱַׁ ַֽהזÊ ַבױֽםֽ,4,12,3,12,1,K,1,1,,1
456,HOUFIA - CHRICHIRA - HAFFOUZ,ַבֽזÝםֹ - ַבװׁםװםֹׁ - ֽÝזׂ,4,23,3,1,1,K,1,,,
457,NASRALLAH-ENNAJEH,הױַׁבבו  דֿׁ׃ֹ ַבהַּֽ,4,23,3,1,1,K,1,,,
458,Bir El Argoub,ֶָׁ ַבÚׁÞזָ,4,35,3,1,1,K,1,,,
459,El Mhiri-El Khathra,ַבדוםׁם-ַב־ײֱַׁ,4,10,3,1,1,K,1,,,
460,KAIROUAN-BATEN-SBIKHA,ַבÞםׁזַה-ַבַָ״ה-ַב׃ָם־ֹ,2,35,3,1,1,K,1,1,,1
461,BIR SKHOUN- OULED BELIL-BIR AHMER-SBIKHA,ֶָׁ ַב׃־זה -ֳזבַֿ ַָבבםב-ֶָׁ ַבֳֽדׁ-ַב׃ָם־ֹ,4,13,3,1,1,K,1,,,
462,KAIROUAN-SBIKHA-DALLOUSSI,ַבÞםׁזַה-ַב׃ָם־ֹ-ַבֿבז׃ם,4,42,3,1,1,K,1,,,
463,SBIKHA - ץKHODER,ַב׃ָם־ֹ-ַב־ײׁ,9,,1,1,1,K,1,,,
464,ECHBIKA-BEN SALEM-CHOUARBIA-OULED NASR,ַבװָםßֹ-ָה ׃ַבד-ַבװזַָׁםֹ-ַזבַֿ הױׁ,4,17,3,1,1,K,1,,,
465,SBIKHA-ARAFAT DAR JAMIA,ַב׃ָם־ֹ ÚׁÝַÊ ַֿׁ ַבּדÚםֹ,4,28,3,1,1,K,1,,,
466,ECHBIKA-BEN SALEM-HAMED-GRAGUIA-CHOURBIA,ַבװָםßֹ - ָה ׃ַבד-ודַֿ-ַבÞַׁÞÚםֹ-ַבװזַָׁםֹ,4,19,3,1,1,K,1,,,
467,SBIKHA - EDDALLOUSSI,ַב׃ָם־ֹ ַבÚבד ַבֿבז׃ם,4,8,3,1,1,K,1,,,
468,SBIKHA - EL ALAM,ַב׃ָם־ֹ  ַבÚבד,4,4,3,1,1,K,1,,,
469,SBIKHA -DALOUSSI-A. ALI - EL BLATA - OULED JLASS,ַב׃ָם־ֹ ַבֿבז׃ם-ֳזבַֿ Úבל- ַבָבַ״ֹ ֳ.ּבַױ,4,22,3,1,1,K,1,,,
470,DAR EL JAMMIA  HIDI ZITOUNA,ֿ.ַבּדÚםֹ והֿם ַבׂםÊזהֹ ַב׃ָם־ֹ,4,43,3,1,1,K,1,,,
471,KAIROUAN - HANOUT ESHIH,ַבÞםׁזַה - ַֽהזÊ ַבױֽםֽ,6,30,2,8,1,K,1,,,
472,Sbikha - Nabhana,ַב׃ָם־ֹ  הָוַהֹ,4,5,3,1,1,K,1,,,
473,SBIKHA-O.AHMED,ַב׃ָם־ֹ  ַזבַֿ ֳֽדֿ,4,16,3,1,1,K,1,,,
474,SBIKHA DKHILA CHORFA,,4,22,3,1,1,K,1,,,
475,SBIKHA -SANTAJ EL ARGOUB,׃ָם־ֹ-ױה״ַּ ַבÚׁÞזָ,4,19,3,1,1,K,1,,,
476,SBIKHA - BOUTIQUE OTHMEN,ַב׃ָם־ֹ ודַֿ ַֽהזÊ Úֻדַה ַב׃ָם־ֹ,4,16,3,1,1,K,1,,,
477,KAIROUAN - BIR KHALED,ַבÞםׁזַה - ֶָׁ ־ַבֿ,6,17,2,8,1,K,1,,,
478,SBIKHA - HAMMED,,4,13,3,1,1,K,1,,,
479,SBIKHA - MACHROUA,ַב׃ָם־ֹ Úםה ָזדֹׁ ַבדװׁזÚ,4,9,3,1,1,K,1,,,
480,SBIKHA-KSAYSIYA-DKHAYLIYA-BIR ESSKHOUN,ַב׃ָם־ֹ-ַבÞױַםױםֹ-ַבֿ־ַםבםֹ-ֶָׁ ַב׃־זה,4,20,3,1,1,K,1,,,
481,SBIKHA - FATNASSA,ַב׃ָם־ֹ  Ý״הַ׃ֹ,4,15,3,1,1,K,1,,,
482,SBIKHA - D.JAMIA VIA EL ALAM,ַב׃ָם־ֹ ַבÚבד ֿ.ַבּדÚםֹ,4,25,3,1,1,K,1,,,
483,DAR ELJAMIA  KRIOIAA  ELHAMARNIA,ַֿׁ ַבּדÚםֹ ַב־ׁםזÚ  ַבֽדַׁהםֹ,4,,3,1,1,K,1,,,
484,SBIKHA - DAR THABET 2,ַב׃ָם־ֹ - ַֿׁ ַָֻÊ 2,4,30,3,1,1,K,1,,,
485,SBIKHA-ROUA,ַב׃ָם־ֹ-ׁזַזהֹ-ַב׀ׁםÚַÊ-ֿ ַבּדÚםֹ-ַבÚזםֹֻ-ַבָבַÚֹׂ,4,37,3,1,1,K,1,,,
486,SBIKHA  BOU-DABBOUS,ַב׃ָם־ֹ  ָזָֿז׃,4,25,3,1,1,K,1,,,
487,SBIKHA OULED JLASSI OULED ALI TRABELSSIA,ַב׃ָם־ֹ ֳ.ַבּבַױם - ֳ. Úבם -ַב״ַָׁב׃םֹ- ַבדÚַּׁם,4,30,3,1,1,K,1,,,
488,SBIKHA-EL ALAM-EDHRIAAT,ַב׃ָם־ֹ ַבÚבד ַב׀ׁםÚַÊ,4,22,3,1,1,K,1,,,
489,SBIKHA EDHRIAAT D.JAMIAA,ַב׃ָם־ֹ ַב׀ׁםÚַÊ ַֿׁ ַבּדÚםֹ,4,10,3,1,1,K,1,,,
490,EL HADJEB,ַבÞםׁזַה  ַבַָּֽ,2,74,3,4,2,K,1,,,
491,HADJEB - OULED ABBASS,ַבַָּֽ  ַזבַֿ Úַָ׃,4,5,3,4,1,K,1,,,
492,HADJEB - OUED R'MAL,ַבַָּֽ  זַֿ ַבׁדב,4,14,3,4,1,K,1,,,
493,HADJEB - OULED MARZOUK,ַבַָּֽ  ַזבַֿ דׁׂזÞ,4,14,3,4,1,K,1,,,
494,CHEBIKA  R'HIMA  HADJEB,ַבװָםßֹ-ַבֽׁםדֹ-ַבַָּֽ,4,19,3,1,1,K,1,,,
495,HADJEB - EL KANTRA-DAR ELKHLIFA,ַבַָּֽ ַבÞה״ֹׁ ַֿׁ ַב־בםÝֹ,4,11,3,4,1,K,1,,,
496,HADJEB   LAHDAIA,ַבַָּֽ ַבוַֿםַ,4,17,3,4,1,K,1,,,
497,SBIKHA-HMARNIYA-ARAFET-DAR JAMIAA,ַב׃ָם־ֹ - ַבֽדַׁהםֹ -ÚׁÝַÊ - ֿ.ּדÚםֹ,4,35,3,1,1,K,1,,,
498,C.EZZAMLA - E.EZZBARA-B.EZZITOUNI,ַבׂדבֹ  ַבַָֹׁׂ ָםÊ ַבׂםÊזהם,4,10,3,4,1,K,1,,,
499,KSSAR SWISSIN - C.EZZAMLA,Þױׁ ׃ז׃םה-ַבׂדבֹ,4,13,3,1,1,K,1,,,
500,C.EZZAMLA - E.KHTATFA,ַבׂדבֹ ַב־״ַ״Ýֹ,4,6,3,4,1,K,1,,,
501,C.EZZAMLA  HOUEDFIA- E.AIN MAJOUNA,ַבׂדבֹ ַבוזַֿÝםֹ Úםה דּזהֹ,4,9,3,4,1,K,1,,,
502,KAIROUAN  EZZAMLA,ַבÞםׁזַה ַבׂדבֹ,4,47,3,4,1,K,1,1,,1
503,AWITHA - DAR JAMIAA -ALAM -SBIKHA,ַבÚזֹֻ - ַֿׁ ַבּדÚםֹ - ַבÚבד - ַב׃ָם־ֹ,4,,3,1,1,K,1,,,
504,El Hadjeb Via Lahdaia,ַבַָּֽ Úָׁ ַבוַֿםַ,4,83,3,1,1,K,1,,,
505,KAI   EL KANTRA,ַבÞםׁזַה  ַבÞה״ֹׁ,4,70,3,1,1,K,1,,,
506,HADJEB-GHOUIBA  ANIZET,ַבַָּֽ ַבÛזםָֹ ַבÚהםַׂÊ,4,9,3,4,1,K,1,,,
507,EL HOUAREB-LAHDAIA-HADJEB,ַבַָּֽ ַבוַֿםַ ַבוזַָׁ,4,45,3,1,1,K,1,,,
508,HOUAREB-GRןAT HOUEDFIA -HADJEB,ַבַָּֽ ַבÞׁםÚַÊ ַבוזַֿÝםֹ ַבוזַָׁ,4,47,3,1,1,K,1,,,
509,B.KHOUKHA-B.JDID-M.ALI-CNRPS-FACULTE,ָ.ַב־ז־ֹ-ָ.ַבּֿםֿ-דֽדֿ Úבם-ַבÚדַַׁÊ-ַבßבםֹ,5,10.9,2,13,1,S,1,1,,1
510,DAR LAMEN-CHBIKA,ַֿׁ ַבֳדַה  ַבװָםßֹ,4,16,3,1,1,K,1,,,
511,KAIROUAN-ENNABECH-KAZAZIA,ַבÞםׁזַה ַבהָװ ַב־ַׂׂםֹ,4,,3,1,1,K,1,,,
512,KAIROUAN-KHAZAZIA,ַבÞםׁזַה-ַב־ַׂׂםֹ-ַבדַׁׂםÞ,6,19,2,8,1,K,1,1,,1
513,METBASTA(LAMINIA-MED.ALI),ַבדÊָ׃״ֹ (ַבֳדםהםֹ-ֽם דֽדֿ Úבם,6,16,2,8,1,K,1,,,
514,HOUAMED-GHABET-M'RAZIGH,ַבÞםׁזַה-ַבֽזַדֿ-ַבÛַַָÊ,6,25,2,8,1,K,1,1,,1
515,KAIROUAN-HIMBEZ-KHDHAOURIA,ַבÞםׁזַה-ַבֽדַָׂ-ַב־ײַזׁםֹ,6,25,2,8,1,K,1,1,,1
516,EL HAMMAM-EDHWAHER,ַבÞםׁזַה-ַבֽדַד-ַבÙזַוׁ,6,25,2,8,1,K,1,1,,1
517,SIDI FRAJ -HANOUT SASSI,׃םֿם Ýּׁ-ֳזבַֿ ֽדֿ,6,21,2,13,1,K,1,1,,1
518,CHEBIKA - KAIROUAN,ַבÞםׁזַה-ַבװָםßֹ,4,25,3,6,1,K,1,1,,1
519,KAIROUAN-SAADIA,ַבÞםׁזַה  ַב׃Úֿםֹ,4,,3,1,1,K,1,,,
520,KHADRA-RAS ETTABIA-RACCADA-MED ALI,ַב־ײֱַׁ-ׁÞַֹֿ-ֽם דֽדֿ Úבם,6,30,2,8,1,K,1,1,,1
521,BEN SALEM -ESSOUABIA,ַבÞםׁזַה  ָה ׃ַבד  ַבױזַָÚםֹ,4,35,3,6,1,K,1,1,,1
522,KAIROUAN-CHEBIKA-ARABIA-BRIKAT-RACCADA-MED ALI,ַבÞםׁזַה-ַבװָםßֹ-ַבÚַׁםָםֹ -ַבָׁםßַÊ - ׁÞַֹֿ-דֽדֿ Úבם,4,73,2,6,1,K,1,1,,1
523,ZAAFRANA,ַבÞםׁזַה  ׂÚÝַׁהֹ,4,21,3,8,1,K,1,,,
524,Raccada,ַבÞםׁזַה  ׁÞַֹֿ,4,10,3,8,1,K,1,,,
525,EJBILET SONDAGE EL AITHA,ַבÞםׁזַה-ַבָּםבַÊ-ױה״ַּ ַבÚםֹֻ,4,30,3,8,1,K,1,1,,1
526,KAIROUAN - C.MANAR-C. ECHBILIA - GATRANIA,ַבÞםׁזַה-ַבדהַׁ-ֽם ַװָםבםֹ-ַבÞ״ַׁהםֹ,6,36.5,2,8,1,K,1,1,,1
527,ENNABICH BECHIR ZARROUK,ַבÞםׁזַה  ַבהָװ ַבָװםׁ ׁׂזÞ,6,30,2,8,1,K,1,,,
528,CHBIKA-EL AOUAMRIA,ַבװָםßֹ-ַבÚזַדׁםֹ,4,9,3,1,1,K,1,,,
529,CHBIKA - EL BATEN,ַבװָםßֹ  ַבַָ״ה,4,14,3,6,1,K,1,,,
530,OUESSELTIA,ַבÞםׁזַה ַבז׃בַÊםֹ,4,60,3,1,1,K,1,,,
531,Jloula,ּבזבֹ,4,34,3,1,1,K,1,,,
532,OUESLATIA - EL MARGUEB,ַבז׃בַÊםֹ  ַבדׁÞָ,4,18,3,1,1,K,1,,,
533,OUESLATIA - JLOULA,ַבז׃בַÊםֹ-Úםה ּבזבֹ,4,28,3,7,1,K,1,,,
534,KAI   JLOULA - DAR BOUSLAH,ַבÞםׁזַה ּבזבֹ ַֿׁ ָזױבַֽ,4,37,3,1,1,K,1,,,
535,JLOULA - OUESLATIA,Úםה ּבזבֹ ַבז׃בַÊםֹ,4,28,3,7,1,K,1,,,
536,OUSSELTIA- OUED EL KASSAB,ַבז׃בַÊםֹ זַֿם ַבÞױָ,4,42,3,7,1,K,1,,,
537,OUESLATIA-OULED AYAR,ַבז׃בַÊםֹ ֳזבַֿ Úםַׁ,4,38,3,7,1,K,1,,,
538,OUSSELATIA  MARGEB RIMANI CHEBLA OUESLATIA,ַבז׃בַÊםֹ-ַבדׁÞָ-ַבׁםדַהם-ַבװָבֹ-ַבז׃בַÊםֹ,4,42,3,7,1,K,1,,,
539,OUESLATIA  GLIAA  ELAATHEMNIA,ַבז׃בַÊםֹ  ַבÞבַÚֹ ַבÚַֻדהםֹ,4,12,3,1,1,K,1,,,
540,LAHWAREB,ַבÞםׁזַה  ַבוזַָׁ,4,43,3,1,1,K,1,,,
541,EL HIMBEZ EL KHDHAOURIA,ַבֽדַָׂ - ַב־ײַזׁםֹ,4,24,3,1,1,K,1,,,
542,CHEBIKA - OULED ZAIER,ַבװָםßֹ  ַזבַֿ ַבַׂםׁ,4,10,3,6,1,K,1,,,
543,Fandra - Chebika,Ýהֹֿׁ-ַבַָ״ה-ַבדּֿזָ-ַבװָםßֹ,4,28,3,6,1,K,1,,,
544,SBIKHA-DOUATHRIA-LAAOUITHA,ַב׃ָם־ֹ-ַבֿזַֻׁםֹ-ַבÚזםֹֻ,4,36,3,1,1,K,1,,,
545,SBIKHA-HINDI ZITOUNA-HMARNIA-DOUATHRIA-KHRIOUIAA-D,׃ָם־ֹ-ו.ׂםÊזהֹ-ֽדַׁהםֹ-ֿזַֻׁםֹ-ÛׁםזÚ-ֿ.ּדÚםֹ,4,42,3,1,1,K,1,,,
546,BOUHAJLA - MADRASET BEN OUNIS,ָזּֽבֹ - דֿׁ׃ֹ ָה זהם׃,4,11,3,10,1,K,1,,,
547,CHEBIKA  OULED ZAIR ELHAOUREB,ַבװָםßֹ ֵזבַֿ ַבַׂםׁ ַבוזַָׁ,4,22,3,1,1,K,1,,,
548,SBIKHA-DAR CHADHLY-LAAOUITHA,ַב׃ָם־ֹ ַבÚבד ֿ.ַבװַ׀בם ַבÚזםֹֻ,4,26,3,1,1,K,1,,,
549,NASRALLAH-OULED SOUIS-E.ECHEBBI,הױַׁבבו - ַזבַֿ ׃זם׃-דֿׁ׃ֹ ַבװַָם,4,33,3,11,1,K,1,,,
550,CHERARDA,ַבÞםׁזַה  ַבװַֹֿׁׁ,2,68,3,14,2,K,1,1,,1
551,CHERARDA - LAAOUYED,ַבװַֹֿׁׁ  ַבÚזַםֿ,4,11,3,14,1,K,1,,,
552,CHERARDA - KM 74,ַבװַֹֿׁׁ  ßבד74,4,6,3,1,1,K,1,,,
553,CHERARDA-BIR LAHLOU-BIR EL OUESFEN,ַבװַֹֿׁׁ-ֶָׁ ַבֽבז-ֶָׁ ַבזױÝַה,4,12,3,14,1,K,1,,,
554,NASRALLAH-KABBARA-E.ENNAJEH-E.ECHEBBI,הױַׁבבו-ַבßַָֹׁ-ד.ַבהַּֽ-ד.ַבװַָם,4,39,3,1,1,K,1,,,
555,HAFFOUZ-AIN KODIA,ֽÝזׂ -־ם״ ַבזַֿם -  Úםה ßֿםֹ,4,10,3,2,1,K,1,,,
556,CHERARDA - OKDET BOULAARES,װַֹֿׁׁ - ÚÞֹֿ ָזבÚַׁ׃,4,17,3,14,1,K,1,,,
557,BOUHAJLA - CAABNIA -OULED ESSGHAIER,ָזּֽבֹ - ַבװÚַָהםֹ - ַזבַֿ ַבױÛםׁ,4,10,3,10,1,K,1,,,
558,ECHWAIHIA -B. HOUIDI-HAOUANII-CHERARDA,ַבװַֹֿׁׁ  ַבװזַםֽםֹ  ָםׁ ַבוזםֿם  ַבוזַהם,4,27,3,1,1,K,1,,,
559,CHERARDA - ECHATT,ַבװַֹֿׁׁ  ַבװ״,4,15,3,1,1,K,1,,,
560,SBIKHA-DAR SGAYER-ROUWEWNA-DAR JAMIAA,ַב׃ָם־ֹ-ַֿׁ ַבױÛםׁ-ַבׁזַזהֹ-ַֿׁ ַבּדÚםֹ,4,31,3,1,1,K,1,,,
561,El Alגa - Haffouz,,4,16,3,1,1,K,1,,,
562,SBIKHA-ROUAOUNA-B.AICHA-D.JAMIA-BELAAZA,ַב׃ָם־ֹ-ׁזַזהֹ-ָה Úֶַװֹ-ֿ ַבּדÚםֹ-ָבַÚֹׂ,4,22,3,1,1,K,1,,,
563,KAI.  HAFFOUZ,ַבÞםׁזַה-ֽÝזׂ,4,54,3,1,1,K,1,,,
564,HAFFOUZ - EL ALIA,ֽÝזׂ  ַבÚַבםֹ,4,12,3,2,1,K,1,,,
565,HAFFOUZ - DAR NACER,ֽÝזׂ  ַֿׁ הױׁ,4,17,3,1,1,K,1,,,
566,HAFFOUZ - EL ALAA,ֽÝזׂ ַבÚבַ,4,16,3,2,1,K,1,,,
567,KAIROUAN-HAFFOUZ-DBABCHA,ַבÞםׁזַה-ֽÝזׂ-ַבַָָֿװֹ,4,83,3,1,1,K,1,,,
568,EDBABCHA - EL ALAA,ַבÚבַ  ַבַָָֿװֹ,4,23,3,3,1,K,1,,,
569,KAI - CHEBIKA - LOUHAIBIA- B . SALEM-O .ZAIR-KAIR,ַבÞםׁזַה - ַבװָםßֹ - ַבזוַםָםֹ - ָה ׃ַבד - ֳ . ַבַׂםׁ - ַבÞםׁזַה,4,78.4,3,1,1,K,1,,,
570,KABBARA - KARIAT ENNOUR,ַבßַָֹׁ  Þׁםֹ ַבהזׁ,4,12,3,11,1,K,1,,,
571,NASRALLAH - KARIAT ENNOUR,הױַׁבבו  Þׁםֹ ַבהזׁ,4,24,3,11,1,K,1,,,
572,CITE ENNASSIM - ECOLE SECONDAIRE,ֽם ַבה׃םד  ַבדֿׁ׃ֹ ַבֵÚַֿֿםֹ,4,3,3,11,1,K,1,,,
573,HAFFOUZ-OUSSELTIA/MARGUEB,ֽÝזׂ ַבדׁÞָ ַבז׃בַÊםֹ,4,32,3,1,1,K,1,,,
574,EL ALA - MAKINA,ַבÚבַ  ַבדַßםהֹ,4,9,3,1,1,K,1,,,
575,KAIROUAN-HBIL-ECOLE OUELED NASR,ַבÞםׁזַה-ַבָּםב-דֿׁ׃ֹ ֳזבַֿ הױׁ,4,33,3,1,1,K,1,,,
576,KAI-RAC-HAMMED-B.SALEM-CHEBIKA-O.NASR-BATTEN-MEJR,בÞםׁזַה-ׁÞַֹֿ-ודַֿ-ָה ׃ַבד - ַבװָםßֹ - ֳ.הױׁ -ַבַָ״ה - דַּׁ - ַבÞםׁזַה,4,128.55,3,1,1,K,1,,,
577,LAVAGE,ÊהÙםÝ ַבַֽÝבֹ (ָּב ַבß׃ß׃ם),11,,2,8,1,K,1,,,
578,KAIROUAN FANDRA,ַבÞםׁזַה-Ýהֹֿׁ,4,29,3,6,1,S,1,,,
579,HAJJEM-ALI BAY-MANSOURA,ַבַּֽד Úבם ַָם ַבדהױזֹׁ,1,,2,8,2,S,1,,,
580,1,ַבֳדםהםֹ  - ַב׃םֿ -  ַבהױׁ ( ַָָ ַבּֿםֿ ),1,15,2,8,2,K,1,,,
581,DEVANT LYCEE MANSOURA,ֳדַד דÚוֿ ַבדהױזֹׁ,11,,2,8,1,K,1,,,
582,CNR ESSAID JEMAA CNR,ַבÚדַַׁÊ ַב׃םֿ ַבַּדÚ ַבÚדַַׁÊ,1,,2,8,2,K,1,,,
583,S.MAHMOUD-BRAHM-BOUDAB-CHOUAIHIA-A.O.JNIB-SBIKHA,׃םֿם דֽדזֿ - ַבַָׁודםֹ - ָזָֿז׃-ַבװזַםֽםֹ - ֳ.ֳד ּהםָ-ַב׃ָם־ֹ,4,91,3,1,1,K,1,,,
584,SBIK-D.JEMIIA-GUFEY-NAFET-ARAFET-D.THABET-O.JNIB-S,ַב׃ָם־ֹ - ֿ. ַבּדÚםֹ - ַבÞÝם - ַבהÝַÊ - ÚׁÝַÊ - ַֿׁ ַָֻÊ - ֳד ּהםָ - ׃םֿם דֽדזֿ,4,167,3,1,1,K,1,,,
585,SBIKHA-ALAM X2-DALLOUSSI-O.CHEHAIEB-BRAHMIA-S.MAHM,ַב׃ָם־ֹ - ַבÚבד * 2 -ַבֿבז׃ם - ֳזבַֿ װוםָ - ַבַָׁודםֹ - ׃םֿם דֽדזֿ,4,62,3,1,1,K,1,,,
586,SBIKHA-AWITHA-D.JEMIIA-DOUATHRIA-O-JNIB-SBIKHA,ַב׃ָם־ֹ - ַבÚזםֹֻ - ַֿׁ ַבּדÚםֹ - ַבֿזַֻׁםֹ - ֳד ּהםָ - ַב׃ָם־ֹ,4,121,3,1,1,K,1,,,
587,SBIKHA-FATNASSA-DKHEILIA-GUSAISIA-SBIKHA,ַב׃ָם־ֹ - Ý״הַ׃ֹ - ַבֿ־ַםבםֹ - ַבÞױַםױםֹ - ַב׃ָם־ֹ,4,40,3,1,1,K,1,,,
588,SBIKHA-FATNASSA-O.JNIB-ARGUOUB-BATTAH-SBIKHA,ַב׃ָם־ֹ - Ý״הַ׃ֹ - ֳד ּהםָ - ַבÚׁÞזָ - ַבָ״ַֽ - ַב׃ָם־ֹ,4,79,3,1,1,K,1,,,
589,MACHROUA-ESSAIDIA,ַבדװׁזÚ - ַב׃Úַםֿםֹ,4,32,3,1,1,K,1,,,
590,SBIKHA-ECOLE MEARAJI,ַב׃ָם־ֹ - דֿׁ׃ֹ ַבדÚַּׁם,4,15,3,1,1,K,1,,,
591,KAIROUAN - METBASTA,ַבÞםׁזַה - ַבדÊָ׃״ֹ,9,15,1,17,2,K,1,,,
592,METBASTA-DALLOUSSI-BLATA,ַבדÊָ׃״ֹ-ַבֿבז׃ם-ַבָבַ״ֹ,9,16,1,17,1,K,1,,,
593,SBIKHA-AIN DABBEB,ַב׃ָם־ֹ-Úםה ַבַָָֿ,4,20,3,1,1,K,1,,,
594,OUESLATIA-GLIAA-OUELED BEMץס,ַבז׃בַÊםֹ-ַבÞבםÚֹ ֳזבַֿ ַָדׁ,4,15,3,7,1,K,1,,,
595,OUESLATIA-KSAR LAMSA,ַבז׃בַÊםֹ-Þױׁ בד׃ֹ,4,32,3,7,1,K,1,,,
596,JLOULA - OUSSLATIA,ּבזבֹ - ַבז׃בַÊםֹ,4,27.7,3,1,1,K,1,,,
597,OUSSLATIA -RIHENE - JLOULA,ַבז׃בַÊםֹ-ַבׁםַֽה-Úםה ּבזבֹ,4,52,3,7,1,K,1,,,
598,OUSSLATIA - ESSDARA - JLOULA,ַבז׃בַÊםֹ - ַבױַֹֿׁ - ּבזבֹ,4,43.7,3,7,1,K,1,,,
599,JLOULA - DAR BOUSLAH - OUSSLATIA - JLOULA,ּבזבֹ - ַֿׁ ָזױבַֽ - ַבז׃בַÊםֹ - ּבזבֹ,4,93.5,3,1,1,K,1,,,
600,NASRALLAH-SANDAGE RIAACHA,הױַׁבבו  ױה״ַּ ַבׁםַםװֹ,4,8,3,11,1,K,1,,,
601,NASRALLAH - EDDARRAJ,הױַׁבבו  ַבַּֿׁ,4,15,3,11,1,K,1,,,
602,NASRALLAH-SLAIMIA-DARRAJ BIR  AHMED,הױַׁבבו ַב׃בַםדםֹ ַבַּֿׁ ֶָׁ ֳֽדֿ,4,18,3,11,1,K,1,,,
603,KAIROUAN - CHEBIKA,ַבÞםׁזַה ַבַָ״ה,4,25,3,1,1,K,1,,,
604,BIR EDDAWLA-ELFALLAH-ECHWAIHIA,ֶָׁ ַבֿזבֹ-ַבÝבַֽ-ַבװזַםֽםֹ,4,21,3,1,1,K,1,,,
605,ECHWAIHIA-EL HOUIDI,ַבװזַםֽםֹ - ַבוזםֿם,4,14,3,1,1,K,1,,,
606,ELHAJJEJ-SOUDEN-ESSARJA,ַבַּּֽ-ַב׃זַֿה-ַב׃ֹּׁ,4,14,3,1,1,K,1,,,
607,EL HAJJEJ-ETHALLAJA,ַבַּּֽ - ַבֻבַֹּ,4,9,3,1,1,K,1,,,
608,RACCADA EL BATTEN,ׁÞַֹֿ  ַבַָ״ה,9,,2,1,1,K,1,,,
609,H.AGHALBA AMINIA ENNASR MANSOURA,ד׃ÊװÝל ַבֳÛַבָֹ ַבֳדםהםֹ ַבהױׁ ַבדהױזֹׁ,1,,2,8,2,K,1,,,
610,EL ALAA - SAYADA,ַבÚבַ  ױםַֹֿ,4,24,3,3,1,S,1,,,
611,ESSANINE-T . MAAROUF - MSIREB - ESSDARA - OUSSLATI,ַבױÚַהםה -Þה״ֹׁ דÚׁזÝ - ַבד׃םָׁ - ַבױַֹֿׁ ַבז׃בַÊםֹ,4,55.4,3,1,1,K,1,,,
612,EL ALA - EL M'TIRAT,ַבÚבֱַ-ַבד״םַׁÊ,4,11,3,1,1,K,1,,,
613,OUSSELTIA-ERRAIHEN,ַבז׃בַÊםֹ ַבׁםַֽה,4,21,3,7,1,K,1,,,
614,HAFFOUZ-OULED KHALFALLAH,ֽÝזׂ  ַזבַֿ ־בÝ ַבבו,4,26,3,2,1,K,1,,,
615,EL-MAAZIL  OUESLATIA,ַבדÚַׂםב-ַבÝÊַםÊםֹ-ַבז׃בַÊםֹ,4,16,3,1,1,K,1,,,
616,EL M'SIREB - OUESSELTIA,ַבז׃בַÊםֹ  ַבד׃םָׁ,4,26,3,7,1,K,1,,,
617,OUESSELTIA - FTAITIA,ַבז׃בַÊםֹ-ַבÝÊַםÊםֹ,4,6,3,1,1,K,1,,,
618,KAIROUAN - M'SIREB,ַבÞםׁזַה-ַבד׃םָׁ,4,65,3,1,1,K,1,,,
619,DAR- JAMIAA  ROUAANA  SBIKHA,ַֿׁ ַבּדÚםֹ ַב׀ׁםÚַÊ ַבׁזַזהֹ ַב׃ָם־ֹ,4,30,3,1,1,K,1,,,
620,B SALEM O.NACER HAOUEREB  CHEBIKA,ַבװָםßֹ ַבוזַָׁ ֳ.הױׁ ָה ׃ַבד,4,38,3,1,1,K,1,,,
621,KAIROUAN-GFAY,ֿ.ַבּדÚםֹ ַבÞÝם ַבֿזַֻׁםֹ ַב׃ָם־ֹ,4,39,3,1,1,K,1,,,
622,EL BATEN,ַבÞםׁזַה-ַבַָ״ה,4,11,3,6,2,K,1,,,
623,EL AZAAZA - M.M'HIRI,ַבדוםׁם  ַבÚַׂÚֹׂ,4,13.4,3,11,1,K,1,,,
624,HAFFOUZ  KHEIT  EL-OUED,ֽÝזׂ  ־ם״ ַבזַֿ,4,7,3,2,1,K,1,,,
625,CHEBIKA  HANOUT EL-MOUDIR,ַבװָםßֹ-דּֿזָ-ַֽהזÊ ַבדֿםׁ,4,7,3,1,1,K,1,,,
626,SBIKHA  VIA  METBASSTA,ַב׃ָם־ֹ Úָׁ ַבדÊָ׃״ֹ,4,34,3,1,1,K,1,,,
627,OUSSLATIA - ESSAANIN -EL M'SIREB,ַבז׃בַÊםֹ-ַבױÚַהםה-ַבד׃םָׁ,4,24,3,7,1,K,1,,,
628,SIDI MAHMOUD-SABRA-BOUDABBOUS,׃םֿם דֽדזֿ-ױָֹׁ-ָזָֿז׃,4,,3,1,1,K,1,,,
629,SBIKHA ALAM DHRAIAT,ַב׃ָם־ֹ ַבÚבד ַב׀ׁםÚַÊ,4,30,3,1,1,K,1,,,
630,GFAI DAR JAMIAA,ַבÞÝם ֿ.ַבּדÚםֹ,4,10,3,1,1,K,1,,,
631, D. JAMIAA-BLAAZA(PLAQUE L.V.50),ַֿׁ ַבּדÚםֹ  ַבָבַÚֹׂ,4,11,3,1,1,K,1,,,
632,SBIKHA-HAMMED-MACHROUA   H.OTHMAN,ַב׃ָם־ֹ ודַֿ ַבדװׁזÚ ַֽהזÊ Úֻדַה,4,19,3,1,1,K,1,,,
634,SBIKHA-DKHILA-CHORFA-FATNASSA,ַב׃ָם־ֹ-ַבֿ־םבֹ-ַבװׁÝֹ,4,17,3,1,1,K,1,,,
635,SBIKHA-ADDAM-SIDI MAHMOUD,ַב׃ָם־ֹ-ַבÚַֿד-׃םֿם דֽדזֿ,4,23,3,1,1,K,1,,,
636,ECOLE S.ABDALLAH -BATEN-CHEBIKA,דֿׁ׃ֹ ׃םֿם Úָֿ ַבבו-ַבַָ״ה-ַבװָםßֹ,4,22,3,1,1,K,1,,,
637,KAI  MAJER CHEBIKA,ַבÞםׁזַה-דַּׁ-ַבװָםßֹ,4,17,3,6,1,K,1,,,
638,SBIKHA  ROUAANA  DAR-JAMIAA,ַב׃ָם־ֹ ַבׁזַזהֹ ַֿׁ ַבּדÚםֹ,4,25,3,1,1,K,1,,,
639,DAR-JAMIAA  HANOUT  EL-MANAA,ַֿׁ ַבּדÚםֹ-ַֽהזÊ ַבדַהÚ,4,6,3,1,1,K,1,,,
640,OUSSELATIA-ESSDARA-ESSANINE-MSIREB-A-ESSANINE-,ז׃בַÊםֹ - ַבױַֹֿׁ -ַבױÚַהםה - ַבד׃םָׁ-ַבױÚַהםה,4,55.4,3,1,1,K,1,,,
641,HAFFOUZ  CHERCHIRA,ֽÝזׂ-ַבװׁםװםֹׁ,4,14,3,2,1,K,1,,,
642,EZZEMLA  EL-HOUREB,ַבׂדבֹ ַבוזַָׁ,4,7,3,4,1,K,1,,,
643,JLOULA  DAR-BOUSLAH,Úםה ּבזבֹ-ַֿׁ ָזױבַֽ,4,35,3,7,1,K,1,,,
644,CHEBIKA  FANDRA (VIA SABRINE),ַבװָםßֹ ױַָׁםה Ýהֹֿׁ,4,19,3,6,1,K,1,,,
645,BOUHAJLA AL-MOUISSET E.A.FARAH,ָזּֽבֹ ֿזַׁ ַבׂÞַםהםֹ ד.ֳ. Ýֽׁ,4,14,3,10,1,K,1,,,
646,NASRALLAH-ECO.HMIDET,הױׁ ַבבו  ד. ַבֽדםַֿÊ,4,19,3,1,1,K,1,,,
647,NASRALLAH-ECO.HACHED,הױַׁבבו  דֿׁ׃ֹ ֽװַֿ,4,12,3,11,1,K,1,,,
648,EL KABBARA-ECO.HACHED, ַבßַָֹׁ  דֿׁ׃ֹ ֽװַֿ,4,20,3,1,1,K,1,,,
649,VIDE,VIDE,4,,3,1,1,K,1,,,
650,KAIROUAN - GRIAAT,ַבÞםׁזַה-ַבÞׁםÚַÊ,4,62,3,1,1,K,1,,,
651,HAFFOUZ   ABABSA,ֽÝזׂ  ַבÚַָָ׃ֹ,4,9,3,1,1,K,1,,,
652,ZBARA  ZAMLA KTATFA HAFFOUZ,ַבׂדבֹ-ַבוזַָׁ-ֽÝזׂ,4,22.5,3,1,1,S,1,,,
653,HAFFOUZ  M.TIRAT,ֽÝזׂ-ַבד״םַׁÊ,4,11,3,1,1,K,1,,,
654,NASRALLAH  AZAAZA,הױׁ ַבבו ַבÚַׂÚֹׂ,4,15,3,11,1,K,1,,,
655,NASRALLAH  ABADLIA DOUAR  ADHLA,הױַׁבבו  ַבÚַָֿבםֹ   ֿזַׁ ַבÚײבֹ,4,23,3,1,1,K,1,,,
656,NAS  KHOBNA MNARA  KABBARA,הױׁ ַבבו-ַב־ָהֹ-ַבדהַֹׁ-ַבßַָֹׁ,4,,3,1,1,K,1,,,
657,KHTATFA  EZZBARA  EL-HADJEB,ַב־״ַ״Ýֹ-ַבַָֹׁׂ-ַבַָּֽ,4,36,3,4,1,K,1,,,
658,KAI  OUELED  ZAIER  VIA  BATEN,ַבÞםׁזַה ַבַָ״ה ֳזבַֿ ַבַׂםׁ,4,,3,1,1,K,1,,,
659,CHEBIKA  KAIROUAN  VIA  MAJER,ַבװָםßֹ דַּׁ ַבÞםׁזַה,4,17,3,1,1,K,1,,,
660,KAI  BATEN  CHEBIKA OULED ZAIIR,ַבÞםׁזַה ַבװָםßֹ ֳזבַֿ ַׂםׁ,4,,3,1,1,K,1,,,
661,EL HADJEB-EDDGHIMA,ַבַָּֽ ַב־׀ַםׁםֹ ַבֿÛםדֹ,4,14,3,4,1,K,1,,,
662,NAS  HACHED ENNOUR  KABBARA,הױַׁבבו  ֽװַֿ  ַבהזׁ  ַבßַָֹׁ,4,43,3,1,1,K,1,,,
663,NAS  KHADRA  KAI,הױַׁבבו-ַב־ײֱַׁ-ַבÞםׁזַה,4,50,3,1,1,K,1,,,
664,RMADNIA  BIR EL  WISSFEN,ֶָׁ ַבזױÝַה  ַבׁדַײהםֹ,4,40,3,10,1,K,1,,,
665,EL-MNARA  BIR  EL WISSFEN,ַבדהַֹׁ ֶָׁ ַבזױÝַה,4,,3,1,1,K,1,,,
666,CHERARDA  DAOUR  GRASLIA,ַבװַֹֿׁׁ  ֿזַׁ ַבÛַׁ׃בםֹ,4,6,3,1,1,K,1,,,
667,CHERARDA  BIR  EL  WISSFEN  EL-MNARA,ַבװַֹֿׁׁ ֶָׁ ַבזױÝַה ַבדהַֹׁ,4,,3,1,1,K,1,,,
668,CHERARDA  RMADNIA  KAI,ַבװַֹֿׁׁ ַבׁדַײהםֹ ַבÞםׁזַה,4,,3,1,1,K,1,,,
669,HOUIDI  H  RIAHI  CHERARDA,ַֽהזÊ ַבׁםַֽם  ַבוזםֿם  ַבװַֹֿׁׁ,4,20,3,1,1,S,1,,,
670,CHEB-OUERFILLA-ESSAGUIA,ַבװָםßֹ זׁÝבֹ ַב׃ַÞםֹ,4,5,3,1,1,K,1,,,
671,HOTEL AMINA-HOTEL CONTINENTAL,הׂב ֳדםהֹ - ַבהׂב ַבÞַׁם,1,,2,8,2,K,1,,,
672,JKLF,ַבÞםׁזַה ַב־ַׂׂםֹ ַבֽדַָׂ,4,25,3,1,1,S,1,,,
673,I,ַבÞםׁזַה  ֳזבַֿ ֳֽדֿ,4,18,3,1,1,S,1,,,
674,KAIROUAN GRAGUIYA CHEBIKA,ַבÞםׁזַה  ַבװָםßֹ - Úָׁ ַבÞַׁÞÚםֹ -,4,,3,1,1,K,1,,,
675, BOUHOUCH  EL-GASSAAT,ָזּֽבֹ  ַבÞױÚַÊ,4,13,3,10,1,K,1,,,
676,BOUHAJLA  CHOTT  CHERARDA,ָזּֽבֹ  ַבװ״  ַבװַֹֿׁׁ,4,33,3,1,1,K,1,,,
678,ENNEDI   HADJEB,ַבַָּֽ  ַבהַֿם,4,20,3,1,1,K,1,,,
679,KAI. TUNIS VIA ELFAHS,ַבÞםׁזַה Êזה׃-Úָׁ ַבÝֽױ-ֵײַÝם,7,165,1,15,2,K,1,1,0,1
680,KAIROUAN - O.ZAIER,ַבÞםׁזַה ֳזבַֿ ַבַׂםׁ,4,35,3,1,1,K,1,,,
681, CHEBIKA-O.ZAIER,ַבװָםßֹ ֳזבַֿ ַבַׂםׁ,4,10,3,1,1,K,1,,,
682,FANDRA - KAIROUAN,Ýהֹֿׁ  ַבÞםׁזַה,4,25,3,6,1,K,1,,,
683,BATTEN-H.MOUDIR-CHEBIKA,ַבַָ״ה-ַֽהזÊ ַבדֿםׁ-ַבװָםßֹ,4,25,3,6,1,K,1,1,,1
684,MANSOURA CITE M. ALI BAB ELKHOUKHA,ַבדהױזֹׁ ֽם דֽדֿÚבם ַָָ ַב־ז־ֹ,4,5,3,13,1,S,1,,,
685,KAIR CHEBIKA VIA BEN SALEM,ַבװָםßֹ ָה ׃ַבד ַבוזַָׁ,4,23,3,6,1,K,1,,,
686,ENNASSER D. AMEN AGALBA VIA AV YAH. IBN AMOR,ַבהױׁ ֿ.ֳבֳדַה ֳבֳÛַבָֹ Úָׁ װַׁÚ םֽם ֵָה Úדׁ,4,,3,1,1,S,1,,,
687,KAIR-HOUFIA-AYAYCHA-HAFFOUZ,ַבÞםׁזַה - ַבֽזÝםֹ - ַּדÚ ַבß׃ַ׃ָֹ - ֽÝזׂ,4,87,3,2,1,S,1,,,
688,CHEBIKA FATNASSA,ַבװָםßֹ  Ý״הַ׃ֹ,9,3,2,1,1,K,1,,,
689,CHEBIKA-BATTEN,ַבװָםßֹ-ַבַָ״ה,4,14,3,6,1,K,1,,,
690,ENNAS. AGIP. TRAV. AMINIA,ַבהױׁ ֳּםָ ַבÊּוםׂ ַבֳדםהםֹ,5,5,2,13,1,S,1,,,
691,TRAVEAUX - Z. INDUSTRIELLE,ַבÊּוםׂ ַבדה״Þֹ ַבױהַÚםֹ,1,,2,8,2,K,1,,,
692,KAIR-CHEBIKA,ַבÞםׁזַה ַבװָםßֹ ( Úָׁ דַּׁ ),4,25,3,1,1,K,1,,,
693,MANSOURA A.BEY ESSAID JEMAA MANS,ַבדהױזֹׁ Ú.ַָם ַב׃םֿ ַבַּדÚ ַבדהױזֹׁ,1,10,2,8,2,S,1,,,
694,AGIP MED-ALI MANSOURA,ֳּםָ-ֽם דֽדֿ Úבם-ַבדהױזֹׁ,1,3.5,2,13,2,S,1,,,
695,CHEBIKA-ROUSSI-AOUAMRIA-BATEN,ַבװָםßֹ ַבׁז׃ם ַבÚזַדׁםֹ ַבַָ״ה,4,15,3,6,1,S,1,,,
696,KAIR - AWLED-NHAR,ַבÞםׁזַה ֳזבַֿ הוַׁ,6,13,2,8,1,K,1,,,
697,DAR CHEDLI - SBIKHA,ַֿׁ ַבװַ׀בם - ַב׃ָם־ֹ,4,,3,1,1,K,1,,,
698,M.ALI - ZONE INDUSTRIELLE,ָּב ß׃ß׃ם - ַבדה״Þֹ ַבױהַÚםֹ,1,5,2,13,2,K,1,,,
699,AGIP INTEX,ֳּםָ ַהÊַß׃,9,,2,1,1,K,1,,,
700,RESERVE,ֵֽÊםַ״ם,11,,2,8,1,S,1,,,
701,AFFOUZ-AYAYCHA X2-EZORGU-HAFFOUZ,ֽÝזׂ - ַבÚםַםװֹ *2 - ַבׁׂÞ - ֽÝזׂ,4,73,3,2,1,S,1,,,
702,KAI- KHAZAZIA - MRAZIG,ַבÞםׁזַה ַב־ַׂׂםֹ ַבדַׁׂםÞ,6,39,2,8,1,S,1,,,
703,SIDI SAAD - SILIANA/KAIROUAN,ַבÞםׁזַה  ׃םֿם ׃Úֿ  ׃בםַהֹ,7,163,1,11,2,K,1,,,
704,AGHALBA AMIN.TRAV.ENNASR ENNOUR,ֳÛַבָֹ ֳדםהםֹ ַבÊּוםׂ ַבהױׁ ַבהזׁ,9,7,2,1,1,K,1,,,
705,ENNASR D.LAMEN AGHALBA(VIA H.MAALOUL,ַבהױׁ ֿ.ַבֳדַה ַבֳÛַבָֹ Úָׁ ֽ.ַבדÚבזב,5,3,2,8,1,S,1,,,
706,M  ALI  ESSAIED  GOUVT,ד.Úבם ַב׃םֿ ַבזבַםֹ,9,,2,1,1,K,1,,,
707,A LA DISP. G.LIGNES,Úבל ׀דֹ ַב־״ז״ ַב״זםבֹ,11,,2,15,1,S,1,,,
708,HAFFOUZ - EZORGU-AYAYCHA-HAFFOUZ,ֽÝזׂ - ַבׁׂÞ - ַבÚםַםװֹ - ֽÝזׂ,4,41,3,2,1,S,1,,,
709,FATNASSA BATTEN AGHALBA,Ý״הַ׃ֹ ַבַָ״ה ַבֳÛַבָֹ,6,,2,8,1,S,1,,,
710,SIDI SAAD - SILIANA-KEF,ַבÞםׁזַה ׃.׃Úֿ ַבßַÝ,7,215,1,11,2,K,1,,,
711,KAIROUAN-MONASTIR,ַבדה׃Êםׁ Úָׁ ׃ז׃ֹ ֽם ַבׁםַײ-ֵײַÝם,7,81,1,15,2,K,1,1,,1
712,B.JEDID A.FARHANE ESSAID CNR,ַָָ ַבּֿםֿ-ֳ.Ýַֽׁה-ַב׃םֿ-ַבדהױזֹׁ,5,7.5,2,13,1,S,1,,,
713,SIDI SAAD - Sousse, ַבÞםׁזַה ׃םֿם ׃Úֿ  ׃ז׃ֹ,7,115,1,11,2,K,1,,,
714,KAIROUAN - METBASSTA - SBIKHA,ַבÞםׁזַה - ַבדÊָ׃״ֹ - ַב׃ָם־ֹ,9,35,1,1,2,K,1,,,
715,SBIKHA - METBASSTA,ַב׃ָם־ֹ-ׁםÊזה,9,20,1,17,2,K,1,,,
716,DAR JAMIAA-KONDAR-KAIROUAN,ַֿׁ ַבּדÚםֹ-ßהַֿׁ-ַבÞםׁזַה,4,,3,1,1,K,1,,,
717,SBIKHA-ARGOUB-OM JNIB,ַב׃ָם־ֹ-ַבÚׁÞזָ-Úםה ֳד ּהםָ,4,22,3,1,1,K,1,,,
718,SBIKHA-CHOUAIHIYA-BOUDABOUSE-OULED CHHAB,׃ָם־ֹ-ַבװזֶַֽםֹ-ָזָֿז׃-ֳזבַֿ װוםָ,4,,3,1,1,K,1,,,
719,OULED CHEHAIYEB-SABRA-SIDI MAHMOUD,ֳזבַֿ װוםָ-ױָֹׁ-׃םֿם דֽדזֿ,4,,3,1,1,K,1,,,
720,DAR JAMIAA - DOUWATHRIYA - SBIKHA,ַַֿׁבּדÚםֹ - ַבֿזַֻׁםֹ - ַב׃ָם־ֹ,4,,3,1,1,K,1,,,
721,FATNASA-BIR SKHOUN-DKHAYLIYA-KSAYSIYA-SBIKHA,Ý״הַ׃ֹ-ֶָׁ ַב׃־זה-ַבֿ־ַםבםֹ-ַבÞױַםױםֹ-ַב׃ָם־ֹ,4,21,3,1,1,K,1,,,
722,Tunis via Enfidha,ַבÞםׁזַה Êזה׃-Úָׁ ַבהÝםײֹ-ֵײַÝם,7,160,1,15,2,K,1,1,0,1
723,El Grine - Kairouan - Tunis,ַבÞׁםה ַבÞםׁזַה Êזה׃,7,190,1,8,2,K,1,,,
724,SIDI SAAD - TUNIS/ENFIDHA,׃םֿם ׃Úֿ-ַבהÝםײֹ-Êזה׃,7,218,1,11,2,K,1,,,
725,HAMMAD-HANOUT OTHMEN-SBIKHA,ודַֿ - ַֽהזÊ Úֻדַה - ַב׃ָם־ֹ,4,16,3,1,1,K,1,,,
726,HINDI ZITOUNA-DOUATHRIYA-SBIKHA,והֿם ַבׂםÊזהֹ - ַבֿזַֻׁםֹ - ַב׃ָם־ֹ,4,,3,1,1,K,1,,,
727,SBIKHA-FRIWAT INE BOUMORRA,ַב׃ָם־ֹ - ַבÝׁםזַÊ Úםה ָזדֹׁ,4,6,3,1,1,K,1,,,
728,El Grine-Bir Bouragba,ַבÞׁםה  ָםׁ ָזׁÞָֹ,7,,1,8,2,K,1,,,
729,SIDI SAAD - SFAX,ַבÞםׁזַה ׃םֿם ׃Úֿ  ױÝַÞ׃,7,142,1,11,2,K,1,,,
730,HAFFOUZ-AYAYCHA-EZORGU -HAFOUZ,ֽÝזׂ - ַבÚםַםװֹ - ַבׁׂÞ - ֽÝזׂ,4,57,3,2,1,S,1,,,
731,FORMATION (CHAUFFEUR),Êßזםה ׃ֶַÞ,1,160,2,8,2,K,1,,,
732,IMARET  S. FREJ  HANOUT SESSI,ַבÚדַַׁÊ ׃םֿם Ýּׁ  ַֽהזÊ ׃ַ׃ם,4,,3,1,1,S,1,,,
733,TRAVEAUX -ESSAID- CNR,ַבÊּוםׂ ַב׃םֿ ַבÚדַַׁÊ,1,,2,8,2,K,1,,,
734,RAHBA-SAIED-MANSOURA,ַבָֹֽׁ - ַב׃םֿ - ַבדהױזֹׁ,4,6.1,3,1,1,K,1,,,
735,OUSSLTIA - O . AYAR,ַבז׃בַÊםֹ - ֳזבַֿ Úםַׁ,4,71.5,3,7,1,K,1,,,
736,NADHOUR METBASTA (RITUN).,ַבהַÙזׁ-ַבדÊָ׃״ֹ-ׁםÊזה,9,44,1,17,2,K,1,,,
737,OUSSLATIA - ERRIHANE - MERGUEB - RIMANI,ַבז׃בַÊםֹ - ַבׁםַֽה - ַבדׁÞָ - ַבׁםדַהם,4,77.4,3,7,1,K,1,,,
738,OUSSLATIA - ESSDARA - MERGUEB -RIMANI,ַבז׃בַÊםֹ - ּבזבֹ - ַבױַֹֿׁ - ַבדׁÞָ - ַבׁםדַהם- ַבז׃בַÊםֹ,4,107.4,3,1,1,K,1,,,
739,OUSSLATIA - JLOULA - ESSDARA - MERGUEB - RIMANI,ַבז׃בַÊםֹ - ּבזבֹ - ַבױַֹֿׁ - ַבדׁÞָ - ַבׁםדַהם,4,0,3,1,1,K,1,,,
740,SABRA-SIDI MAHMOUD,   ׃םֿם דֽדזֿ - ַבÞםׁזַה,4,21,3,1,1,K,1,,,
741,SIDI SAAD-KEF-JENDOUBA,׃םֿם ׃Úֿ-ַבßַÝ-ּהֿזָֹ,7,235,1,11,2,K,1,,,
742,SIDI SAAD - FAHS-MJEZ EL BEB-BEJA,ַבÞםׁזַה-ַבÝֽױ-דַּׂ ַבַָָ-ַָֹּ,7,235,1,15,2,K,1,1,,1
743,OUSSLATIA - MARGUEB - RIMANI - ERRIHANE,ַבז׃בַÊםֹ - ַבדׁÞָ - ַבׁםדַהם - ַבׁםַֽה,4,77.3,3,1,1,K,1,,,
744,OUED EL GUSAB - OUSSLATIA,זַֿ ַבÞױָ-ַבז׃בַÊםֹ,8,50.5,3,7,1,K,1,,,
745,OUSSLATIA - OUED GUSAB,ַבז׃בַÊםֹ - זַֿ ַבÞױָ,4,50.5,3,7,1,K,1,,,
746,NULL,ֶָׁ ַבÛזב-ÚÞֹֿ ָזבÚַׁ׃-ֶָׁ ַבזױÝַה-ַבÚזַםֿ-ַבװַֹֿׁׁ,4,47.8,3,14,1,K,1,,,
747,CHRARDA-AOUED-A.JEDID-B.WESFEN-O.BOULARES,ַבװַֹֿׁׁ - ַבÚזַםֿ - ַבÚוֿ ַבּֿםֿ - ÚÞֹֿ ָזבÚַׁ׃ - ֶָׁ ַבזױÝַה - ֶָׁ ַבÛזב,4,60,3,14,1,K,1,,,
748, CHERARDA-AOUED-B.OUSFEN-O.BOULARES-B.ELGUOUL,ַבװַֹֿׁׁ - ַבÚזַםֿ - ֶָׁ ַבזױÝַה - ÚÞֹֿ ָזבÚַׁ׃ - ֶָׁ ַבÛזב,4,47.8,3,1,1,K,1,,,
749,BOUHAJLA-BIR ZARROUK-GDEDHA-BIR HOUIDI-CHOUEIHIA-A,ָזּֽבֹ-ֶָׁ ׁׂזÞ-ַבÞַֹֽֿֿ-ֶָׁ ַבוזםֿם-ַבװזַםֽםֹ-ַבÚזַÞָםֹ-ַבװַֹֿׁׁ,4,63,3,14,1,K,1,,,
750,SOUGHAS-AIN BATTOUM-SBIKHA-RITUN,ׁםÊזה-ַב׃ָם־ֹ-׃םֿם הַּם-Úםה ָ״זד-׃זÛַ׃,9,50,1,17,2,K,1,,,
751,CHER-AWEGUBIA-CHOUAIHIA-HUIDI-B.MARZ-B.JEDID-BOUHA,ַבװַֹֿׁׁ - ַבÚזַÞָםֹ - ַבװזַםֽםֹ - ֶָׁ ַבוזםֿם - ֶָׁ ׁׂזÞ- ַבÞַֹֽֿֿ - ָזּֽבֹ,4,64,3,14,1,K,1,,,
752,DAR SGAIER-OULED JLASSI-ROUWEWNA-SBIKHA,ַֿׁ ַבױÛםׁ-ֳזבַַֿבּבַױם-ַבׁזַזהֹ-ַב׃ָם־ֹ,4,,3,1,1,K,1,,,
753,SIDI SAAD - KASSERINE/HADJEB,׃םֿם ׃Úֿ-ַבַָּֽ-ַבÞױׁםה,7,143,1,11,2,K,1,,,
754,KAIR - MAJER - CHEBIKA - BATEN - KAIROUAN,ַבÞםׁזַה -דַּׁ-ַבװָםßֹ-ַבַָ״ה-ַבÞםׁזַה,4,42.85,3,1,1,K,1,,,
755,BOUH-CHERAR-A .JEDID-CHOUCHNIA-HREIRIA-.HLOU-CHERA,ָזּֽבֹ - ַבװַֹֿׁׁ - ַבÚוֿ ַבּֿםֿ - ַבװזַװהםֹ - ַבַֽׁםׁםֹ - ֶׁ ַבֽבז - ַבװַֹֿׁׁ,4,40.2,3,14,1,K,1,,,
756,CHER-MSEDIA-CHOUCHNIA-AOUEID-CHER-BOUHAJLA,ַבװַֹֿׁׁ - ַבד׃ַÚֿםֹ - ַבװזַװהםֹ - ַבÚזַםֿ - ַבװַֹֿׁׁ - ָזּֽבֹ,4,49.45,3,14,1,K,1,,,
757,CHIRARDA-MSADIA-CHEOUICHNIA-GRASLIA-BOUHAJLA,ַבװַׁׁ׀ֹ-ַבד׃ַÚֿםֹ-ַבװזַװהםֹ-ַבÛַׁ׃בםֹ-ָזּֽבֹ,4,39.1,3,1,1,K,1,,,
758,CHERARDA-ELHREIRIA-MSEEDIA-EL KHEDR-CHERARDA,ַבװַֹֿׁׁ - ַבַֽׁםׁםֹ - ַבד׃ַÚֿםֹ - ַב־׀ׁ - ַבװַֹֿׁׁ,4,31,3,14,1,K,1,,,
759,CHER-B.WESFEN-CHOUAIHIA-CHOUCHN-MSEEDIA-CHERARDA,ַבװַֹֿׁׁ - ֶָׁ ַבזױÝַה - ַבװזַםֽםֹ - ַבװזַװהםֹ - ַבד׃ַÚֿםֹ - ַבװַֹֿׁׁ,4,60.48,3,14,1,K,1,,,
760,CHERARDA- NOUVEL ERE - EL KHODR - CHERARDA,בװַֹֿׁׁ - ַבÚוֿ ַבּֿםֿ - ַב־׀ׁ - ַבװַֹֿׁׁ,4,24.72,3,1,1,K,1,,,
761,KAIROUAN GRINE GAFSA,ַבÞםׁזַה ַבÞׁםה ÞÝױֹ,7,238,1,15,2,K,1,1,,1
762,KAI GABES,ַבÞםׁזַה  Þַָ׃,7,210,1,15,2,K,1,1,,1
763,NULL,ֶָׁ ַבÛזב - ַבװזַםֽםֹ - ÚÞֹֿ ָזבÚַׁ׃ - ָ. ַבוזםֿם - ַבÞַֹֽֿֿ -ַבÊÞֿד - ַבװזַםֽםֹ,4,70,3,14,1,K,1,,,
764,Mednine via Lגaradh,ַבÞםׁזַה דֿהםה Úָׁ ַבֳÚַׁײ,7,283,1,8,2,K,1,,,
765,TRANSPORT ELEVES ECOLE GARDE NAT GRINE,הÞב Êבַדם׀ דֿׁ׃ֹ ַבֽׁ׃ ַבז״הם ַָבÞׁםה,7,933,1,6,2,F,1,1,0,
766,SIDI SAAD - GAFSA VIA BOUZID,׃םֿם ׃Úֿ-׃םֿם ָזׂםֿ-ÞÝױֹ,7,200,1,11,2,K,1,,,
767,  KAI  TUNIS  S-SAAD,ַבÞםׁזַה Êזה׃ ׃םֿם ׃Úֿ,7,218,1,11,2,K,1,,,
768,SIDI SAAD - KAIROUAN- SOUSSE,׃םֿם ׃Úֿ - ַבÞםׁזַה - ׃ז׃ֹ,7,115,1,11,2,K,1,,,
769,Gafsa via Nassrallah,ÞÝױֹ Úָׁ הױׁ ַבבו,7,220,1,8,2,K,1,,,
770,Gafsa via Cherarda,ÞÝױֹ Úָׁ ַבװַֹֿׁׁ,7,243,1,8,2,K,1,,,
771,Gafsa via Bir Lahfai,ַבÞםׁזַה- ÞÝױֹ,7,210,1,15,2,K,1,1,,0
772,SOUSSE - BOUZID VIA EL HADJEB,׃ז׃ֹ ָזׂםֿ Úָׁ ַבַָּֽ,7,210,1,8,2,K,1,,,
773,SOUSSE - MAKTHAR,׃ז׃ֹ  דßֻׁ,7,184,1,8,2,K,1,,,
774,SOUSSE -LE KEF VIA MAKTHAR,׃ז׃ֹ ַבßַÝ Úָׁ דßֻׁ,7,244,1,8,2,K,1,,,
775,KAIROUAN-KASSERINE VIA BOUZID,ַבÞםׁזַה ַבÞױׁםה Úָׁ ָזׂםֿ,7,200,1,8,1,K,1,,,
776,KAI  GRINE  BOUZID,ַבÞםׁזַה - ׃םֿם ָזׂםֿ - ֵײַÝם,7,138,1,15,1,K,1,1,,1
777,SIDI SAAD-HAMMAMET-NABEUL,׃םֿם ׃Úֿ-ַבֽדַדַÊ-הַָב,7,180,1,11,2,K,1,,,
778,KAI  S.SAAD  BOUZID,ַבÞםׁזַה ׃םֿם ׃Úֿ ָזׂםֿ,7,153,1,11,2,K,1,,,
779,SIDI SAAD-SOUSSE,׃םֿם ׃Úֿ-׃ז׃ֹ,7,115,1,11,2,K,1,,,
780,KAI  S.SAAD,׃םֿם ׃Úֿ-ַבÞםׁזַה,7,58,1,11,2,K,1,,,
781,RENFORT BAB ALIOUA,ÊÚׂםׂ ַבהÞב ַָָָ Úבםזֹ,7,1667,1,15,2,F,1,1,0,1
782,KAI  BOUZID   S.SAAD,ַבÞםׁזַה ָזׂםֿ ׃םֿם ׃Úֿ,7,98,1,11,2,K,1,,,
783,TRANSPORT ELEVES SIDI SAAD,הÞב Êבַדם׀ ׃םֿם ׃Úֿ,7,3857,1,11,2,F,1,1,0,1
784,TUNIS  KASSERINE,Êזה׃-ַבÞױׁםה,7,300,1,8,2,K,1,,,
785,KAI  S.SAAD  GABES,׃םֿם ׃Úֿ-Þַָ׃,7,224,1,11,2,K,1,,,
786,TUNIS-KAIROUAN-SIDI BOUZID,Êזה׃-ַבÞםׁזַה-׃םֿם ָזׂםֿ,7,300,1,15,1,K,1,,,
787,NULL,ַבװזַםֽםֹ-ַבÊÞֿד-ַבוזםֿם-ֶָׁ ׁׂזÞ-ֿ.ַבדַָׁßםֹ-ַבÝבַֽ-ֶָׁ ַבÛזב,4,58.5,3,1,1,K,1,,,
788,SBIKHA-NEFFET-BEZDIA-D.JEMIIA-ROUWAWNA-BLATA-SBIKH,ַב׃ָם־ֹ - ַבהÝַÊ - ַבַָֿׂםֹ - ֿ. ַבּדÚםֹ -ַבׁזַזהֹ - ַבָבַ״ֹ - ַב׃ָם־ֹ,4,104.4,3,1,1,K,1,,,
789,SBIKHA-DALOUSSI--D.THABET-ARGUOUB-A.OM JNIB-SBIKHA, ַב׃ָם־ֹ -ַבֿבז׃ם - ַֿׁ ַָֻÊ - ַבÚׁÞזָ - Úםה  ֳד ּהםָ -ַב׃ָם־ֹ,4,77.5,3,1,1,K,1,,,
790,KAIROUAN-MSAKEN-SOUSSE-DOUBLAGE,ַבÞםׁזַה ד׃ַßה ׃ז׃ֹ - ֵײַÝם,7,57,1,15,2,K,1,1,0,1
791,KAI. NFIDHA NABEUL DOUBLAGE,ַבÞםׁזַה ַבהÝםײֹ הַָב ֵײַÝם,7,121,1,15,2,K,1,1,0,1
792,KAI  OUSLATIA. SILIANA,ַבÞםׁזַה ַבז׃בַÊםֹ ׃בםַהֹ,7,107,1,15,2,K,1,1,0,1
793,KAI. HADJEB  KASSERINE,ַבÚדב ßַדב ַבםזד ָםה ַבַָּֽ זַבÞםׁזַה,7,152,1,8,1,K,1,0,0,
794,KAI . BOUHAJLA SFAX,ַבÞםׁזַה ָזּֽבֹ  ױÝַÞ׃,7,136,1,15,2,K,1,1,0,1
795,KAI.  MAKTHAR, ַבÞםׁזַה דßֻׁ,7,112,1,15,2,K,1,1,0,
796,KAIROUAN-RIADH-SOUSSE,ַבÞםׁזַה-ֽם ַבׁםַײ-׃ז׃ֹ,7,57,1,15,2,K,1,1,0,1
797,CHRARDA-SFAX,ַבװַֹֿׁׁ-ױÝַÞ׃,7,83,1,14,2,K,1,1,0,1
798,SBIK-ROUAOUNA-JAMIAA-BASDIA-NABHANA-MACHROO-BOU-SB,ַב׃ָם־ֹ-ַבׁזַזהֹ-ַֿׁ ַבּדÚםֹ-ַבַָֿׂםֹ-הָוַהֹ-ַבדװׁזÚ-Úםה ָזדֹׁ-ַבÚבד-ַב׃ָם־ֹ,4,99,3,1,1,K,1,,,
799,SBIKHA-FREHNIA-CHWEIHIA-A.BOUM-HEMMED-SBIKHA,ַב׃ָם־ֹ-ַבÝַֽׁהםֹ-ַבװזַםֹֽ-Úםה ָזדֹׁ-ודַֿ -ַב׃ָם־ֹ,4,60,3,1,1,K,1,,,
800,BOUHAJLA SOUK,ַבÚדב ßַדב ַבםזד ָםה ַבÞםׁזַה ז ָזּֽבֹ,11,30,3,1,1,K,1,,,
801,ERRMADHNIA,ַבÞםׁזַה-ָזּֽבֹ-ָ״ַֽ ַבׁדַײהםֹ,8,58,3,1,1,K,1,,,
802,BOUHAJLA-FATH-MRIRA,ָזּֽבֹ-ַבÝÊֽ-דֿׁ׃ֹ דׁםֹׁ,4,10,3,10,1,K,1,,,
803,Bouhajla - Bir El Ghoul,ָזּֽבֹ-ֶָׁ ַבּֿםֿ-ֶָׁ ַבֿזבֹ-ֶָׁ ַבÛזב,4,17,3,10,1,K,1,,,
804,Bouhajla - El Jebil,ָזּֽבֹ-ַבּֿÚ-ַבָּםב,4,14,3,1,1,K,1,,,
805,Bouhajla - Rmadhnia,ָזּֽבֹ-Úָֿ ַבדבß-ָ״ַֽ ַבׁדַײהםֹ,8,23,3,1,1,K,1,,,
806,Bouhajla - Z?afrana,ָזּֽבֹ-ַבּֿÚ-ַבָּםב-ׂÚÝַׁהֹ,8,17,3,1,1,K,1,,,
807,ZAFRANA,ַבÞםׁזַה-ׁÞַֹֿ-ָׁרז״ֹ-ֶָׁ ַב׃ָםב-ׂÚÝַׁהֹ,8,18,3,1,1,K,1,,,
808,BATEN-SIDI ABDALLAH,ַבַָ״ה-׃םֿם Úַָֿבבו,4,8,3,8,1,K,1,,,
809,CHBIKA-RMADHNIA-ZGAYNIA,ַבװָםßֹ-ַבׂÞַםהםֹ,4,13,3,1,1,K,1,,,
810,TUNIS FAHS EL ALAA,Êזה׃ - ַבÝֽױ - ַבÚבֱַ,7,200,1,15,2,K,1,1,,1
811,TUNIS FAHS OUESLATIA,Êזה׃ ַבÝֽױ ַבז׃בַÊםֹ,7,149,1,15,2,K,1,1,,1
812,KAIROUAN-RACCADA-FRAHNIA-HAMMED-BEN SALEM,ַבÞםׁזַה-ׁÞַֹֿ-ַבÝַּׁהםֹ-ודַֿ-ָה ׃ַבד,4,40,3,1,1,K,1,,,
813,JBILET-E.ABIDA-SIDI FRJ-CHEBIKA,ַבָּםבַÊ-ד.Úָםֹֿ-׃םֿם Ýּׁ-ַבװָםßֹ,4,14.5,3,1,1,K,1,,,
814,CHEBIKA-GRINE-OUEHEIBIA-BEN SALEM,ַבװָםßֹ-ַבÞׁםה-ַבזוַםָםֹ-ָה ׃ַבד,4,24,3,1,1,K,1,,,
815,CHEBIKA-GRINE-DAR AMOR-OUELED ZAIR,ַבװָםßֹ-ַבÞׁםה-ַֿׁÚדׁ-ד.ַזבַֿ  ַבַׂםׁ,4,14.5,3,1,1,K,1,,,
816,NASRALLAH   MARCHE,ַבÚדב ßַדב ַבםזד ָםה ַבÞםׁזַה ז הױׁ ַבבו,8,50,3,11,1,K,1,,,
817,Khadhra - Nasrallah,הױַׁבבו-ַבדוםׁם-ֶָׁ ַבÚׁÞזָ-ַב־ײֱַׁ,8,20,3,11,1,K,1,,,
818,Nasrallah - M'hiri,הױַׁבבו-ַבדוםׁם (׃זÞ),8,10,3,11,1,K,1,,,
819,Nasrallah - Khadhra,הױַׁבבו-ַבדוםׁם-ַבדוםׁם (׃זÞ),8,20,3,1,1,K,1,,,
820,SBIKHA-NEBHANA-H.ZITOUNA-A.BOUMORRA-HEMMED-SBIKHA,ַב׃ָם־ֹ - הָוַהֹ - והֿם ַבׂםÊזהֹ - Úםה ָזדֹׁ - ודַֿ - ַב׃ָם־ֹ,4,57,3,1,1,K,1,,,
821,SBIKHA -A.BOUMORRA-HAMMED - SBIKHA,ַב׃ָם־ֹ - Úםה ָזדֹׁ - ודַֿ - ַב׃ָם־ֹ,4,25,3,1,1,K,1,,,
822,KAI-SABRA-O.CHEHAIB-FREHN-SBIK-A.BOUM-H.OTHM-DREB-,ַבÞםׁזַה - ױָֹׁ - ֳזבַֿ װוםָ - ַבÝַֽׁהםֹ - Ú. ָזדֹׁ-ֽ.Úֻדַה -ַבַָֿׁבםֹ - ַבÚבד - ַב׃ָם־ֹ,4,96.5,3,1,1,K,1,,,
823,SBI-E.D.JEMIA-BLEEZA-DALLOUS-BLATA-O.JLASS-SBIK-KA,ַב׃ָם־ֹ -ד.ַֿׁ ַבּדÚםֹ-ַבָבַÚֹׂ-ַבֿבז׃ם - ַבָבַ״ֹ - ֳ.ּבַױ -ֿ. ַבױÛםׁ ַב׃ָם־ֹ - ַבÞםׁזַה,4,177.5,3,1,1,K,1,,,
824,SBIKHA-BATTAH-DALOUSSI-BLATA-TRABELSIA-SBIKHA-KAIR,ַב׃ָם־ֹ-ַבָ״ַֽ -ַבֿבז׃ם -ַבָבַ״ֹ - ַב״ַָׁב׃םֹ - ַב׃ָם־ֹ - ַבÞםׁזַה,4,79.5,3,1,1,K,1,,,
825,AI-ARAF-D.JEMIIA-AWITHA-RWAWNA-ALAM-MACH-SEEDIA-KA,ַבÞםׁזַה-ַב׃ָם־ֹ -ֿ. ַבּדÚםֹ - ַבָבַÚֹׂ - ַבÚבד - Ú . ָזדֹׁ - ֽ . ַבױÛםׁ - ַב׃ָם־ֹ -ַבÞםׁזַה,4,186.5,3,1,1,K,1,,,
826,SBIKHA  MARCHE,׃זÞ ַב׃ָם־ֹ,8,35,3,1,1,K,1,,,
827,SBIKHA - A. BOUMORRA,ַב׃ָם־ֹ  Úםה ָזדֹׁ,8,9,3,1,1,K,1,,,
828,Sbikha - Dar jamiaa,ַב׃ָם־ֹ  ַֿׁ ַבּדÚםֹ,8,31,3,1,1,K,1,,,
829,SBIKHA - B. SKHOUN,ַב׃ָם־ֹ  ָםׁ ַב׃־זה,8,14,3,1,1,K,1,,,
830,SBIKHA - ELALAM,ַב׃ָם־ֹ - Úבד,8,3,3,1,1,K,1,,,
831,SBIKHA - EL BLATA  (TRABELSIA),ַב׃ָם־ֹ ַבָבַ״ֹ ַב״ַָׁב׃םֹ,8,12,3,1,1,K,1,,,
832,SBIK. - NABHANA,ַב׃ָם־ֹ  הָוַהֹ,8,5,3,1,1,K,1,,,
833,SBIKHA - SIDI NEJI,ַב׃ָם־ֹ  ׃םֿם הַּם,8,14,3,1,1,K,1,,,
834,SBIKHA - DALLOUSSI,ַב׃ָם־ֹ - ֿבז׃ם,8,7,3,1,1,K,1,,,
835,Sbikha-Fatnassa,ַב׃ָם־ֹ  Ý״הַ׃ֹ,8,16,3,1,1,K,1,,,
836,SBIKHA - OULED AHMED,ַב׃ָם־ֹ  ַזבַֿ ֳֽדֿ,8,16,3,1,1,K,1,,,
837,SBIKHA - EDKHILA-ECHORFA,ַב׃ָם־ֹ ַבֿ־םבֹ ַבװׁÝֹ,8,22,3,1,1,K,1,,,
838,SBIKHA - BIR EL ARGOUB,ַב׃ָם־ֹ  ַבÚׁÞזָ,8,19,3,1,1,K,1,,,
839,SBIKHA  BOUDABBOUS,ַב׃ָם־ֹ - ָזָֿז׃,8,28,3,1,1,K,1,,,
840,EL HADJEB   MARCHE,׃זÞ ַבַָּֽ,8,74,3,4,1,K,1,,,
841,El Hadjeb - Fondok Loussif,ַבַָּֽ ÝהֿÞ ַבזױםÝ,8,27,3,1,1,K,1,,,
842,EL HADJEB -MARCHE,׃זÞ ַבַָּֽ,8,19,3,4,2,K,1,1,,1
843,El Hadjeb - Charnana,ַבַָּֽ  װׁהַהֹ,8,23,3,1,1,K,1,,,
844,Hadjeb - Lahdaia,ַבַָּֽ - ַבוַֿםַ,8,17,3,1,1,K,1,,,
845,HADJEB DGUIMA,ַבַָּֽ ַבֿÛםדֹ,8,14,3,1,1,K,1,,,
846,KAIR - RWEWNA - DHRIET -D . SGUIR -DALOUSSI -SBIKH,ַבÞםׁזַה - ַבׁזַזהֹ - ַב׀ׁםÚַÊ - ַֿׁ ַבױÛםׁ - ַבֿבז׃ם - ַב׃ָם־ֹ,4,104,3,1,1,K,1,,,
847,SBIK- ARGUOUB-RWEWNA-DHRIEET-AWITHA-BLEEZA-KAIROUA,ַב׃ָם־ֹ - ַבÚׁÞזָ - ַבׁזַזהֹ - ַב׀ׁםÚַÊ - ַבÚזםֹֻ - ַבָבַÚֹׂ -  ַבדÊָ׃״ֹ - ַבÞםׁזַה,4,154,3,1,1,K,1,,,
848,SBIKHA-DOUTHRIA-D-HDHILI-D-JAMIA-NAFET-KAIROUAN,ַב׃ָם־ֹ-ַבֿזַ׀ׁםֹ-ַֿׁ ַבו׀םבם-דÚוֿ ַֿׁ ַבּדÚםֹ  - -ַבÞÝם - ַבהÝַÊ - ַב׃ָם־ֹ - ַבÞםׁזַה,4,112,3,1,1,K,1,,,
849,KAI-RAKADA-JBILET-B.SALEM-CHEBIKA-O.NASR-O.ZAIR-KA,ַבÞםׁזַה - ׁÞַֹֿ - ַבָּםבַÊ - ָה ׃ַבד - ַבװָםßֹ - ֳ . הױׁ - ֳ . ַבַׂםׁ - ַבÞםׁזַה,4,114.15,3,1,1,K,1,,,
850,OUSSELTIA  MARCHE,׃זÞ ַבז׃בַÊםֹ,8,60,3,1,1,K,1,,,
851,Ousseltia - El Margueb,ַבז׃בַÊםֹ  ַבדׁÞָ,8,18,3,1,1,K,1,,,
852,Ousseltia - Ksar Limsa,ַבז׃בַÊםֹ-ָׂםהֹ-Þױׁ בד׃ֹ,8,32,3,7,1,K,1,,,
853,OUESL. JLOULA,ַבז׃בַÊםֹ  -Ûםה ד׃Êזׁ-Þױׁ בד׃ֹ,8,34,3,1,1,K,1,,,
854,OUESLATIA  HAFFOUZE,ַבז׃בַÊםֹ  ֽÝזׂ,8,32,3,1,1,K,1,,,
855,KAIR- CHEB-HOUAREB - RMADHNIA-CHEBIKA-KAIR,ַבÞםׁזַה - ַבװָםßֹ - ַבוזַָׁ - ַבׁדַײהםֹ - ַבװָםßֹ - ַבÞםׁזַה,4,87.1,3,6,1,K,1,,,
856,KAIR-RAKADA-B.SALEM-CHEBIKA-GRAGUIA-HEMM-KAIROUAN,בÞםׁזַה - ׁÞַֹֿ -ַבדֿׁ׃ֹ - ָה ׃ַבד - ַבװָםßֹ - ַבÞַׁÞÚםֹ - ודַֿ - ַבÞםׁזַה,4,104.35,3,6,1,K,1,,,
857,KAIR-RAKADA-CHEBIKA-GRAGUIA-O .ZAIR-KAIROUAN,ַבÞםׁזַה - ׁÞַֹֿ - ַבװָםßֹ - ַבÞַׁÞÚםֹ - ֳ. ַבַׂםׁ - ַבÞםׁזַה,4,95.3,3,1,1,K,1,,,
858,KAIR-CHEBIKA-GRAGUIA -O.ZAIR - KAIROUAN,ַבÞםׁזַה - ַבװָםßֹ - ַבÞַׁÞÚםֹ - ֳ . ַבַׂםׁ - ַבÞםׁזַה,4,83.65,3,1,1,K,1,,,
859,JLOULA -OUSSLATIA-D.BOUSLAH-JLOULA,ּבזבֹ - ַבז׃בַÊםֹ - ַֿׁ ָזױבַֽ - ּבזבֹ,4,93.5,3,1,1,K,1,,,
860,HAFFOUZ   MARCHE,׃זÞ ֽÝזׂ,8,54,3,1,1,K,1,,,
861,Haffouz - El Alia,ֽÝזׂ - ַבÚַבםֹ,8,12,3,1,1,K,1,,,
862,Haffouz - Chrechira,ֽÝזׂ  ַבװׁםװםֹׁ,8,17,3,1,1,K,1,,,
863,HAFF. - EL ALAA,ֽÝזׂ  - ַבÚבַ,8,16,3,1,1,K,1,,,
864,Haffouz -  El Aouydid,ֽÝזׂ  ַבÚזַֿםֿ,8,12,3,1,1,K,1,,,
865,El Alaa - Haffouz,ַבÚבַ-ֽÝזׂ,8,16,3,1,1,K,1,,,
866,El Alaa - Kairouan,ַבÚבַ-ַבÞםׁזַה,8,70,3,1,1,K,1,,,
867,El Alaa-Chrichira,ַבÚבַ-ַבװָםßֹ,8,33,3,1,1,K,1,,,
868,HAFFOUZ EL OUNG,ֽÝזׂ ַבÚהÞ,4,11,3,2,1,K,1,,,
869,OUSSLATIA-ESSDARA-RIMANI-MERGUEB-OUSSLATI,ַבז׃בַÊםֹ - ַבױַֹֿׁ - ַבׁםדַהם - ַבדׁÞָ - ַבז׃בַÊםֹ,4,52,3,7,1,K,1,,,
870,SBIK. - HAMMED,ַב׃ָם־ֹ  ודַֿ,8,13,3,1,1,K,1,,,
871,SBIKHA - MACHROUAA,ַב׃ָם־ֹ - ַבדװׁזÚ,8,16,3,1,1,K,1,,,
872,SBIKHA - BOUDABBOUS,ַב׃ָם־ֹ-ָזָֿז׃,8,25,3,1,1,K,1,,,
873,SBIKHA - EDHOURBANIA,ַב׃ָם־ֹ  ַבײַָׁהםֹ,8,15,3,1,1,K,1,,,
874,B.OTHMEN,ַב׃ָם־ֹ  ַֽהזÊ Úֻדַה,8,8,3,1,1,K,1,,,
875,SBIKHA-ARAFAT-D.JAMIA,ַב׃ָם־ֹ ÚׁÝַÊ ַֿׁ ַבּדÚםֹ,8,31,3,1,1,K,1,,,
876,JLOULA-OUSSLATIA-RIHANE -JLOULA,ּבזבֹ - ַבז׃בַÊםֹ - ַבׁםַֽה - ּבזבֹ,4,106.5,3,7,1,K,1,,,
877,KAIR-MHIRI-AZAAZA-B.AHM-B.SLEIMIA-NASRAL-MHIRI,ַַבדוםׁם - ַבÚַׂÚֹׂ -ֶָׁ ֳֽדֿ - ֶָׁ ַב׃בַםדםֹ - הױׁ ַבבו,4,56.6,3,11,1,K,1,,,
878,NASRAL-ENNASIM-SLEIMIA-MHIRI-ABEDLIA-ADHLA-MHIRI,הױׁ ַבבו -ֽם ַבה׃םד - ַב׃בַםדםֹ - ַבדוםׁם - ַבÚַָֿבםֹ - ַבÚײבֹ - ַבדוםׁם,4,46.1,3,11,1,K,1,,,
879,NASRALLAH-ENNASIM X 2-ABEDLIA -ADHLA-MHIRI,הױׁ ַבבו - ֽם ַבה׃םד *2 - ַבÚַָֿבםֹ - ַבÚײבֹ - ַבדוםׁם,4,41.1,3,1,1,K,1,,,
880,MHIRI-NASRALLAH-ENNASIM-E.HACHED-KABARA-NASRALLAH,ַבדוםׁם - הױׁ ַבבו - ם ַבה׃םד - דֿׁ׃ֹ ֽװַֿ - ַבßַָֹׁ - הױׁ ַבבו,4,64,3,11,1,K,1,,,
881,KAIR-MHIRI-SOUALEM-B.SLEIMIA-B.AH-DARRA-HRARTH-NAS,הױׁ ַבבו-ַבדוםׁם-ַבÚׁÞזָ - ֶָׁ ַב׃בַםדםֹ - ֶָׁ ֳֽדֿ - ַבַּֿׁ - ַבַֻֽׁׁםֹ - הױׁ ַבבו - ַבדוםׁם,4,59.6,3,11,1,K,1,,,
882,NASRA-B SLEIMIA-B AHMED-DARR-HRARTHIA-NASR-MHIRI,הױׁ ַבבו - ֶָׁ ַב׃בַםדםֹ - ֶָׁ ֳֽדֿ -ַבַּֿׁ - ַבַֻֽׁׁםֹ - הױׁ ַבבו - ַבדוםׁם,4,44.7,3,1,1,K,1,,,
883,NAS-KSOUR-B.SLEIMIA-B.AHM-DARRAJ-HRARTH-SANTAGE-NA,הױׁ ַבבו - ַבÞױזׁ - ֶָׁ ַב׃בַםדםֹ - ֶָׁ ֳֽדֿ - ַבַּֿׁ - ַבַֻֽׁׁםֹ - ַבױה״ַּ - הױׁ ַבבו - ַבדוםׁם,4,75.3,3,1,1,K,1,,,
884,HIRI -NASS-RIEICHA-K.ENNOUR-RIEICHA-NASRALLAH,ַבדוםׁם - הױׁ ַבבו -ד.ַבׁםַםװֹ- Þׁםֹ ַבהזׁ-ַבױה״ַּ-הױׁ ַבבו,4,81.1,3,11,1,K,1,,,
885,NASRALLA- KABBARA K .ENNOUR X 2- NASRALLAH - MHIRI,הױׁ ַבבו -ַבßַָֹׁ - Þׁםֹ ַבהזׁ*2 - הױׁ ַבבו - ַבדוםׁם,4,125.2,3,11,1,K,1,,,
886,NASSR-RIEICHA-KABARA-K.NOUR-NASRALLAH-MHIRI,הױׁ ַבבו - ַבׁםַםװֹ - ַבßַָֹׁ - Þ . ַבהזׁ - הױׁ ַבבו - ַבדוםׁם,4,96.1,3,1,1,K,1,,,
887,MHIRI -HMIDET -ABEDLIA-ADHLA-ARGUOUB-MHIRI,ַבדוםׁם - ַבֽדםַֿÊ - ַבÚַָֿבםֹ - ַבÚײבֹ - ַבÚׁÞזָ - ַבדוםׁם,4,52,3,11,1,K,1,,,
888,MHIRI-TWILA-NASRA-MHIRI-AZAAZA-MHIRI,ַבדוםׁם - ַב״זםבֹ - הױׁ ַבבו - ַבדוםׁם - ַבÚַׂÚֹׂ - ַבדוםׁם,4,89.3,3,11,1,K,1,,,
889,NASRALLAH-KABARA X 2-HACHED - NASR-MHIRI,הױׁ ַבבו - ַבßַָֹׁ *2 - ֽװַֿ - הױׁ ַבבו - ַבדוםׁם,4,112.5,3,1,1,K,1,,,
890,MHIRI-NASRA-KSOUR-K.ENNOUR-KABARA-NASR-MHIRI,ַבדוםׁם - הױׁ ַבבו -Þ . ַבהזׁ - ַבßַָֹׁ - הױׁ ַבבו - ַבדוםׁם,4,79.1,3,11,1,K,1,,,
891,NASRALLAH-KABARA-HACHED X 2 -NASRALLAH-MHIRI,הױׁ ַבבו - ַבßַָֹׁ - ֽװַֿ * 2 - הױׁ ַבבו - ַבדוםׁם,4,86.3,3,11,1,K,1,,,
892,NASRALLAH-HACHED -EL KSOUR-H.NEJI-NASR-MHIRI,הױׁ ַבבו - ד . ֽװַֿ - ַבÞױזׁ - ֽ. הַּם - הױׁ ַבבו - ַבדוםׁם,4,71.3,3,1,1,K,1,,,
893,MHIRI-S.SAAD-BOUGABRIN-SOUALEMX2-O.AYICH-ARG-NAS-M,ַבדוםׁם - ׃. ׃Úֿ - ָזÞָׁםה -ַב׃זַבד * 2- ַבÚַםװ - ַבÚׁÞזָ - הױׁ ַבבו - ַבדוםׁם,4,75.4,3,11,1,K,1,,,
894,MHIRI - S .SAAD -BOUGABRINE - MHIRI,ַבדוםׁם - ׃ . ׃Úֿ - ָזÞָׁםה - ַבדוםׁם,4,36.2,3,12,1,K,1,,,
895,MHIRI - S . SAAD-BOUGABRINE X 2-MHIRI,ַבדוםׁם - ׃ . ׃Úֿ - ָזÞָׁםה *2 - ַבדוםׁם,4,72.4,3,11,1,K,1,,,
896,MHIRI - S .SAAD- ETTWILA -MHIRI,ַבדוםׁם - ׃ ׃Úֿ - ַב״זםבֹ - ַב׃זַבד-ַבדוםׁם - הױׁ ַבבו,4,61.5,3,11,1,K,1,,,
897,NASRAL-K .ENNOUR-KABARA - NASR- MHIRI,הױׁ ַבבו - Þׁםֹ ַבהזׁ - ַבßַָֹׁ - הױׁ ַבבו - ַבדוםׁם,4,109.5,3,11,1,K,1,,,
898,MHIRI - HMIDET - AZAAZA - MHIRI,ַבדוםׁם - ַבֽדםַֿÊ - ַבÚַׂÚֹׂ - ַבדוםׁם,4,40.8,3,1,1,K,1,,,
899,MHIRI -S .SAAD - ARGUOUB-EL KHADRA-MHIRI,ַבדוםׁם - ׃ . ׃Úֿ - ַבÚׁÞזָ -דֿׁ׃ֹ ַב־ײֱַׁ - ַבדוםׁם,4,51,3,11,1,K,1,,,
900,ROUTE SOUSSE LAMINIA,דÚדב ַבÝםÊזֹׁ  ַבֳדםהםֹ,6,2,2,8,1,K,1,,,
901,KAIR BRIKAT EDHOUAHER,ַבÞםׁזַה-ַבָׁםßַÊ-ַבÙזַוׁ,4,51,3,8,1,K,1,1,,1
902,KAIROUAN-METBASTA,ַבÞםׁזַה-ַבדÊָ׃״ֹ,6,15,2,8,1,K,1,,,
903,KAIR  HEMBEZ A. NHAR,ַבÞםׁזַה ַבֽדַָׂ ַזבַֿ הוַׁ,6,23,2,8,1,K,1,,,
904,MOD ALI IMARAT,דֽדֿ Úבם ַבÚדַַׁÊ,5,2.5,2,8,1,S,1,,,
905,LAMINIA BAB ELKHOUKHA ERRAHBA ESSAID  AGHALBA,ַבֳדםהםֹ ָ.ַב־ז־ֹ ַבָֹֽׁ ַב׃םֿ ַבֳÛַבָֹ,1,,2,8,2,K,1,,,
906,MANSOURA-NASR-DAR EL AMEN-AGHALIBA,ַבדהױזֹׁ ַבהױׁ ֿ.ַבֳדַה ַבֳÛַבָֹ,1,4,2,8,2,K,1,,,
907,KAI. MAKSOUMA AWLED NHAR,ַבÞםׁזַה-ַבד־ױזדֹ-ֳזבַֿ הוַׁ,6,19,2,8,1,K,1,1,,1
908,MED ALI   -   LYCEE AGHALBA,ד.Úבם  דÚוֿ ַבֳÛַבָֹ,5,,2,8,1,K,1,,,
909,MANSOURA ROCADE ENNASR ENNOUR,ַבדהױזֹׁ ״.ַֽׂדםֹ ַבהױׁ ַבהזׁ,5,,2,8,1,K,1,,,
910,AGHALBA - DAR LAMEN,ַבֳÛַבָֹ  ַֿׁ ַבֳדַה,5,,2,8,1,K,1,,,
911,INTEX  NACER  MANSOURAH   AGIP, ֳּםָ ַבדהױזֹׁ  דÚדב ֳהÊַß׃ ( ״ׁםÞ ַבַָ״ה ),9,,1,1,1,K,1,,,
912,OUSLATIA ZAGDOUD,ַבז׃בַÊםֹ  ׂÛֿזֿ,8,36,3,1,1,K,1,,,
913,MANS-ESSAID-JEMAA-MANS,ַבדהױזֹׁ ַב׃םֿ ַבַּדÚ ַבדהױזֹׁ,5,8,2,8,1,K,1,,,
914,FANDRA  BATEN  CHEBIKA,Ýהֹֿׁ-ַבַָ״ה-ַבדּֿזָ-ַבװָםßֹ,4,28,3,6,1,K,1,,,
915,ESSAIDIA SBIKHA,ַב׃Úַםֿםֹ ַב׃ָם־ֹ,4,13,3,1,1,K,1,,,
916,EL MOIZ - FACULTE,ַבדÚׂ  ַבßבםֹ,5,8,2,8,1,K,1,,,
917,KAIR.   SIDI  ABDALLAH,ַבַדםהםֹ -ַבÊּוםׂ - ַבֳÛַבָֹ,4,,3,1,1,K,1,,,
918,SIDI  ABDALLAH  KAIROUAN,הױׁ ַבבו - ַב־ײֱַׁ - ַבÞםׁזַה,4,50,3,11,1,K,1,,,
919,GRIBI HADJEM MANSOURA,ַבÛׁםָם-ַבַּֽד-ַבדהױזֹׁ-ֵ.ַבהדז׀ּם,5,6.4,2,13,1,S,1,1,,1
920,CNR-ESSAID-GOUVT-TRIBUNAL,ַבÚדַַׁÊ-ַב׃םֿ-ַבזבַםֹ-ַבדֽßדֹ,1,7,2,13,2,S,1,1,,1
921,ENNAS-TRAVX-IBN.RACH-RAHBA-GOUVET-TRIBUNAL,ֽם ַבהױׁ-ַבÊּוםׂ-ַָה ׁװםÞ-ַבָֹֽׁ-ַבזבַםֹ-ַבדֽßדֹ,1,8.8,2,13,2,S,1,1,,1
922,TRIBUNAL-GVT-RAHBA-O.FARH-B.JEDID-ENNASR-MAN-M.ALI,ַבדֽßדֹ-ַבזבַםֹ-ַבָֹֽׁ-ֳ.Ýַֽׁה-ַָָ ַבּֿםֿ-ֽם ַבהױׁ-ַבÚדַַׁÊ,1,8.7,2,13,2,K,1,,,
923,M ALI -IBEN  RACHIK  RAHBA - GOUVT.,ד.Úבם ַָה ׁװםÞ ַבָֹֽׁ ַבזבַםֹ,1,,2,8,2,K,1,,,
924,MAN.MOD ALI ESSAID JAMAA MOD ALI,ַבדהױזֹׁ דֽדֿÚבם  ַב׃םֿ  ַבַּדÚ  דֽדֿ Úבם,5,10,2,8,1,S,1,,,
925,RACCADA CHEBIKA (VIA B.SALEM),ׁÞַֹֿ ַבװָםßֹ Úָׁ ָה ׃ַבד,4,20,3,1,1,K,1,,,
926,A LA DISP - SCE URBAIN,Úבל ׀דֹ  ֶׁם׃ ַבֵה״בַÞַÊ,11,,2,8,1,K,1,1,,1
927,D.LAMEN -ESSAID-AGIP-MANSOURA,ַֿׁ ַבֳדַה ַב׃םֿ ֳּםָ ַבדהױזֹׁ,1,7,2,8,2,K,1,,,
928,MANSOURA-TRAVEAUX-ESSAID,ַבדהױזֹׁ ַבÊּוםׂ ַב׃םֿ,1,4,2,8,2,K,1,,,
929,FACULTE- MED ALI-IBN RACHIK,ַבßבםֹ-ֽם דֽדֿ Úבם-ַָה ׁװםÞ,5,10,2,13,1,S,1,1,,1
930,SBIKHA  BLATA,ַב׃ָם־ֹ  ַבָבַ״ֹ,4,12,3,1,1,K,1,,,
931,SBIKHA OUELED JLASS  RAOUAANA,ַב׃ָם־ֹ  ַזבַֿ ּבַױ  ַבׁזַזהֹ,4,36,3,1,1,K,1,,,
932,KAI  ADDAM-SABRA,ַבÞםׁזַה  ַבÚַֿד-ױָֹׁ,4,33,3,1,1,K,1,,,
933,ADDAM  DKHILA SBIKHA,ַבÚַֿד  ַבֿ־םבֹ  ַב׃ָם־ֹ,4,39,3,1,1,K,1,,,
934,SBIKHA S.NEJI KRIWAA DAR-JAMIAA,ַב׃ָם־ֹ ׃.הַּם ַב־ׁםזÚ ֿ.ַבּדÚםֹ,4,25,3,1,1,K,1,,,
935,ADDAM  SBARA  BIT  EL-HEDI,ַבÚַֿד ַב׃ַָֹׁ ָםÊ ַבוַֿם,4,35,3,1,1,K,1,,,
936,SBIKHA  ECO  DKHILA  BIT EL-HEDI,ַב׃ָם־ֹ ד.ַבֿ־םבֹ ָםÊ ַבוַֿם,4,15,3,1,1,K,1,,,
937,KAIROUAN   EL  SMEYTIA,ַבÞםׁזַה  ַב׃דַםÊםֹ,2,14,3,1,2,K,1,,,1
938,EDHRIAAT  A.JLASS TRABELSIA SBIKHA,ַב׀ׁםÚַÊ-ַבׁזַזהֹ-ַב״ַָׁב׃םֹ-ַב׃ָם־ֹ,4,23,3,1,1,K,1,,,
939,SBIKHA SBARA  BIT EL-HEDI,ַב׃ָם־ֹ ַב׃ַָֹׁ ָםÊ ַבוַֿם,4,20,3,1,1,K,1,,,
940,BOUHAJLA  EL-GASSAAT  KAI,ַב׃ָם־ֹ ַב״ַָׁב׃םֹ ֳ.ּבַױ,4,13,3,1,1,K,1,,,
941,MANSOURAH-MED ALI-TRAVAUX-HAJJEM-MIBTAY,ַבדהױזֹׁ-דֽדֿ Úבם-ַבÊּוםׂ-ַבַּֽד-דםָ״ַם,9,10,1,1,1,K,1,,,
942,CHERARDA  BIR  EL-HLOU,ַבװַֹֿׁׁ  ֶָׁ ַבֽבז,4,4,1,14,1,K,1,,,
943,SBIKHA  DAR .SGHAIER O JLASS  BLATA,ַב׃ָם־ֹ- ַבֿבז׃ם- ַבָבַ״ֹ - ֳ. ּבַױם - ַֿׁ ַבױÛםׁ,4,30,3,1,1,K,1,,,
944,DAR SGHAIER  A JLASS  TRABELSIA SBIKHA,ַב׃ָם־ֹ ַב״ַָׁב׃םֹ ֳ.ּבַױ ַֿׁ ַבױÛםׁ,4,29,3,1,1,K,1,,,
945,HADJEB EL-GHOUIBA,ַבַָּֽ  ַבÛזםָֹ,4,5,3,4,1,K,1,,,
946,BOUHAJLA ECO A NACER BOUHOUCH,ָזּֽבֹ  דֿׁ׃ֹ  ֳזבַֿ הױׁ ָזֽזװ,4,13,3,10,1,K,1,,,
947,BLAAZA  KONDAR  KAI,ַבָבַÚֹׂ  ßהַֿׁ  ַבÞםׁזַה,4,48,3,1,1,K,1,,,
948,SBIKHA  EL-BATTAH,ַב׃ָם־ֹ  ַבָ״ַֽ,4,7,3,1,1,K,1,,,
949,SBIKHA HAMMED  MACHROUA,ַב׃ָם־ֹ  ַבדװׁזÚ  ודַֿ,4,17,3,1,1,K,1,,,
950,KAIROUAN-ONH,ַבÞםׁזַה-ַבֿםזַה ַבז״הם בבׂםÊ,9,18,1,17,2,K,1,,,
951,FAWANISS  KAIROUAN,ַבÞםׁזַה ַבÝזַהם׃,9,6,1,1,1,K,1,,,
952,OUELED-FARHAN  INTEX,ֳזבַֿ Ýַֽׁה -  ֵהÊַß׃ ( ״ׁםÞ ַבַָ״ה ),9,8,1,1,1,K,1,,,
953,KAIROUAN-SBIKHA-S.NEJI-METBASTA,ַבÞםׁזַה-ַב׃ָם־ֹ-׃םֿם הַּם-ַבדÊָ׃״ֹ,9,82,1,1,1,K,1,,,
954,ENNOUR A.F.H. TRAVAUX M.ALI,ַבהזׁ ַֿׁ ַבֳדַה ַבÊּוםׂ ד.Úבם,1,,2,8,2,K,1,,,
955,O. FARHANE SITAF (D. TAMMAR),ַבהדז׀ּם ַבדהױזֹׁ ַב׃םֿ ֳזבַֿ Ýַֽׁה,5,14,2,8,1,K,1,,,
956,O. FARHANE STAYLAND,ֳזבַֿ Ýַֽׁה-׃Êַםבַהֿ,9,26.5,1,17,2,K,1,,,
957,SBIKHA  DAR  SGHAIER  DAR-JAMIAA,ַב׃ָם־ֹ-ַֿׁ ַבױÛםׁ-ַֿׁ ַבּדÚםֹ,4,33,3,1,1,K,1,,,
958,TRAVAUX NAHASSINE O.FARHANE Z.INDUSTRIELLE,ַבֳװÛַב-ַבהַֽ׃םה-ֳ.Ýַֽׁה-ַבדה״Þֹ ַבױהַÚםֹ,1,,2,8,2,K,1,,,
959,KAIR -  MAKHSOUMA,ַבÞםׁזַה  ַבד־ױזדֹ,6,16,2,8,1,K,1,,,
960,OULED CHEHAIEB SBIKHA,ֳ.װוםָ ַב׃ָם־ֹ,4,26,3,1,1,S,1,,,
961,COLLEGE -TABBEN -ENNABECH -HEMBEZ,דֿׁ׃ֹ ֵ. ַבÊַָה ַבהָװ  ַבֽדַָׂ,6,,2,8,1,K,1,,,
962,HAFFOUZ-KH.ELWED X2-ALIA X2-KODYA-MERGUEB-OUSSLATI,ֽÝזׂ - ־ם״ ַבזַֿ *2 -ַבÚַבםֹ *2 - ַבßֿםֹ - ַבדׁÞָ - ַבז׃בַÊםֹ,4,64.5,3,2,1,K,1,,,
963,AOUELED  FARHAN  AGIP  STAYLAND,ַזבַֿ Ýַֽׁה  ַּםָ  ׃Êַםבַהֿ,9,20,1,17,2,K,1,,,
964,ECOLE MANSOURA SAID IMARAAT,דֿׁ׃ֹ ַבדהױזֹׁ ַב׃םֿ ַבדהױזֹׁ,5,9.7,2,8,1,K,1,,,
965,KHAZZAZIA  M.C.T,ַבÞםׁזַה  ַבֽזַדֿ,4,17,3,8,1,K,1,,,
966,SIDI ABDALLAH  SABRINE  CHEBIKA,׃םֿם Úַָֿבבו-ױַָׁםה ַבװָםßֹ,4,28,3,6,1,K,1,,,
967,HAFFOUZ  EZZORG  CHERICHIRA,ֽÝזׂ-ַבÚםַםװֹ-  ַבׁׂÞ,4,17,3,2,1,K,1,,,
968,HAFFOUZ  AIN-GRAB - KEOUB,ֽÝזׂ - Úםה Ûַָׁ,4,10,3,2,1,K,1,,,
969,KHODHER-SBIKHA-KAIROUAN-FRANCO,ַב־ײׁ - ַב׃ָם־ֹ - ַבÞםׁזַה ( Ýַׁהßז),9,43,1,1,1,K,1,,,
970,JEBEL KOSKOSSI STAYLAND,ָּב ַבß׃ß׃ם - ַבÊּוםׂ-ַבַּֽד- ׃Êַםבַהֿ,9,10,1,17,2,K,1,,,
971,HAMMAM -DHOUAHER -RACCADA,ַבֽדַד ַבÙזַוׁ ׁÞַֹֿ,6,14,2,8,1,K,1,,,
972,JBILET - RACCADA,ַבָּםבַÊ  ׁÞַֹֿ,4,,3,1,1,K,1,,,
973,ENNASR D.LAMEN AGHALBA(VIA H.MAAL),ַבהױׁ- ֿ.ַבֳדַה ַבֳÛַבָֹ Úָׁ ֽ.ַבדÚבזב,5,6,2,8,1,K,1,,,
974,AMINIA-B.KHOUKHA-RAHBA-D.LAMEN,ַבֳדםהםֹ ַָָ ַב־ז־ֹ ַבָֹֽׁ ֿ.ַבֳדַה ַבהדז׀ּם,5,4,2,13,1,K,1,,,
975,ECOLE AGHALBA-GOUVERNORAT,דֿׁ׃ֹ ַבֳÛַבָֹ  ַבזבַםֹ,5,,2,8,1,K,1,,,
976,M. ELKSOUR NASRALLAH,ַּדÚ ַבÞױזׁ הױַׁבבו,4,16,3,1,1,K,1,,,
977,CHERARDA-EL AHD EL JADID,ַבװַֹֿׁׁ-ַבÚוֿ ַבּֿםֿ,4,8,3,14,1,K,1,,,
978,ELOUDAI BOUHAJLA,ָזּֽבֹ-ַבזֿם,4,26,3,10,1,K,1,,,
979,JOUAMIA GDITHET DHIBET,דֿׁ׃ֹ ַבÛֿםַֻÊ - ַב׀וםַָÊ,4,8,3,1,1,K,1,,,
980,BABSIA -ENADI - EL HAJEB,ַבַָָ׃םֹ - ַבהַֿם - ַבַָּֽ,4,23,3,4,1,K,1,,,
981,HG, ֿ.ַבֳדַה ַבַּֽד ַבÊּוםׂ ֽם דֽדֿ Úבם,1,,2,8,2,S,1,,,
982,CHEBIKHA  BATHEN  S ABDALLAH,ַבװָםßֹ ַבַָ״ה ׃.Úַָֿבבו,4,,3,1,1,K,1,,,
983,S AMOR  FALEH,ָזּֽבֹ  ֶָׁ ַבÝַבֽ,4,7,3,10,1,K,1,,,
984,MHIRI - HMIDET,ַבדוםׁם - ֽדםַֿÊ,4,7,3,11,1,K,1,,,
985,LOUDAI - BIR ELOUSSFEN - CHERARDA,ַבזֿם - ֶָׁ ַבזױÝַה - ַבװַֹֿׁׁ,4,26,3,1,1,K,1,,,
986,EZZAMLA - LIKHTATFA - HAFFOUZ,ַבׂדבֹ - ַב־״ַ״Ýֹ - ֽÝזׂ,4,33,3,2,2,K,1,,,
987,EL BAZDIA-SIDI NEJI-SBIKHA,ַבַָֿׂםֹ - ׃םֿם הַּם- ַב׃ָם־ֹ,4,31,3,1,1,K,1,,,
988,CNR -LYCEE MANS-JEMAA-CNR,ַבÚדַַׁÊ דÚוֿ ַבדהױזֹׁ ַבַּדÚ ַבÚדַַׁÊ,5,12,2,8,1,K,1,,,
989,D.LAMEN ESSAID AGIP M.ALI,ֿ.ַבֳדַה ַב׃םֿ ֳּםָ ד.Úבם,1,4,2,8,2,K,1,,,
990,NAFFAT - DAR EJMIAA,ַבהÝַÊ - ַֿׁ ַבּדÚםֹ,4,18,3,1,1,K,1,,,
991,RESERVE,ֵֽÊםַ״ם,11,,1,8,1,K,1,,,
992,M.T.K  FACULTE,דױהÚ ַבÊָÛ  ַבßבםֹ,4,10,3,1,1,S,1,,,
993,LAHMARNIA - DAR EJMIAA,ַב׃ָם־ֹ ַבֽדַׁהםֹ  ַב־ׁםזÚ- ַֿׁ ַבּדÚםֹ,4,21,3,1,1,S,1,,,
994,BOUHAJLA - HANOUT EL OUNI,ָזּֽבֹ - ַֽהזÊ ַבÚזהם,4,8,3,10,1,K,1,,,
995,KAIROUAN - OULED KHALFALLAH - AIN HALLOUF,ַבÞםׁזַה - ַזבַֿ ־בÝ ַבבו - Úםה ַבֽבזÝ,4,48,3,1,1,K,1,,,
996,AGIP  STAYLAND,ֳּםָ ׃Êַםבַהֿ,9,29.5,1,17,2,K,1,,,
997,CHERARDA - EL AOUAGBIA,ַבװַֹֿׁׁ - ַבÚזַÞָםֹ,4,5,3,14,1,K,1,,,
998,S AMOR  BOUHOUCH,ָזּֽבֹ  ַזבַֿ  ָזֽזװ,4,13,3,1,1,K,1,,,
999,Fin de service,הוַםֹ ַבÚדב,11,,3,1,1,K,1,,,
1000,CHEF DES DEPARTS,ַבֵװַׁÝ Úבל ַבַה״בַÞַÊ,11,0,1,8,2,K,1,,,
1001,CHEF DES DEPARTS OCCASIONNELS,ַבֵװַׁÝ Úבל ַה״בַÞַÊ ַבהÞב ַבÚׁײם,11,,1,8,2,K,1,,,
1055,EL ALAA,ַבדßזֻ ַָבÚבַ,11,,1,8,1,K,1,,,
1056,EL HADJEB,ַבדßזֻ ַָבַָּֽ,11,,1,8,1,K,1,,,
1057,HADJEB  MUSEE RACCADA,ַבדßזֻ ָֽÝזׂ,11,,1,15,2,K,1,,,
1058,SBIKHA  MUSEE RACCADA,ַבדßזֻ ָהױׁ ַבבו,11,,1,8,2,K,1,,,
1060,MENZEL M'HIRI  MUSEE RACCADA,ַבדßזֻ ַָבװַֹֿׁׁ,11,,1,8,2,K,1,,,
1061,CHEBIKA  MUSEE RACCADA,ַבדßזֻ ַָבז׃בַÊםֹ,11,,1,8,2,K,1,,,
1130,ELALAA - SAYADA, ַב׀וםַָÊ -  ױםַֹֿ,4,6,3,1,1,K,1,,,
1157, TOZEUR   TAMAGZA,ַבÞםׁזַה Êזׁׂ ÊדÛֹׂ,7,350,1,8,2,K,1,,,
1189,KTATFA  EZZAMLA, ַבׂדבֹ  ֽÝזׂ,4,24,3,2,1,S,1,,,
1191,KAI  SAJNANE,ַבÞםׁזַה ׃ּהַה,7,260,1,8,2,K,1,,,
1199,ECOLE  OUERFELLA  CHEBIKA,ַבװָםßֹ דֿׁ׃ֹ זׁÝבֹ ַב׃ַÞםֹ,4,,3,1,1,S,1,,,
1227,KAIR FANDRA  CHEBIKHA LAWAMRIA,ַבÞםׁזַה Ýהֹֿׁ ַבװָםßֹ ַבÚזַדׁםֹ,4,25,3,6,1,K,1,,,
1255,CHEBIKA FANDRA VIA EL BATEN,ַבװָםßֹ ַבַָ״ה Ýהֹֿׁ,4,25,3,1,1,S,1,,,
1264,KAI  BEJA JANDOUBA,ַבÞםׁזַה ׃.׃Úֿ ַָֹּ ּהֿזָֹ,7,271,1,11,1,K,1,,,
1266,KAI  RACCADA,װַָß ַבÊַֿßׁ,11,0,1,15,1,K,1,,,
1299,KAI  KASSERIN  BOUZID EL- GRINE,ַבÞםׁזַה ַבÞױׁםה ָזׂםֿ ַבÞׁםה,7,152,1,8,1,K,1,,,
1300,KAI  GSAןSSIA SBIKHA,ַבÞםׁזַה  ַבÞױַםױםֹ ַב׃ָם־ֹ,4,,3,1,1,K,1,,,
1303,CNRL.MANS.ESSAID,ַבÚדַַׁÊ-ד.ַבדהױזֹׁ-ַב׃םֿ-ַָה ׁװםÞ,1,7.5,2,13,2,K,1,,,
1304,CHEBIKA RMADHNIAA,ַבװָםßֹ  ַבׁדַײהםֹ,4,12,3,6,1,K,1,,,
1305,NASRALLAH HACHED K.ENNOUR,הױַׁבבו ֽװַֿ Þׁםֹ ַבהזׁ,4,27,3,11,1,K,1,,,
1306,NASRALLAH KHOBNA KABARA,הױַׁבבו ַב־ָהֹ ַבßַָֹׁ,4,,3,1,1,K,1,,,
1307,JLOULA RIHAN OUESLATIA,ּבזבֹ ַבׁםַֽה ַבז׃בַÊםֹ,4,52,3,7,1,K,1,,,
1308,KAB,ַבÞםׁזַה -ַבֿ־ַםבםֹ - ַבÞױַםױםֹ - ַב׃ָם־ֹ,4,40,3,1,1,K,1,,,
1309,A,ֽם דֽדֿ Úבם -  ַבהױׁ - דÚוֿ  ַבֳÛַבָֹ,1,,2,8,2,K,1,,,
1310,DAR JAMIAA-ROUWAWNA-OULED JLASSI-BLATA-SBIKHA,ַֿׁ ַבּדÚםֹ-ַבׁזַזהֹ-ַזבַֿ ַבּבַױם-ַבָבַ״ֹ-ַב׃ָם־ֹ,4,33,3,1,1,K,1,,,
1311,AGHALBA  CITE ENNASR,ַבֳÛַבָֹ - ֽם ַבהױׁ,1,,2,8,2,K,1,,,
1312,ַבÞםׁזַה ַבַָ״ה Ýהֹֿׁ ַבװָםßֹ,ַבÞםׁזַה-ַבַָ״ה-Ýהֹֿׁ-ַבװָםßֹ,4,40.5,3,6,1,K,1,,,
1313,EC. ETTABEN IBN RACHIK M.ALI,ַÚַֿֿםֹ ַבÊַָה -ַָה ׁװםÞ -דֽדֿ Úבם,5,,2,8,1,K,1,,,
1314,A, ַבװָםßֹ ַבוזַָׁ ֳ.הױׁ ַבזוַםָםֹ,4,,3,1,1,K,1,,,
1315,A,ַבÞםׁזַה ַבװָםßֹ  ַזבַֿ ַבַׂםׁ,4,25,3,6,1,K,1,,,
1316,KAIROUAN-FANDRA-EL BATEN,ַבÞםׁזַה Ýהֹֿׁ ַבַָ״ה,4,38,3,6,1,K,1,,,
1317,A,ַבÞםׁזַה Ýהֹֿׁ ױַָׁםה ַבװָםßֹ,4,,3,1,1,K,1,,,
1318,A,ַבÞםׁזַה ַב־״ַ״Ýֹ ַבַָֹׁׂ ַבׂדבֹ ַבַָּֽ,4,80,3,1,1,K,1,,,
1319,HAFFOUZ-MSAID-DBEBCHA,ֽÝזׂ-ַבד׃ַÚםֿ-ַבַָָֿװֹ,4,23,3,2,1,K,1,,,
1320,MED ALI,Úבל ׀דֹ דֽ״ֹ ָּב ß׃ß׃ם,11,,2,8,1,K,1,,,
1321,M'HIRI KHADHRA,ַבדוםׁם ַב־ײֱַׁ,4,12,3,11,1,S,1,,,
1322,KAIR.  FANDRA,ַבÞםׁזַה Ýהֹֿׁ,4,25,3,1,1,S,1,,,
1323,EL ALAA - ELMSAIID,ַבÚבֱַ  ַבד׃ַÚםֿ,4,14,3,1,1,S,1,,,
1324,AMINIA O.FARHANE ERRAH. MANAR,ַָָ ַבּֿםֿ-ֳ.Ýַֽׁה-ַבָֹֽׁ-ַבדהַׁ,5,3.5,2,13,1,S,1,1,,1
1325,SBIKHA HAMMED,ַב׃ָם־ֹ ודַֿ,4,12,3,1,1,S,1,,,
1326,KAIR. FATNASSA,ַבÞםׁזַה Ý״הַ׃ֹ,6,19,2,8,1,S,1,,,
1327,SBIKHA B.LAHMAR E.DKHILA,ַב׃ָם־ֹ  ֶַָׁבֳֽדׁ דֿׁ׃ֹ ַבֿ־םבֹ,4,15,3,1,1,S,1,,,
1329,ÝַÊױ,ַב׃ָם־ֹ ֳזבַֿ װוםָ,4,20,3,1,1,S,1,,,
1330,SBIKHA DHRIAAT BLAAZA,ַב׃ָם־ֹ ַב׀ׁםÚַÊ ַבÚזםֹֻ ַבָבַÚֹׂ,4,39,3,1,1,S,1,,,
1331,SBIKHA EL ARGOUB EL MADRASSA,ַב׃ָם־ֹ ַבÚׁÞזָ ַבדֿׁ׃ֹ,4,19,3,1,1,S,1,,,
1332,SBIKHA B.ELHEDI CHOUAIHIA,ַב׃ָם־ֹ ָםÊ ַבוַֿם ַבװזַםֽםֹ,4,20,3,1,1,S,1,,,
1333,SBIKHA BLAAZA,ַב׃ָם־ֹ ַבÚבד ֿ.ַבװַ׀בם ַבָבַÚֹׂ,4,34,3,1,1,S,1,,,
1334,SBIKHA NABHANA ARAFET,ַב׃ָם־ֹ הָוַהֹ ַבֽדַׁהםֹ ÚׁÝַÊ,4,30,3,1,1,S,1,,,
1335,A,ַבÞםׁזַה ַבֿ־ַםבםֹ,4,,3,1,1,S,1,,,
1336,SBOKHA-EDKHEILIA-ELKSAISIA,ַב׃ָם־ֹ ַבֿ־ַםבםֹ ַבÞױַםױםֹ,4,15,3,1,1,S,1,,,
1337,SBIKHA O. CHEHAIEB BOUDABOUS,ַב׃ָם־ֹ ֳזבַֿ װוםָ ָזָֿז׃,4,32,3,1,1,S,1,,,
1338, GFAI D.JAM.BEZDIA,ַבÞÝם ַֿׁ ַבּדÚםֹ ַבַָֿׂםֹ,4,18,3,1,1,S,1,,,
1339,KAIROUAN-ELBABSSIA,ַבÞםׁזַה ַבהַֿם ַבַָָ׃םֹ,4,61,3,1,1,S,1,,,
1340,HAFFOUZ-OULED KHALFALLAH-A?N HALLOUF,ֽÝזׂ ֳזבַֿ ־בÝ ַבבו Úםה ַבֽבזÝ,4,26,3,2,1,K,1,,,
1341,BOUHAJLA-TALHAIA,ָזּֽבֹ ַב״בַֽםֹ,4,5,3,1,1,S,1,,,
1342,ÚזדÛ,ַבװַֹֿׁׁ ַבֳדב,4,5,3,1,1,S,1,,,
1343,SBIKHA-ECHOUAIHIA,ַב׃ָם־ֹ ַבװזַםֽםֹ,4,22,3,1,1,K,1,,,
1345,SBIKHA-KHODER-NABHANA-HINDI ZITOUNA,ַב׃ָם־ֹ-ַב־ײׁ-הָוַהֹ- והֿם ַבׂםÊזהֹ,4,17,1,1,2,K,1,,,
1346,OUESLATIA  ZAGDOUD,ַבז׃בַÊםֹ ׂÛֿזֿ,4,36,3,1,1,S,1,,,
1347,HAFOUZ  EL ONG,ֽÝזׂ ַבÚהÞ,4,10,3,2,1,S,1,,,
1348,KOBNA CHAMALIA  MNARA,ַב־ָהֹ ַבװדַבםֹ ַבדהַֹׁ,4,13,3,11,1,S,1,,,
1349,ECOLE CHEBI  MNARA,דֿׁ׃ֹ ַבװַָם ַבדהַֹׁ,4,13,3,1,1,S,1,,,
1350,GOUVERNORAT-RAHBA-IBN RACHIK-CNRPS,ַבזבַםֹ  ַבָֹֽׁ  ַָה  ׁװםÞ  ַבÚדַַׁÊ,1,,2,8,2,K,1,,,
1351,ZONE INDUSTRIELLE-MED ALI,ֽם  דֽדֿ Úבם-ַבדה״Þֹ ַבױהַÚםֹ,1,5,2,13,2,S,1,1,,1
1352,SBIKHA-ROUWAWNA-BENICHA-JAMIAA-BLAZA-DAR CHEDLY,ַב׃ָם־ֹ-ׁזַזהֹ-ָה Úםװֹ-ֿ ַבּדÚםֹ-ָבַÚֹׂ-ֿ ַבװַ׀בם,4,36,3,1,1,S,1,,,
1353,ECOLE NAJEH MNARA,דֿׁ׃ֹ ַבהַּֽ  ַבדהַֹׁ,4,,3,1,1,S,1,,,
1354,KAI.  JDAYDIA,ַבÞםׁזַה-ַבַּֿםֿםֹ-ַבֿוַדהםֹ,6,23,2,8,1,K,1,,,
1355,MHIRI-OUELED AYECH-ARGOUB,ַבדוםׁם-ֳזבַֿ ַבÚַםװ-ַבÚׁÞזָ,4,12,3,11,1,S,1,,,
1356,SBIKHA OULED CHAIB SABRA,ַב׃ָם־ֹ - ױָֹׁ - ֳזבַֿ װוָ  - Úַֿד,4,,3,1,1,S,1,,,
1357,    CHERARDA HOUIDI GDADHA,ַבװַֹֿׁׁ ַבוזםֿם ַבÞַֹֽֿֿ,4,11,3,1,1,S,1,,,
1358,NASRALAH  KSOUR DAOIR MSAID,הױַׁבבו ַבÞױזׁ ֿזַׁ ַבד׃ַÚםֿ,4,20,3,1,1,S,1,,,
1359,BOUHAJLA JHINATE BIR EL FALEH,ָזּֽבֹ- דֿ־ב ּוםהַÊ -װ״םָֹ ֶָׁ ַבÝַבֽ-ָזּֽבֹ,4,35,3,10,1,S,1,,,
1360,BOUHAJLA  KSAR DABECH DAOIR NOIASSIA,ָזּֽבֹ Þױׁ ַבַָֿװ ֿזַׁ ַבהזַÚ׃םֹ,4,25,3,1,1,S,1,,,
1361,CHERARDA HCHEIICHIA,ַבװַֹֿׁׁ ַבֽװַםװםֹ,4,11,3,1,1,S,1,,,
1362,ERRYACHA KABARA,ַבׁםַםװֹ ַבßַָֹׁ,4,,3,1,1,S,1,,,
1363,SBIKHA-CHOUAHIA-BOUDABBOUS,ַב׃ָם־ֹ -װזַםֽםֹ-ָזָֿז׃,4,24,3,1,1,S,1,,,
1364,SABRA OULED CHAIB FRAHNIA-SBIKHA,ױָֹׁ ֳזבַֿ װוםָ ַבÝַֽׁהםֹ-ַב׃ָם־ֹ,4,26,3,1,1,S,1,,,
1365,SBIKHA  KHRIOIAA,ַב׃ָם־ֹ ַב־ׁםזÚ,4,,3,1,1,S,1,,,
1366,SBIKHA BIR  LAHMIR,ַב׃ָם־ֹ  ֶַָׁבֳֽדׁ,4,8,3,1,1,S,1,,,
1367,SBIKHA  KFEII NAFAT,ַב׃ָם־ֹ - ַבÞÝם - הÝַÊ,4,34,3,1,1,S,1,,,
1368,LYCEE ROUTE NASRALLAH-BOUHAJLA,ֵÚַֿֿםֹ ״ׁםÞ הױׁ ַבבו - ָזּֽבֹ,4,1,3,1,1,S,1,,,
1369,OUSLATIA  M.  SDARA,ַבז׃בַÊםֹ - ַבױַֹֿׁ,4,8,3,7,1,S,1,,,
1370,CHEBIKA  BEN  SALEM GRAGIAA  HAMMAD, ַבװָםßֹ ָה ׃ַבד ַבÞַׁÞÚםֹ ודַֿ,4,14,3,1,1,K,1,,,
1371,HADJEB  BEDOUR,ַבַָּֽ ַבָֿזׁ,4,10,3,4,1,S,1,,,
1372,PILOTE DAR AMEN  MANSOURA,ַבהדז׀ּם ַֿׁ ַבֳדַה ״.ַֽׂדםֹ ַבדהױזֹׁ,5,5.3,2,8,1,S,1,,,
1373,GRAGIAA HAMMAD OULED NASSA BEN SALEM, ַבװָםßֹ_ָה ׃ַבד_ַבÞַׁÞÚםֹ_ודַֿ_ֳזבַֿ הױׁ,4,21,3,6,1,S,1,,,
1374,SERVICE TECHNIQUE,ַבÞםׁזַה  ַבÞׁםה  זַֿל  ַבׁׂÞֹ,9,,1,1,1,K,1,,,
1375,A,ַּדÚ ַבװׁםװםֹׁ ַבָובם ֽÝזׂ,4,,3,1,1,K,1,,,
1376,HAFFOUZ  ELAYACHA,ֽÝזׂ ַבװׁםװםֹׁ ַבÚםַםװֹ,4,21,3,2,1,S,1,,,
1377,HAFOUZ  ZORG,ֽÝזׂ ַבׁׂÞ,4,16,3,2,1,S,1,,,
1378,SBIKHA  KFAII,ַב׃ָם־ֹ ַבÞÝם,4,26.5,3,1,1,S,1,,,
1379,OUSLATIA FTEITIA,ַבז׃בַÊםֹ ַבÝÊַםÊםֹ,4,,3,1,1,S,1,,,
1380,KAI. BATEN  CHEBIKA,ַבÞםׁזַה ַבַָ״ה ַבװָםßֹ,4,25,3,8,1,S,1,,,
1381,DAR CHAABAN EL OUNI BIR EL MALEH,ָזּֽבֹ  ֶָׁ  ַֽדֿ,4,,3,1,1,S,1,,,
1382,ELHADJEB  GRIAATE  ELHOUADFIA,ַבַָּֽ ַבÞׁםÚַÊ ַבוזַֿÝםֹ,4,,3,1,1,S,1,,,
1383,OUSLATIA AIN MASTOUR,ַבז׃בַÊםֹ Úםה ד׃Êזׁ,4,11,3,7,1,S,1,,,
1384,KAI. BIR ESSBIL  KHADRA,ַבÞםׁזַה ֶָׁ ַב׃ָםב ַב־ײֱַׁ,4,30,3,8,1,K,1,,,
1385,NASSAR  MSAHLI  MANSOURA,ֽם ַבהױׁ -  ַבד׃ַובם - ַבדהױזֹׁ  ( דֽ״ֹ ַבד׃ַובם ),5,,2,8,1,K,1,,,
1386,ECOLE AIN ZENNA HAFFOUZ,דֿׁ׃ֹ Úםה ׂםהֹ ֽÝזׂ,4,5,3,2,1,S,1,,,
1387,ELBOHLI  MIZI HAFFOUZ, ֽÝזׂ - הױַׁבבו,4,,3,1,1,S,1,,,
1388,SBIKHA-DOUATHRIA-LEGFAI,ַב׃ָם־ֹ-ַבֿזַֻׁםֹ-ַבÞÝם,4,26,3,1,1,K,1,,,
1389,DAR JAMIAA-BAZDIYA,ַֿׁ ַבּדÚםֹ - ַבַָֿׂםֹ,4,3,3,1,1,K,1,,,
1393,Yura AFH,ַבÚַֿדם-דÝÊׁÞ ַֿׁ ַבֳדַה-והֿ Ûםֻ-םזַׁ,9,5,1,17,1,K,1,,,
1394,SBIKHA-DALLOUSSI-BLATA-RITUN,ַב׃ָם־ֹ-ַבֿבז׃ם-ַבָבַ״ֹ-ׁםÊזה  ַבדÊָ׃״ֹ,9,28,1,17,2,K,1,,,
1395,CENTRE VILLE - RITUN,ַֿׁ ַבֳדַה-ַבַּֽד-ַבהױׁ-ַבדה״Þֹ ַב־ױֱַׁ-CNRPS-ֽם דֽדֿ Úבם-ַבÊּוםׂ-ַב׃םֿ-ַבָֹֽׁ-ַָָ ַב־ז־ֹ-ׁםÊזה,9,30,1,17,2,K,1,,,
1396,COLLEGE PILOTE-CITE ENACER-AGIL-TRAVAUX,ַבֵÚַֿֿםֹ ַבהדז׀ּםֹ-ֽם ַבהױׁ-Úּםב ַבÊּוםׂ,5,4,2,8,1,K,1,,,
1397,SBIKHA-AIN DABBEB_MARCHE,ַב׃ָם־ֹ-Úםה ַָָֿ_׃זÞ,8,24,3,1,1,K,1,,,
1398,NULL,ֽם ַבהױׁ-Úּםב-ַב׃םֿ-ַבדהַׁ-ַבדÚׁײ,9,7.5,2,8,1,K,1,,,
1399,NULL,ַבדהױזֹׁ-ֽם דֽדֿ Úבם-ַָָ ַבּֿםֿ-ַבדהַׁ-ַבדÚׁײ,9,9.8,2,8,1,K,1,,,
1450,JBILET-HAMMED-BEN SALEM,ַבָּםבַÊ - ודַֿ - ָה ׃ַבד,4,15,3,6,2,K,1,,,
1452,A,הÞב ַ״ַַׁÊ דÚÊדֿםֹ הױַׁבבו ַבל ַבÞםׁזַה זּׁזÚוד,7,,1,8,1,K,1,,,
1453,A,הÞב ַ״ַַׁÊ דÚÊדֿםֹ ַב׃ָם־ֹ ַבל ַבÞםׁזַה זּׁזÚוד,7,,1,8,1,K,1,,,
1454,A,הÞב ַ״ַַׁÊ דÚÊדֿםַֹבַָּֽ ַבל ַבÞםׁזַה זּׁזÚוד,7,,1,8,1,K,1,,,
1455,A,הÞב ַ״ַַׁÊ דÚÊדֿםֹ ַבװַֹֿׁׁ ַבל ַבÞםׁזַה זּׁזÚוד,7,,1,8,1,K,1,,,
1456,TRANSPORT CADRES ALA KAI,הÞב ַ״ַַׁÊ דÚÊדֿםֹ ַבÚבַ ַבל ַבÞםׁזַה זּׁזÚוד,7,,1,8,1,K,1,,,
1458,A,הÞב ַ״ַַׁÊ דÚÊדֿםֹ ַבז׃בַÊםֹ ַבל ַבÞםׁזַה זּׁזÚוד,7,,1,8,1,K,1,,,
1459,A,הÞב ַ״ַַׁÊ דÚÊדֿםֹ ַבװָםßֹ ַבל ַבÞםׁזַה זּׁזÚוד,7,,1,8,1,K,1,,,
1460,A,ּׁזÚ ַ״ַַׁÊ דÚÊדֿםֹ ָזּֽבֹ דה ַבÞםׁזַה ַבל ָזּֽבֹ,7,,1,8,1,K,1,,,
1479,REPARATION A SOUSSE,ַױבַֽ ַבַֽÝבֹ ָ׃ז׃ֹ,11,,1,8,1,K,1,,,
1480,REPARATION BUS A TUNIS,ַױבַֽ ַבַֽÝבֹ ָÊזה׃,11,160,1,15,1,K,1,,,
1483,DEPART JEBEL KOSKSI,ַבַה״בַÞ דה ָּב ß׃ß׃ם,11,,2,8,1,K,1,,,
1484,DEPART C.MED ALI,ַבַה״בַÞ דה ֽם דֽדֿ Úבם,11,,2,8,1,K,1,,,
1485,׃בַװװַ,ַבֳדםהםֹ ַבֳÛַבָֹ ַב׃םֿ ַבהױׁ,1,5,2,8,2,K,1,,,
1488,A,ַבÊַָה ֳּםָ ַב׃םֿ,1,,2,8,2,K,1,,,
1489,A LA DISPOSITION DU SERVICE EXPLOITATION,Úבל ׀דֹ דױבֹֽ ַבַ׃ÊÛבַב,11,,1,15,1,K,1,,,
1490,HOP.AGHAL. D.LAMEN ESSAIED M.ALI, ֿ.ַבֳדַה ַב׃םֿ ַבÊּוםׂ ֽם דֽדֿ Úבם,1,,2,8,2,K,1,,,
1491,A,ַבדהױזֹׁ ַבַּדÚ ַב׃םֿ ַבÊּוםׂ,1,,2,8,2,K,1,,,
1492,TRAV. ESSAIED JAMAA MANS,ַבÊּוםׂ-ַב׃םֿ-ַבַּדÚ-ַבדהױזֹׁ-ֵ.ַבהדז׀ּם,5,7.7,2,13,1,S,1,1,,1
1493,MANS. JAMAA ESSAIED TRAV,ַבדהױזֹׁ ַבַּדÚ ַב׃םֿ ַבÊּוםׂ,1,,2,8,2,K,1,,,
1494,MANSOURA-JAMAA-SAIED,ַבדהױזֹׁ ַבַּדÚ ַב׃םֿ,1,7.5,2,8,2,K,1,,,
1495,EL MANAR B. JEDID,ַבדהַׁ - ַבױַָֽם,5,2.7,2,13,1,K,1,,,
1496,GOUV. ERRAHBA AMINIA NASR MANS,ַבזבַםֹ ַבָֹֽׁ ַ.Ýַֽׁה ַבֳדםהםֹ  ַבÚדַַׁÊ,1,10,2,8,2,K,1,,,
1511,RACCADA-E.ABIDA,ׁÞַֹֿ - דֿׁ׃ֹ Úָםֹֿ,4,8,3,9,1,K,1,,,
1580,KAIROUAN  RACCADA,ַבדßזֻ ַָבװָםßֹ,11,,1,8,1,K,1,,,
1591,KAI. BORJ SADRIA  REPARATION,ַבÞםׁזַה ָּׁ ַב׃ֿׁםֹ (ֵױבַֽ),7,145,1,8,1,K,1,,,
1592,CHEBIKA-E.OULED EZZAIER, ַבװָםßֹ  דֿׁ׃ֹ ֳזבַֿ ַבַׂםׁ,4,7,3,1,1,K,1,,,
1593,A,ַבוזַָׁ ֳ.הױׁ ָה ׃ַבד ַבÞםׁזַה,4,,3,1,1,K,1,,,
1594,A,Ýהֹֿׁ ַבַָ״ה ַבÞםׁזַה,4,29,3,6,1,K,1,,,
1595,A,ַבװָםßֹ ױַָׁםה Ýהֹֿׁ ַבÞםׁזַה,4,,3,1,1,K,1,,,
1596,A,ַב־״ַ״Ýֹ ַבַָֹׁׂ ַבַָּֽ,4,,3,1,1,K,1,,,
1597,HAFFOUZ-MSAID-DBEBCHA-ALAA,ֽÝזׂ-ַבד׃ַÚםֿ-ַבַָָֿװֹ-ַבÚבַ,4,46,3,1,1,K,1,,,
1598,A,ַבÚבַ ױםַֹֿ ֽÝזׂ,4,,3,1,1,K,1,,,
1600,RACCADA  ZAAFRANA,ׁÞַֹֿ ׂÚÝַׁהֹ,4,8,3,1,1,S,1,,,
1602,MHIRI SIDI SAAD BOUGABRINE,ַבדוםׁם ׃םֿם ׃Úֿ ָזÞָׁםה,4,21,3,11,1,K,1,,,
1611,CHEBI  LAMINIA  JAMAA ESSAID,ַבװַָם ַבֳדםהםֹ ַבַּדÚ ַב׃םֿ,5,7.2,2,8,1,S,1,,,
1616,SOUSSE KAIROUAN GAFSA,׃ז׃ֹ ַבÞםׁזַה ÞÝױֹ,7,267,1,8,2,K,1,,,
1618,KAIROUAN HAJEB,ַבַָּֽ ַבÞםׁזַה,2,66,3,4,2,K,1,,,
1619,LYCEE PILOTE-DAR LAMEN- ROCADE MANSOURAH-MED ALI,ד.הדז׀ּל-ַֿׁ ַבַדַה-״ׁםÞ ַֽׂדםֹ-ַבדהױזֹׁ-ֽם דֽדֿ Úבם,5,5.8,2,13,1,S,1,1,,1
1620,A LA DISPOSITION DU SERVICE SECURITE,Úבל ׀דֹ דױבֹֽ ַב׃בַדֹ,11,,2,8,1,K,1,,,
1621,RITUN 1,ַבÊַָה-דֽדֿ Úבם-ַבÊּוםׂ-Úּםב-ַבָֹֽׁ Úָׁ ַבהַֽם׃םֹ-ַָָ ַב־ז־ֹ-ׁםÊזה,9,24.5,1,8,2,K,1,,,
1622,RITUN-2,ַבַּֽד-ַבÝ״הַ׃ם-ַבÛׁםָם-ַבÚדַַׁÊ-ַָה ַבוַהם-ד.ַב־ײֱַׁ-ַבדהױזֹׁ-דױהÚ ַבÊָÛ-ַבדÚׂ-והֿ Ûםֻ Úָׁ Úבם ַָם-,9,30.25,1,8,2,K,1,,,
1623,STAYLAND-MANSOURA,ַב׃םֿ - ֳזבַֿ Ýַֽׁה -ַָָ ַבּֿםֿ ַבדהױזֹׁ-דה״Þֹ ַב־ײֱַׁ - ַבÚַֿדם --׃Êַםבַהֿ,9,14.5,1,17,2,K,1,,,
1626,AGIP-MED ALI-MANSOURAH,ֳּםָ דֽדֿ Úבם ַבדהױזֹׁ,5,4,2,8,1,K,1,,,
1627,FORMATION,Êßזםה,11,,1,15,1,K,1,,,
1628,FORMATION LIGNE 360,Êßזםה ( ־בַױ )  דÚ ׃Ýֹׁ ױÝַÞ׃ 6.30,11,,1,8,1,K,1,,,
1629,FORMATION LIGNE 350,Êßזםה ( ־בַױ ) דÚ ׃Ýֹׁ ַבÞױׁםה 7.00,11,,1,8,1,K,1,,,
1630,FORMATION LIGNE 320,Êßזםה ( ־בַױ )  דÚ ׃Ýֹׁ הַָב 5.45,11,,1,8,1,K,1,,,
1631,FORMATION LIGNE 320,Êßזםה ( ־בַױ ) ָהַָב  10.15,11,,1,8,1,K,1,,,
1632,ENNACER-KHAIRIA-TRAVAUX-MANSOURA,ַבהױׁ ַב־םׁםֹ ַבÊּוםׂ ַבדהױזֹׁ,5,6,2,8,1,K,1,,,
1633,A,ַװÊַׁßַÊ,11,,2,8,1,K,1,,,
1634,CITE ENNACER-MSAHLI-MANSOURAH,ֽם ַבהױׁ -  ַבד׃ַובם - ַבדהױזֹׁ  ( דֽ״ֹ ַבÚדַַׁÊ ),5,2.5,2,8,1,K,1,,,
1635,ENNACER-MSAHLI-MANSOURAH(MARINA)A,ֽם ַבהױׁ (דַׁםהַ)-ַבד׃ַובם-ַבדהױזֹׁ-ַבהדז׀ּם,5,2.5,2,13,1,S,1,1,,1
1636,ENNACER-MSAHLI-MANSOURAH(LAAYOUNI)A,ֽם ַבהױׁ - ַבד׃ַובם - ַבדהױזֹׁ ( דֽ״ֹ ַבÚםזהם ),5,2.5,2,8,1,K,1,,,
1637,ENNACER-ROCADE-MANSOURAH (OKBA)1,ֽם ַבהױׁ(ַבֽׁ׃-ÚÞָֹ)-ַבַֽׂדםֹ-ַבדהױזֹׁ-ַבהדז׀ּם,5,4,2,13,1,K,1,,,
1638,A,ַבדהױזֹׁ ַֿׁ ַבֳדַה ַבהדז׀ּם ( Úָׁ ַב׃םֿ  ),5,,2,8,1,K,1,,,
1639,ENNACER-L.PILOTE EL AMEN (VIA MAALOUL-GHRIBI)G,ֽם ַבהױׁ-ַבדÚוֿ ַבהדז׀ּם-ַֿׁ ַבֳדַה |Úָׁ ַבדÚבזב זַבÛׁםָם,5,4.8,2,13,1,S,1,1,,1
1640,LAMINIA-DARLAMEN-PILOTE VIA ERRAHBA,ַבֳדםהםֹ ַַֿׁבֳדַה ַבהדז׀ּם (Úָׁ  ַבָֹֽׁ ),5,5,2,8,1,K,1,,,
1641,AMINIA-BAB KHOUKHA-RAHBA-H-PILOTE-DARLAMEN,ָ.ַבּֿםֿ-ָ.ַב־ז־ֹ-ָֹֽׁ-ַבד׃ÊװÝל-ד.הדז׀ּם-ֿ.ַבֳדַה,5,5.1,2,13,1,S,1,1,,1
1642,PILOTE-DARLAMEN-ESSAIED-TRAVAUX-MED_ALI,ַבדÚוֿ ַבהדז׀ּם-ֿ.ַבֳדַה-ַב׃םֿ-דֽדֿ Úבם-ֽם ַבדÚׂ,5,2.8,2,13,1,S,1,1,,1
1643,LYCEE PILOTE-BAB JDID-MANSOURA, ַבהדז׀ּם ַֿׁ ַבֳדַה ֳזבַֿ Ýַֽׁה ָ.ַבּֿםֿ ד.Úבם ַבדהױזֹׁ,5,8,2,8,1,K,1,,,
1644,EL IMARAT-EJJAMAA-ESSAYED,ַבÚדַַׁÊ ַבַּדÚ ַב׃םֿ,5,7.7,2,8,1,K,1,,,
1645,AOUANI RAHBA BAB JDID MED ALI MANSOURA,ַבÚזַהם ַבָֹֽׁ ַָָ ַבּֿםֿ דֽדֿ Úבם ַבדהױזֹׁ,5,,2,8,1,K,1,,,
1646,ENNACER-KHAIRIA-TRAVAUX,ֽם ַבהױׁ-ַב־םׁםֹ-ַבÊּוםׂ,5,2.8,2,13,1,K,1,,,
1647,BAB EJDID-O.FARHAN-ESSAIED-MED ALI,ַָָ ַבּֿםֿ-ֳ.Ýַֽׁה-ַב׃םֿ- ֽם דֽדֿ Úבם,5,5.4,2,13,1,K,1,,,
1668,JHINA RACCADA KAI.,ַבדßזֻ ָָזּֽבֹ,11,,1,8,2,K,1,,,
1709,RMADHNIAA-GOUASSEM-ZAAFRANA-RACCADA,ַבÞםׁזַה-ׁÞַֹֿ-ׂÚÝַׁהֹ-ַבÞזַ׃ד-ַבׁדַײהםֹ,4,26,3,9,1,K,1,1,,1
1710,RMADHNIAA-GOUASSEM-RACCADA,ַבÞםׁזַה-ׁÞַֹֿ-ַבÞזַ׃ד-ַבׁדַײהםֹ,4,24,3,9,1,K,1,1,,1
1711,MSAHLI- MANSOURA-HAY MED ALI - TABBEN - M.DAGLA,ַבד׃ַובם - ַבדהױזֹׁ -ֽם דֽדֿ Úבם-Êַָה-Þ.׃ז׃ֹ-דÚדב ַבֿÞבֹ,9,10.7,1,17,2,K,1,,,
1712,MHIRI-HACHED-KABBARA-NASRALLAH,ַבדוםׁם-ֽװַֿ-ַבßַָֹׁ-הױׁ ַבבו,4,57,3,11,1,K,1,,,
1713,HAFFOUZ-MIZI,ֽÝזׂ דםׂם,4,8,3,2,1,K,1,,,
1714,KAIROUAN-HOUFIA-HAFFOUZ,ַבÞםׁזַה ַבֽזÝםֹ -Úםה Ûַָׁ -ֽÝזׂ,4,48,3,2,1,K,1,,,
1715,HAFFOUZ AIN JLOULA,ֽÝזׂ ּבזבֹ,4,27,3,2,1,K,1,,,
1716,KAIROUAN KHTATFA HAFFOUZ,ַבÞםׁזַה ַב־״ַ״Ýֹ ֽÝזׂ,4,66,3,3,1,K,1,,,
1717,HAFFOUZ AIN KODIA,ֽÝזׂ Úםה ַבßֿםֹ,4,10,3,2,1,K,1,,,
1718,HAFFOUZ-BHARNA,ֽÝזׂ ַבַָֽׁהֹ,4,6,3,2,1,K,1,,,
1719,RITUN-MANSOURA,ַבדהױזֹׁ-ַבÊּוםׂ-ַבָֹֽׁ-ַב־ז־ֹ-ׁםÊזה,9,42.5,1,17,2,K,1,1,,
1720,RITUN-HAJJEM,ַבַּֽד-ַבÝ״הַ׃ם-ַבהױׁ-ד.ַב־ײֱַׁ-והֿ Ûםֻ-ׁםÊזה,9,43,1,17,2,K,1,,,
1722,MHIRI,ַבדוםׁם-ַבדהַֹׁ-דֿׁ׃ֹ ַבװַָם-ַב־ָהֹ ַבװדַבםֹ-׃.׃Úֿ-ַב״זםבֹ,4,54,3,12,1,K,1,,,
1723,KAIROUAN RACCADA KHDHRA,ַבÞםׁזַה ׁÞַֹֿ ַב־ײֱַׁ,4,29,3,8,1,K,1,,,
1728,METBASTA AOULAD ALI DHRAIAT MEARAJI SBIKHA,ֳזבַֿ Úבם-ַב׀ׁםÚַÊ-ַבדÚַּׁם-ַב׃ָם־ֹ,4,30,1,1,1,K,1,,,
1729,SAYADA NAGUEZ EL ALAA,ױםַֹֿ ַבהÞַׂ ַבÚבַ,4,24,1,3,1,K,1,,,
1730,MONASTIR-KAIROUAN-GASSERINE,ַבדה׃Êםׁ - ַבÞםׁזַה - ַבÞױׁםה,7,250,1,8,1,K,1,,,
1731,TUNIS SILIANA MAKTHAR,Êזה׃ ׃בםַהֹ דßֻׁ,7,162,1,8,1,K,1,,,
1732,TUNIS GASSERINE TARIF CONFORT,Êזה׃ ַבÞםׁזַה ַבÞױׁםה (ÊÚׁםÝֹ דßםÝֹ),7,359,1,8,1,K,1,,,
1733,EL ALA SBAIIYA MKHALIF E ALA,ַבÚבֱַ ַב׃ַָםÚםֹ ַבד־ַבםÝ,4,14,1,3,1,K,1,,,
1734,KAIROUAN AIN JLOULA,ַבÞםׁזַה Úםה ּבזבֹ,4,31,2,7,1,K,1,,,
1735,OUESLATIA DAR BOUSLAH,ַבז׃בַÊםֹ-ַֿׁ ָזױבַֽ,4,25,2,7,1,K,1,,,
1736,LA FONTAINE,ַבדֿׁ׃ֹ ַב־ַױֹ בַÝזהÊַה,9,20,1,17,1,K,1,,,
1737,KAIROUAN-TRAD-KASD ALLAH,ָזּֽבֹ-״ַֿׁ-Þױֿ ַבבו-ָזּֽבֹ,4,18,3,10,1,K,1,,,
1738,MHIRI-ABADLIA-ADHLA-BOUSSARI,ַבדוםׁם-ַבÚַָֿבםֹ-ֿ.ַבÚײבֹ-ד׃ÊזױÝ ָז׃ַׁם,4,24,3,12,1,K,1,,,
1739,BOUHAJLA-BIR ZITOUBA,ָזּֽבֹ-ֶָׁ ַבׂםÊזהֹ,4,9,3,10,1,K,1,,,
1740,SBIKHA-ROUAOUNA-B.AICHA-DAR JEMIIA-AWITHA-BAAZA-SB,ַב׃ָם־ֹ -ַבÚבד- ַבׁזַזהֹ - ַֿׁ ָה Úםװֹ - ד .ַֿׁ ַבּדÚםֹ - ַבÚזםֹֻ - ַבָבַÚֹׂ - ַב׃ָם־ֹ,4,81,3,1,1,K,1,,,
1741,MHIRI-HACHED-KABBARA-JMEL-NASRALLAH,ַבדוםׁם-ֽװַֿ-ַבßַָֹׁ-ַבּדַב-הױׁ ַבבו,4,65,3,11,1,K,1,,,
1742,NASRALLAH-JMEL,הױׁ ַבבו-ַבּדַב,4,24,3,11,1,K,1,,,
1743,SBIKHA-ABAIDIA,ַב׃ָם־ֹ-ַבÚַָםֿםֹ,4,12,3,1,1,K,1,,,
1744,SBIKHA-DOUATHRIA-ARAFAT-GFAI-JOUAOUDA-D.JAMIAA,ַב׃ָם־ֹ-ַבֿזַֻׁםֹ-ÚׁÝַÊ-ַבÞÝם-ַבּזַזֹֿ-ֿ.ַבּדÚםֹ,4,41,3,1,1,K,1,,,
1745,OUESLATIA-HAMMAL,ַבז׃בַÊםֹ-ַבֽדַבֹ,4,18,1,7,1,K,1,,,
1746,AGIL-MED ALI-MANSOURA-LYCEE PILOTE,ֳּםָ-דֽדֿ Úבם-ַבדהױזֹׁ-ַבדÚוֿ ַבהדז׀ּם,5,4,2,13,1,K,1,,,
1747,TABBEN-SAIED-RAHBA-MANAR,ַבÊַָה-ֳּםָ-ַב׃םֿ-ַבָֹֽׁ-ַבד׃ÊװÝל-ַבדהַׁ,1,6,2,13,1,K,1,,,
1748,CITE ENNACER-TRAVAUX-BAB JDID-SAIED-CITE ENNACER,ֽם ַבהױׁ-ַבÊּוםׂ-ַָָ ַבּֿםֿ-ַב׃םֿ-ֽם ַבהױׁ,1,10,2,13,2,S,1,1,,1
1749,BAB JDID-CRST CEINTURE SOUSSE,ַָָ ַבּֿםֿ-דÝÊׁÞ ַֽׂדםֹ ׃ז׃ֹ,1,3,2,13,1,K,1,,,
1750,TRANSPORT-CONCOURS TECHNICIEN SUP LYCEE OKBA IBN N,הÞב ַבדÊׁװֽםה בדהַÙֹׁ ַהÊַָֿ ÊÞהםםה בדÚוֿ ÚÞָֹ ַָה הַÝÚ,1,10,2,13,2,S,1,,,
1756,BK FOOD KHAZZAZIA,הÞב Úדבֹ BK FOOD-ַב־ַׂׂםֹ,9,63,1,17,2,K,1,,,
1757,JBAL -MTK-IMM HAY ENNASR-RECTORAT,ָּב ß׃ß׃ם-דױהÚ ַבÊָÛ-ÚדַַׁÊ ֽם ַבהױׁ-ֽם ÚÞםֹ-ַּדÚֹ ַבÞםׁזַה,1,9.25,2,13,2,S,1,,,
1758,RECTORAT-GARE ROUTIERE-HAY OKBA- HAY MED ALI-JBAL,ַּדÚֹ ַבÞםׁזַה-דֽ״ֹ ַבַּֽד-ÚדַַׁÊ ֽם ַבהױׁ-ֽם ÚÞָֹ -ֽם דֽדֿ Úבם-ָּב ß׃ß׃ם,1,9.4,2,13,2,S,1,,,
1763,MARCHE BOUHAJLA,׃זÞ ָזּֽבֹ,8,,1,10,1,K,1,,,
1764,KAIROUAN-GOUESSEM,ַבÞםׁזַה-ׁÞַֹֿ-ַבÞזַ׃ד,4,20,2,8,1,K,1,1,,1
1765,MNARA-SIDI SAAD-TOUILA,ַבדהַֹׁ-׃םֿם ׃Úֿ-ַב״זםבֹ,4,30,1,12,1,K,1,,,
1766,MNARA-SIDI SAAD-BOUGABRINE,ַבדהַֹׁ-׃םֿם ׃Úֿ-ָזÞָׁםה,4,24,1,12,1,K,1,,,
1767,TRANSPORT IBN KHOLDOUN,הÞב Êבַדם׀ ַבדֿׁ׃ֹ ַב־ַױֹ ַָה ־בֿזה,9,17,1,17,2,K,1,,,
1768,HAFFOUZ MRAIEHIYA,ֽÝזׂ ַבדַׁםֽםֹ,4,7.4,1,2,1,K,1,,,
1769,TRANSP ELEVES LYCEE PRIVE CARTHAGE,הÞב Êבַדם׀ ַבדÚוֿ ַב־ַױ Þׁ״ַּ,9,20,1,17,2,K,1,,,
1770,NULL,ּבָ ַבַֽÝבֹ,11,0,1,15,1,K,1,,,
1771,SBIKHA CHAILIA,ַב׃ָם־ֹ ַבװוַםבםֹ,4,19,1,1,1,K,1,,,
1772,TRANSP ELEVES LYCEE PRIVE MON ECOLE,הÞב Êבַדם׀ ַבדֿׁ׃ֹ ַב־ַױֹ_MON_ECOLE,9,17,2,17,2,K,1,,,
1773,SBIKHA - SOUGHAS-ENNADHOUR-CHAMA,ַב׃ָם־ֹ -׃זÛַ׃-ַבהַÙזׁ - װַדַ,9,51,1,17,2,K,1,,,
1775,ALAA MARSA ROBB,ַבÚבַ-דׁ׃ל ַבָׁ,4,6.5,1,3,1,K,1,,,
1776,BK FOOD-TRANS CADRES,הÞב ֵ״ַַׁÊ BK FOOD,9,48,1,17,2,K,1,,,
1780,TRANSP ELEVES DU COLLEGE 94 AU LYCEE MAHMOUD MESAA,הÞב ַבÊבַדם׀ דה ֵÚַֿֿםֹ 1994 ֵבל דÚוֿ דֽדזֿ ַבד׃Úֿם,4,2.5,1,1,1,K,1,,,
1786,KAI  GRINE  BOUZID  GAFSA,ַבÞםׁזַה ַבÞׁםה ָזׂםֿ ÞÝױֹ,7,225,1,15,2,K,1,,,
1791,CHEBIKA-OUERFELLA-BATEN-STAYLAND,ַבװָםßֹ-ַבַָ״ה-׃Êַםבַהֿ,9,9.5,1,17,2,K,1,,,
1792,STADE JAWOIDI  L'AFH BABJDID,ָ.ַבּֿםֿ - ַבױַָֽם 4 - ַבּזַֿם - ַבדבÚָ,1,6,2,13,1,S,1,1,,1
1793,JLALTA - BAB JDID RAHBA-HOPITAL,ַבּבַב״ֹ - ָ. ַבּֿםֿ - ַבָֹֽׁ - ד.ֳָה ַבַּׁׂ,1,8.7,2,13,2,S,1,1,,1
1794,MANSOURA - MSAHLI- AADAMI- HAJEM BAB JDID,ַבדהױזֹׁ - ד׃ַובם Úַֿדם- ַּֽד -ָ.ַבּֿםֿ,1,10,2,13,1,K,1,,,
1795,MEDIKA - HITEX,הÞב Úדבֹ דױהÚ ַבֳֿזםֹ MEDIKA,9,19,1,17,2,K,1,,,
1796,ECOLE PRIVEE   ABC,הÞב Êבַדם׀ ַבדֿׁ׃ֹ ַבַָÊֶַֿםֹ ַב־ַױֹ  ABC .,9,19,1,17,2,K,1,,,
1797,USINE  M.T.F.KAIROUAN,דױהÚ  ַב״ַÞֹ ַבװד׃םֹ M.T.F.,9,20,1,17,2,K,1,,,
1798,KAIROUAN - BATEN  SOCIETE  MD- TEXTILE,ַבÞםׁזַה - ַבַָ״ה (דױהÚ  ד.ֿ. בב־םַ״ֹ),9,20,1,17,2,K,1,,,
1799,SBIKHA-BOU-AR'ARA-CHAMA,ַב׃ָם־ֹ-ַבװַָÚהֹ-ָזÚׁÚַֹׁ-װַדַ,9,21.5,1,17,2,K,1,,,
1800,A LA  DSPOS.  SCE. URBAIN,Úבל ׀דֹ ַב־״ז״ ַבֽײׁםֹ,11,,2,13,1,K,1,,,
1801,SERVICE  TECHNIQUE,Úבל ׀דֹ ַבדױבֹֽ ַבÝהםֹ,11,,1,8,1,K,1,,,
1802,GARE ROUTIERE HADJEM,Úבל ׀דֹ דֽ״ֹ ַבַּֽד,11,,1,15,1,K,1,,,
1803,A LA DISP.ADMINISTRATION,Úבל ׀דֹ ַבֵַֹֿׁ,11,,2,8,1,K,1,,,
1804,DEPANAGE,DEPANAGE,11,,1,8,1,K,1,,,
1805,BATTEN - USINE(SYLVANIA*TUNISIE),ַבַָ״ה דÚדב ׃בÝַהםַ,11,,1,8,1,K,1,,,
1806, BUS EN REPARATION,ַֽÝבֹ דÚ״ָֹ,11,,1,8,1,K,1,,,
1807,ABONNEMENTS,Úבל ׀דֹ Þ׃ד ַבֵװÊַׁßַÊ,11,,1,8,1,K,1,,,
1808,AU QUAI,ַבזÞזÝ Úבל ַבׁױםÝ,11,,1,8,1,K,1,,,
1809,BUS  RESERVE  MATINEE,ַבÞםׁזַה-ׁÞַֹֿ-ַבÞַׁÞÚםֹ-ודַֿ,11,,1,8,1,K,1,,,
1810,DEPOT  VEHICULE  A  SBIKHA,דָםÊ ַבַֽÝבֹ ַָב׃ָם־ֹ,11,,1,8,1,K,1,,,
1811,RODAGE,Êׁזםײ RODAGE,11,,1,15,1,K,1,,,
1812,BUS EN REPARATION,ַֽÝבֹ Ýם ַבֵױבַֽ,11,,2,8,1,K,1,,,
1813,KAI. HAFOUZ,ַבÞםׁזַה-ׁÞַֹֿ-ַבÞַׁÞÚםֹ-ודַֿ,11,,1,8,1,K,1,,,
1814,KAI. NASRALLAH-REPARATION,ַבÞָׁזַה-ׁÞַֹֿ-ַזבַֿ ַֽדֿ-ַבָּםבַÊ,11,,1,8,1,K,1,,,
1815,KAI. BOUHADJLA-REPARATION,ַבÞםׁזַה  ָזּֽבֹ  (ֵױבַֽ),11,,1,8,1,K,1,,,
1816, KAI.  CHERARDA-REPARATION,ַבÞםׁזַה ַבװַֹֿׁׁ  (ֵױבַֽ),11,,1,8,1,K,1,,,
1817,KAI.  HADJEB-REPARATION,ַבÞםׁזַה ַבַָּֽ  (ֵױבַֽ),11,,1,8,1,K,1,,,
1818,KAI. EL ALAA-REPARATION,ַבÞםׁזַה ַבÚבַ  (ֵױבַֽ),11,,1,8,1,K,1,,,
1819,LAVAGE,ÊהÙםÝ ַבַֽÝבַÊ,11,,1,15,2,K,1,,,
1820,SERVICE CONTROLE ROUTIER, Úבל ׀דֹ Þ׃ד ַבדַׁÞָֹ Úבל ַב״ׁםÞ,11,,2,8,1,K,1,,,
1821,KAIROUAN - L'AFH SOLEE,ַבÞםׁזַה -A.F.H. ׃Êַםבַהֿ,9,20,1,17,2,K,1,,,
1822,A LA DISPOSITION S.TECHNIQUE,Úבל ׀דֹ ַבדױבֹֽ ַבÝהםֹ,11,,2,8,1,K,1,,,
1823,A LA DISP DE L' ADMINISTRATION,Úבל ׀דֹ ַבֵַֹֿׁ,11,,2,8,1,K,1,,,
1824,FORMATION,Êßזםה  Þַָײ,11,,1,8,1,K,1,,,
1825,FORMATION,Êßזםה ׃ֶַÞ,11,,2,8,1,K,1,,,
1827,STATIONNEMENT A SBIKHA,ַבדßזֻ  ַָב׃ָם־ֹ,11,,1,8,1,K,1,,,
1828,LAVAGE A EL BATEN,הÞב ַבַֽÝבַÊ בבÛ׃םב ָזׁװֹ ַבַָ״ה,11,,2,8,1,K,1,,,
1829,EL BATEN - STAYLAND,ַבַָ״ה-׃Êַםבַהֿ,9,23,1,17,2,K,1,,,
1830,MRAZIG - SAHARA FRUIT,ַבÞםׁזַה - ַבÛַַָÊ - ַבֽזַדֿ - ַבדַׁׂםÞ -דױהÚ ַבֿÞבֹ,9,23,1,17,2,K,1,,,
1831,EL NEBECH - SAHARA FRUIT,ַבÞםׁזַה - ַבד־ױזדֹ - ַבהָװ - דױהÚ  ַבֿÞבֹ,9,27,1,17,2,K,1,,,
1832,WESLATIA- ELGANBOURA,ַבז׃בַÊםֹ- ַבÞהָזֹׁ,4,15,1,7,1,K,1,,,
1833,WESLATIA-GLIAA-AWLAD BAMER-ELGANBOURA,ַבז׃בַÊםֹ- ַבÞבםÚֹ-ֳזבַֿ ַָדׁ -ַבÞהָזֹׁ,4,18,1,7,1,K,1,,,
1834,BIR ELGHOUL-ELOUGLA,ֶָׁ ַבÛזב- ַבÚÞבֹ,4,10,1,14,1,K,1,,,
1835,ELOUGLA- BIR ELWESFAN,ַבÚÞבֹ- ֶָׁ ַבזױÝַה,4,1.5,1,14,1,K,1,,,
1836,BIR ELOUSFEN- CHRARDA,ֶָׁ ַבזױÝַה- ַבװַֹֿׁׁ,4,14,1,14,1,K,1,,,
1837,CHRARDA- AOUAED,ַבװַֹֿׁׁ- ַבÚזַםֿ,4,12.5,1,14,1,K,1,,,
1838,CHRARDA- ELAMAL-AOUAID,ַבװַֹֿׁׁ-ַבÚזַÞָםֹ-ַבÚזַםֿ,4,18.2,1,14,1,K,1,,,
1839,KAIROUAN BIR ZARROUK,ַבÞםׁזַה-ֶָׁ ׁׂזÞ,4,30,1,14,1,K,1,,,
1840,BRI ZAROUK-BIR HOUIDI-CHRARDA,ֶָׁ ׁׂזÞ-ֶָׁ ַבוזםֿם-ַבװַֹֿׁׁ,4,25,1,14,1,K,1,,,
1841,CHRARDA-AWAKBIA,ַבװַֹֿׁׁ-ַבÚזַÞָםֹ,4,6,1,14,1,K,1,,,
1842,BIR ELGHOUL-BIR EDAWLA-ELOUGLA,ֶָׁ ַבÛזב-ֶָׁ ַבֿזבֹ-ַבÚÞבֹ,4,13,1,14,1,K,1,,,
1843,HANOUT MAMAR-CHWAIHIA,ַבÚÞבֹ-ַֽהזÊ דÚדׁ-ַבװזַםֽםֹ,4,20,1,14,1,K,1,,,
1844,CHWAIHIA-BIR ZARROUK-BIR HOUIDI,ַבװזַםֽםֹ-ֶָׁ ׁׂזÞ-ֶָׁ וזםֿם,4,18,1,14,1,K,1,,,
1845,CHWAIHIA-TAKADDEM-HAWANI,ַבװזַםֽםֹ-ַבÊÞֿד-ַבוזַהם,4,14,1,14,1,K,1,,,
1846,ELHAWANI-BIR HOUIDI-BIR ZARROUK,ַבוזַהם-ֶָׁ ַבוזםֿם-ֶָׁ ׁׂזÞ,4,8,1,14,1,K,1,,,
1847,CHOUIHIA-ELOUGLA-HANOUT MAMAR,ַבװזַםֽםֹ- ַבÚÞבֹ-ַֽהזÊ דÚדׁ,4,15,1,14,1,K,1,,,
1848,CHOUIHIA- BIR ELGHOUL-BIR EDAWLA,ַבװזַםֽםֹ-ֶָׁ ַבÛזב-ֶָׁ ַבֿזבֹ,4,15,1,14,1,K,1,,,
1849,CHBIKA-AWLAD NESSER,ַבװָםßֹ-ֳזבַֿ הױׁ,4,15,1,6,1,K,1,,,
1850,AWLED NASSER-CHBIKA-EL KAIROUAN,ֳזבַֿ הױׁ-ַבװָםßֹ-ַבÞםׁזַה,4,40,1,6,1,K,1,,,
1851,HAMED-GRAGAI-BEN SALEM,ודַֿ- ַבÞַׁÞÚםֹ-ָה ׃ַבד,4,15,1,6,1,K,1,,,
1852,OUHAIBIA-CHWARBIA-BEN SALEM-CHBIKA,ַבזוַםָםֹ-ַבװזַָׁםֹ-ָה ׃ַבד -ַבװָםßֹ,4,34,1,6,1,K,1,,,
1853,LEHDYA-EDDGHIMA,ַבוַֿםַ-ַבֿÛםדֹ,4,25,1,4,1,K,1,,,
1854,HADJEB-AWLAD SAID,ַבַָּֽ-ֳזבַֿ ׃Úםֿ,4,25,1,4,1,K,1,,,
1855,AWLAD SAID-DAR KHALIFA,ֳזבַֿ ׃Úםֿ-ַֿׁ ַב־בםÝֹ,4,15,1,4,1,K,1,,,
1856,ZEMLA-LEHDAYA,ַבׂדבֹ-ַבוַֿםַ,4,11,1,4,1,K,1,,,
1857,ZEMLA-AMAIRIA-HADJEB,ַבׂדבֹ- ַבÚדַםׁםֹ- ַבַָּֽ,4,36,1,4,1,K,1,,,
1858,HEDJEB-RWABHIA,ַבַָּֽ- ַבׁזַָֽםֹ,4,8,1,4,1,K,1,,,
1859,HEDJEB-AWAMRIA-ZEMLA,ַבַָּֽ-ַבÚזַדׁםֹ-ַבׂדבֹ,4,16,1,4,1,K,1,,,
1860,ZEMLA-BABSIA-ELHADJEB,ַבׂדבֹ-ַבַָױםֹ-ַבַָּֽ,4,18,1,4,1,K,1,,,
1861,ELHADJEB-AWLAD AMEUR,ַבַָּֽ-ֳזבַֿ Úַדׁ,4,10,1,4,1,K,1,,,
1862,ZEMLA-KSAR SOUSSINE,ַבׂדבֹ-Þױׁ ׃ז׃םה-ַבַָּֽ,4,36,1,4,1,K,1,,,
1863,ELHDJEB-AWLAD MARSOUK,ַבַָּֽ-ֳזבַֿ דׁׂזÞ,4,14,1,4,1,K,1,,,
1864,DGHIMA-EZAMLA,ַבֿÛםדֹ-ַבׂדבֹ,4,11,1,4,1,K,1,,,
1865,ZEMLA-NEDI-ELHADJEB,ַבׂדבֹ-ַבהַֿם-ַבַָּֽ,4,22.5,1,4,1,K,1,,,
1866,LEHWAREB-EJALIL-ZEMLA,ַבוזַָׁ-ַבּבםב-ד ַב־״ַ״Ýֹ-ַבׂדבֹ,4,13,1,4,1,K,1,,,
1867,ZEMLA-HDAYA-AIN MAJOUNA,ַבׂדבֹ-ַבוַֿםַ-Úםה דּזהֹ-ַבׂדבֹ,4,27,1,4,1,K,1,,,
1868,ZEMLA-KHETATFA-HANOUT ELKAHLA,ַבׂדבֹ-ÝהֿÞ ַבזױםÝ-ַב־״ַ״Ýֹ-ֽ ַבßֽבֹ,4,15,1,4,1,K,1,,,
1869,BOUHAJLA-HANOUT MOUTAPHA-LEBIA,ָזּֽבֹ-ַֽהזÊ דױ״Ýל -ַבבָםֹ,4,15,1,10,1,K,1,,,
1870,HANOUT MOUTAPHA-KSAR DABBECH-BOUHAJLA-16 KM,Úבל ׀דֹ ֶַֹֿׁ ַבÊׂזםֿ,11,,2,13,1,K,1,,,
1872,BOUHAJLA-BIR EL MALEH-BOUSSARI,ָזּֽבֹ-ֶָׁ ַבדַבֽ-ָז׃ַׁם,4,17,1,10,2,K,1,,,
1873,KAIROUAN-EJDAA-BOUHAJLA,ַבÞםׁזַה-ַבּֿÚ-ָזּֽבֹ,4,25,1,10,1,K,1,,,
1874,BOUHAJLA-ELKHOULWA-BLAGHTHA,ָזּֽבֹ-ַב־בזֹ-ַבָבַÛֹֻ,4,15,1,10,1,K,1,,,
1875,BOUHAJLA-BEN OUNIS-KAIROUAN,ָזּֽבֹ-ָה  זהם׃-ַבÞםׁזַה,4,45,1,10,1,K,1,,,
1876,BOUHAJLA-BIR ELGHOUL -BIR DAWLA,ָזּֽבֹ-ֶָׁ ַבÛזב-ֶָׁ ַבֿזבֹ,4,28,1,10,1,K,1,,,
1877,BOUHAJLA-BIR JDID,ָזּֽבֹ- ֶָׁ ַבּֿםֿ,4,8,1,10,1,K,1,,,
1878,BOUHAJLA-BIR JDID-BIR ELGHOUL,ָזּֽבֹ-ֶָׁ ַבּֿםֿ-20 דַׁ׃-ֶָׁ ַבÛזב,4,17,1,10,1,K,1,,,
1879,SHILET-BIR ELARBI-BOUHAJLA,ֿזַׁ ַב׃וםבַÊ-ד ֶָׁ ַבÚָׁם-ָזּֽבֹ,4,20,1,10,1,K,1,,,
1880,BOUHAJLA-JHINET-HANOUT AOUNI,ָזּֽבֹ-Ýבַב-ַבּוםהַÊ-ַבװ״םָֹ,4,36,1,10,1,K,1,,,
1882,BOUHAJLA-GASAAT-BIR WNIS,ָזּֽבֹ-ַבÞױÚַÊ-ֶָׁ זהם׃-ַבּֿÚ,4,15,1,10,1,K,1,,,
1883,BOUHAJLA-HANNOUT ELOUNI-JHINA,ָזּֽבֹ-ַֽהזÊ ַבÚזהם-ּוםהֹ,4,21,1,10,1,K,1,,,
1884,KAIROUAN-KASSAT-BOUHAJLA,ַבÞםׁזַה-ָה זהם׃-ַבÞױÚַÊ-ָזּֽבֹ,4,37,1,10,1,K,1,,,
1885,GASSAT-KAIROUAN,ַבÞױÚַÊ-ַבÞםׁזַה,4,26,1,10,1,K,1,,,
1886,BOUHAJLA-AWLD BOUHOUCH-ZAAFRANA,ָזּֽבֹ-ֳזבַֿ ָזֽזװ-ׂÚÝַׁהֹ,4,15,1,10,1,K,1,,,
1887,BOUHAJLA-JHINA-DAR CHAABEN,ָזּֽבֹ-ַבּוםהֹ-ַֿׁ װÚַָה,4,15,1,10,1,K,1,,,
1888,BOUHAJLA-NOUALI-BIR JDID-LOUDAI,ָזּֽבֹ-ַבהִבם-ֶָׁ ַבּֿםֿ-ַבבזֿם,4,19,1,10,1,K,1,,,
1889,BOUHAJLA-JHINA-HANOUT AOUNI,ָזּֽבֹ-ַבּוםהֹ-ַֽהזÊ ַבÚזהם,4,15,1,10,1,K,1,,,
1890,BOUHAJLA-SMAIRIA,ָזּֽבֹ-ַב׃דַםׁםֹ,4,12,1,10,1,K,1,,,
1891,BOUHAJLA-JDAIET,ָזּֽבֹ-ַבּֿםַÊ,4,9,1,10,1,K,1,,,
1892,BOUHAJLA-ELHAMZET,ָזּֽבֹ-ַבֽדַׂÊ,4,14,1,10,1,K,1,,,
1893,BOUHAJLA-BLEGHTHA-ELKHOULWA,ָזּֽבֹ-ַבָבַÛֹֻ-ַב־בזֹ,4,15,1,10,1,K,1,,,
1894,BOUHAJLA-BLEGHTHA,ָזּֽבֹ-ַבָבַÛֹֻ,4,9,1,10,1,K,1,,,
1895,MHIRI-KARYET ENNOUR,ַבדוםׁם- Þׁםֹ ַבהזׁ,4,35,1,11,1,K,1,,,
1896,ECOLE HACHED- LEMHIRI,דֿׁ׃ֹ ֽװַֿ- ַבדוםׁם,4,20,1,11,1,K,1,,,
1897,MHIRI-BIR AHMED,ַבדוםׁם-ֶָׁ ֳֽדֿ,4,18,1,11,1,K,1,,,
1898,BIR AHMED-NASRALLAH,ֶָׁ ֳֽדֿ- הױׁ ַבבו,4,27,1,11,1,K,1,,,
1899,ELARGOUB-NASRALLAH,ַבÚׁÞזָ-הױׁ ַבבו,4,15,1,11,1,K,1,,,
1900,HAJEB..., ַבַָּֽ - ֽÝזׂ,4,43,3,1,1,K,1,,,
1901,DARRAJ-ELMHIRI,ַבַּֿׁ-ַבדוםׁם,4,22,1,11,1,K,1,,,
1902,MHIRI-TWILA,ַבדוםׁם-ַב״זםבֹ,4,23,1,11,1,K,1,,,
1903,KABARA-MENZEL ELMHIRI,ַבßַָֹׁ-דהׂב ַבדוםׁם,4,30,1,11,1,K,1,,,
1904,MHIRI-KHATHRA-AWLAD ELAYECH,ַבדוםׁם-ַב־ײֱַׁ-ֳזבַֿ ַבÚַםװ,4,16,1,11,1,K,1,,,
1905,MNARA-KHOUBNA JANOUBIA,ַבדהַֹׁ-ַב־ָהֹ ַבּהזָםֹ,4,10,1,11,1,K,1,,,
1906,MHARA-KHOUBNA JANOUBIA-KHOUBNA CHAMALIA,ַבדהַֹׁ-ַב־ָהֹ ַבּהזָםֹ-ַב־ָהֹ ַבװדַבםֹ,4,25,1,11,1,K,1,,,
1907,MHIRI-AWLAD SWIS,ַבדוםׁם- ֳזבַֿ ׃זם׃,4,36,1,11,1,K,1,,,
1908,AWLAD SWIS-MNARA,ֳזבַֿ ׃זם׃ -ַבדהַֹׁ,4,9,1,11,1,K,1,,,
1909,AWLAD SWIS -CHEBI-KABARA,ֳזבַֿ ׃זם׃-ַבװַָם-ַבßַָֹׁ,4,18,1,11,1,K,1,,,
1910,KABAR-MNARA-AWLAD SWIS,ַבßַָֹׁ-ַבדהַֹׁ-ֳזבַֿ ׃זם׃,4,18,1,11,1,K,1,,,
1911,AWLAD SWIS -NASRALLAH,ֳזבַֿ ׃זם׃-הױׁ ַבבו,4,26,1,11,1,K,1,,,
1912,AWLAD SWIS-MHIRI,ֳזבַֿ ׃זם׃-ַבדוםׁם,4,36,1,11,1,K,1,,,
1913,NASRALLAH-HANOUT NEJI-BRIKAT LEKSOUR,הױׁ ַבבו-ַֽהזÊ ַבהַּם-ָׁםßַÊ ַבÞױזׁ,4,30,1,11,1,K,1,,,
1914,BRIKAT LEKSOUR-NASRALLAH,ָׁםßַÊ ַבÞױזׁ- הױׁ ַבבו,4,14,1,11,1,K,1,,,
1915,HANOUT NEJI-NASRALLAH,ַֽהזÊ ַבהַּם-הױׁ ַבבו,4,18,1,11,1,K,1,,,
1916,SIDI SAAD-KHOUBNA CHAMALIA,׃םֿם ׃Úֿ-ַב־ָהֹ ַבװדַבםֹ,4,14,1,11,1,K,1,,,
1917,KHOUBNA CHAMALIA-MHIRI,ַב־ָהֹ ַבװדַבםֹ-ַבדוםׁם,4,24,1,11,1,K,1,,,
1918,MHIRI-KARYT ENNOUR,ַבדוםׁם-Þׁםֹ ַבהזׁ,4,30,1,11,1,K,1,,,
1919,MHIRI-HMIDET,ַבדוםׁם-ַבֽדםַֿÊ,4,17,1,11,1,K,1,,,
1920,TOUILA-NASRALLAH,ַב״זםבֹ-הױׁ ַבבו,4,15,1,11,1,K,1,,,
1921,HAFFOUZ-AIN KHOURAB-HOUFIA,ֽÝזׂ- Úםה Ûַָׁ- ַבֽזÝםֹ,4,18,1,2,1,K,1,,,
1922,HAFFOUZ-BEN HAMOUDA-OUADID,ֽÝזׂ-ָה ֽדזֹֿ-ַבÚזַֿםֿ,4,11,1,2,1,K,1,,,
1923,OUADID-JABES-ALAA,ַבÚזַֿםֿ-ַבַָּ׃-ַבÚבַ,4,4.5,1,2,1,K,1,,,
1924,KAIROUAN-AIN HALLOUF-KHALFALLAH,ַבÞםׁזַה-Úםה ַבֽבזÝ-־בÝ ַבבו -־בםÝ,4,53,1,2,1,K,1,,,
1925,AWLED KHLIF-LEHOUAREB-HAFFOUZ,ֳ.־בםÝ-ַבוזַָׁ-ֽÝזׂ,4,16,1,2,1,K,1,,,
1926,HAFFOUZ-ALAA-OUADID,ֽÝזׂ-ַבÚבַ-ַבÚזַֿםֿ,4,19,1,2,1,K,1,,,
1927,OUADID-ABEBSA-HAFFOUZ,ַבÚזַֿםֿ-ַבÚַָָ׃ֹ-ֽÝזׂ,4,12,1,2,1,K,1,,,
1928,AIN ELHALLOUF -ZEMLA,Úםה ַבֽבזÝ- ַבׂדבֹ,4,5,1,2,1,K,1,,,
1929,HAFFOUZ-SARJA-SOUDAN,ֽÝזׂ-ַב׃ֹּׁ-ַב׃זַֿה,4,33,1,2,1,K,1,,,
1930,SOUDAN-THALEJA-HAFFOUZ,ַב׃זַֿה-ַבֻבַֹּ-ֽÝזׂ,4,37,1,2,1,K,1,,,
1931,KAIROUAN- DBEBCHA,ַבÞםׁזַה-ַבַָָֿװֹ-ַבד׃ַÚםֿ,4,75,1,2,1,K,1,,,
1934,MSAID-OUADID,ַבד׃ַÚםֿ-ַבÚזַֿםֿ,4,3,1,3,1,K,1,,,
1935,ALA-MSAID-DBEBCHA,ַבÚבַ- ַבד׃ַÚםֿ- ַבַָָֿװֹ,4,13,1,3,1,K,1,,,
1936,SIDI NEJI - KHFAI-NAFFAT,׃םֿם הַּם- ַבÞÝם- הÝַÊ,4,16,1,1,1,K,1,,,
1937,DAR JAMIA- SIDI NEJI-SBIKHA,ַֿׁ ַבּדÚםֹ- ׃םֿם הַּם- ַב׃ָם־ֹ,4,14,1,1,1,K,1,,,
1938,SBIKHA-ALAM-RWAWNA,ַב׃ָם־ֹ-ַבÚבד-ַבׁזַזהֹ,4,13,1,1,1,K,1,,,
1939,ROUAWNA-DAR BEN ICHA-DAR CHEDLI,ַבׁזַזהֹ-ַֿׁ ָה Úםװֹ-ֿזַׁ ַבװַֿבם,4,23,1,1,1,K,1,,,
1940,KAIROUAN-METBASTA-BLATA-HENDI ZITOUNA,ַבÞםׁזַה-ַבדÊָ׃״ֹ-ַבָבַ״ֹ-והֿם ַבׂםÊזהֹ,4,51,1,1,1,K,1,,,
1941,HENDI ZITOUNA-BLATA-DALLOUSSI-METBASSTA,והֿם ַבׂםÊזהֹ-ַבָבַ״ֹ-ַבֿבז׃ם-ׁםÊזה,9,38,1,17,2,K,1,,,
1942,SBIKHA-AWLAD AHMED-OUM JNIB,ַב׃ָם־ֹ-ֳזבַֿ ֳֽדֿ-ֳד ּהםָ,4,21,1,1,1,K,1,,,
1943,SBIKHA-HANOUT OUTHMEN-FRIWET,ַב׃ָם־ֹ-ַֽהזÊ Úֻדַה -ַבÝׁםזַÊ,4,9,1,1,1,K,1,,,
1944,SBIKHA-DKHAILIA,ַב׃ָם־ֹ-ַבֿ־ַםבםֹ,4,18,1,1,1,K,1,,,
1945,SBIKHA-DAR THABET- AWLED AHMED,ַב׃ָם־ֹ- ַֿׁ ַָֻÊ- ֳזבַֿ ֳֽדֿ,4,24,1,1,1,K,1,,,
1946,SBIKHA-EL MACHROUA-SAAIDIA,ַב׃ָם־ֹ-ַבדװׁזÚ-ַב׃Úַםֿםֹ,4,17,1,1,1,K,1,,,
1947,METBASTA-TRABELSSIA-MEARAJI-SBIKHA,ַבדÊָ׃״ֹ-ַב״ַָׁב׃םֹ-ַבדÚַּׁם-ַב׃ָם־ֹ,4,28,1,1,1,K,1,,,
1948,NATHOUR-HENDI ZITOUNA-KHOUTHER-SBIKHA,ַבהַÙזׁ-ו.ַבׂםÊזהֹ-ַב־ײׁ-ַב׃ָם־ֹ,4,29,1,1,1,K,1,,,
1949,SBIKHA-KAIROUAN-KOULIA,ַב׃ָם־ֹ-ַבÞםׁזַה-ַבßבםֹ,4,45,1,1,1,K,1,,,
1950,SBIKHA-SOUGHAS,ַב׃ָם־ֹ-׃זÛַ׃,9,31,1,17,2,K,1,,,
1951,SOUGHAS-METBASTA-SBIKHA,׃זÛַ׃-ַבדÊָ׃״ֹ-ַב׃ָם־ֹ,4,71,1,1,1,K,1,,,
1952,SBIKHA-AIN DABEB-MACHROUA,ַב׃ָם־ֹ-Úםה ַָָֿ-ַבדװׁזÚ,4,38,1,1,1,K,1,,,
1953,METBASTA-SOUGHAS-SBIKHA,ַבדÊָ׃״ֹ-׃זÛַ׃-ַב׃ָם־ֹ,4,82,1,1,1,K,1,,,
1954,SBIKHA-FATNASSA-KAIROUAN,ַב׃ָם־ֹ-ַבÝ״הַ׃ֹ-ַבÞםׁזַה,4,35,1,1,1,K,1,,,
1955,ELHAJEM-DAR LAMEN-ADAMI-ELHAJEM-IMARAT N-FORMA AGR,FORMA AGRO,9,19,1,17,2,K,1,,,
1957,TIBEN-BEB JDID-ERAHBA-MANAR,ַבÊַָה-ַָָ ַבּֿםֿ-ַבָֹֽׁ-ַבדהַׁ,1,7.5,2,8,2,K,1,,,
1958,STADE ELAWANI-GHRIBI-FAH-THRAA KARWIA,דבÚָ ֽדֹֿ ַבÚזַהם-ַבÛׁםָם-דÞול ַבÝ״הַ׃ם-׀ַׁÚ ַבßׁזםֹ,1,13.5,2,8,2,K,1,,,
1959,CHRARDA-BATTOUMA,ַבװַֹֿׁׁ-ַבָ״זדֹ,4,15,3,14,1,K,1,,,
1961,CONSOMED,הÞב Úדבֹ CONSOMED,9,15,1,17,2,K,1,,,
1964,STIFE-KAIROUAN,׃ÊםÝ -ַבÞםׁזַה,9,19,1,17,2,K,1,,,
1965,STIFE -CHBIKA,׃ÊםÝ-ַבװָםßֹ,9,44.5,1,17,2,K,1,,,
1966,STIF-SBIKHA,׃ÊםÝ-ַב׃ָם־ֹ,9,30,1,17,2,K,1,,,
1967,STIF-JLOULA,׃ÊםÝ-ּבזבֹ,9,48,1,17,2,K,1,,,
1969,KAIROUAN-MENZEL HAYET,ַבÞםׁזַה- דהׂב ֽםַֹ,7,70,1,8,1,K,1,,,
1974,USINE DE YOURA,םזַׁ1:הÞב ַ״ַַׁÊ דÚדב םזַׁ,9,28,1,17,2,K,1,,,
1975,HAJJEM-KAWHET FATNASSI-GHRIBI-HAJJEM-RITUN,ַבַּֽד-Þוזֹ ַבÝ״הַ׃ם-ַבÛׁםָם-ַבַּֽד-ׁםÊזה,9,30.5,2,8,2,K,1,,,
1976,HAJEM-BOURJI-WILIA-FATNASSI-STIF,ַבַּֽד-ַבָזּׁם-ַבזבַםֹ-דÞול ַבÝ״הַ׃ם-׃ÊםÝ,9,24,1,17,2,K,1,,,
1977,BIR WNIS -THRAA MRIRA,ֶָׁ זהם׃ -׀ַׁÚ דׁםֹׁ,4,10,3,10,1,K,1,,,
1978,TAKADEM-HAWANI-BATTOUMI,ַבÊÞֿד-ַבוזַהם-ַבָ״זדם,4,,3,1,1,K,1,,,
1979,TRANSPORT CADRES RITUN,הÞב ַ״ַַׁÊ דÚדב ׁםÊזה,9,43.5,1,17,2,K,1,,,
1980,ALA MKHALIF TRAZZA,ַבÚבַ ַבד־ַבםÝ ַבַֹֽֿֿ ״ֹׁׂ ַבװדַבםֹ ַבÚבֱַ,4,16,1,3,1,K,1,,,
1981,ALAA NAGEZ,ַבÚבַ הÞַׂ,4,12,1,3,1,K,1,,,
1982,SBIKHA IN DABEB,ַב׃ָם־ֹ Úםה ַָָֿ,4,20,1,1,1,K,1,,,
1983,DKHAILIA FATNASSA BIR LAHMER,  ַב׃ָם־ֹ ַבֿ־ַםבםֹ Ý״הַ׃ֹ ֶָׁ ַבַֽדׁ,4,32,1,1,1,K,1,,,
1984,SBIKHA -MEARAJI-HENDI ZITOUNA,ַב׃ָם־ֹ ַבדÚַּׁם והֿם ַבׂםÊזהֹ,4,22,1,1,1,K,1,,,
1985,SBIKHA ELARGOUB BOUARTHINE,ַב׃ָם־ֹ ַבÚׁÞזָ ָזÚׁײםה,4,20,1,1,1,K,1,,,
1986,SBIKHA HAMED FRIWET,ַב׃ָם־ֹ ודַֿ ַבÝׁםזַÊ,4,12,1,1,1,K,1,,,
1987,SBIKHA SAIDIA MACHROUA,ַב׃ָם־ֹ ַב׃Úַםֿםֹ ַבדװׁזÚ,4,11,1,1,1,K,1,,,
1988,SBIKHA SABRA AWLED CHHIB CHWAIHIA BOUDABOUS,ַב׃ָם־ֹ ױָֹׁ ֳזבַֿ װוםָ ַבװזַםֽםֹ ָָֿז׃,4,30,1,1,1,K,1,,,
1989,SBIKHA AWLAD JLASS,ַב׃ָם־ֹ ֳזבַֿ ּבַױ,4,15,1,1,1,K,1,,,
1990,ELHAJEB ANIZET,ַבַָּֽ ַבÚהםַׂÊ,4,5,1,4,1,K,1,,,
1992,ECOLE HOUDA-CREFOC,דֿׁ׃ֹ ַבוֿל-ָּב ַבß׃ß׃ם,5,2,2,13,1,K,1,,,
1993,KAIROUAN-NWAWIYA-BIR NABECH-BACHIR ZARROUK,ַבÞםׁזַה-ַבהזַזםֹ-ֶָׁ ַבהָװ-ַבָװםׁ ׁׂזÞ,6,64.5,2,8,1,K,1,1,,1
1994,CHBEYLIA-MAKHSOUMA-HAY MED ALI,ַבװַָםבםֹ-ַבד־ױזדֹ-ֽם דֽדֿ Úבם,6,18,2,8,1,K,1,1,,1
1995,ALA SARJA,ַבÚבַ-ַב׃ֹּׁ,4,12,2,2,1,K,1,,,
1996,SARJA BRAHMIA HAJJEJ,ַב׃ֹּׁ ַבַָׁודםֹ ַבַּּֽ,4,12,2,2,1,K,1,,,
1997,SARJA-HAJJEJ-SOUDEN-THALLAJA-SARJA,ַב׃ֹּׁ-ַבֻבַֹּ-ַב׃זַֿה-ַב׃ֹּׁ,4,28,2,2,1,K,1,,,
1998,MHIRI-KHADHRA-AJAIMIA-KHADHRA,דהׂב ַבדוםׁם-ַב־ײֱַׁ-ַבÚַּםדםֹ-ַב־ײֱַׁ,4,20,2,11,1,K,1,,,
2001,KAIROUAN-NFIDHA-TUNIS-BIZERTE,ַבÞםׁזַה ָהׁׂÊ Úָׁ ַבהÝםײֹ,7,240,1,15,2,K,1,1,,1
2002,KAIROUAN-BIZERTE VIA EL FAHS,ַבÞםׁזַה ָהׁׂÊ Úָׁ ַבÝֽױ,7,240,1,15,2,K,1,1,,1
2003,KAIROUAN KEF,ַבÞםׁזַה ַבßַÝ,7,195,1,15,2,K,1,1,,1
2004,OUESLATIA KAIROUAN SOUSSE,ַבז׃בַÊםֹ ַבÞםׁזַה ׃ז׃ֹ,7,119,1,7,2,K,1,,,
2005,HAFFOUZ KAIROUAN SOUSSE,ֽÝזׂ ַבÞםׁזַה ׃ז׃ֹ,7,111,1,2,2,K,1,,,
2006,CHRARDA KAIROUAN SOUSSE,ַבװַֹֿׁׁ ַבÞםׁזַה ׃ז׃ֹ,7,125,1,14,2,K,1,,,
2008,KAIROUAN-RAS JEDIR,ַבÞםׁזַה-ַבװַֹֿׁׁ-ֳׁ׃ ַבּֿםׁ,7,400,1,8,2,K,1,,,
2010,ECOLE PRIVEE  6/12,הÞב Êבַדם׀ ַבדֿׁ׃ֹ ַב־ַױֹ ֳßַֿםדםֹ 6/12,9,18,1,17,1,K,1,,,
2012,LYCEE PRIVEE PYTHAGORE,הÞב Êבַדם׀ ַבדÚוֿ ַב־ַױ ָםÊַÛזׁ,9,20,1,17,1,K,1,,,
2013,GARDERIE  MANAR,הÞב ֳ״Ýַב  ׁזײֹ  * ׁזײÊם ַבֳזבל,9,18,1,17,1,K,1,,,
2014,USINE  M.D TEXTILE,ַבÞםׁזַה - ַבװָםßֹ -ַבַָ״ה (דױהÚ ד.ֿ. בב־םַ״ֹ),9,40,1,13,1,K,1,,,
2015,SBIKHA-NADHOUR-DGHAFLA-CHAMA,ַב׃ָם־ֹ-ַבֿÛַÝבֹ-ַבהַÙזׁ-דױהÚ װַדַ,9,55,1,17,2,K,1,,,
2016,RACCADA-COMPLEX UNIV DAR EL AMEN,ׁÞַֹֿ - ַבדׁßָ ַבַּדÚם ַֿׁ ַבֳדַה,5,12,2,13,1,S,1,1,,1
2017,CITE MED ALI- COMPLEX UNIV DAR EL AMEN,ֽם דֽדֿ Úבם-ַבדׁßָ ַבַּדÚם ַֿׁ ַבֳדַה,5,5.5,2,13,1,S,1,1,,1
2018,AWLED AISAOUI- HAFOUZ,ַזבַֿ ַבÚם׃ַזם-ֽÝזׂ,4,15,1,2,1,K,1,,,
2019,LAYOUNI-IMARATT-SAYED-BEB EJDID,ַבÚםזהם-ַַבÚדַַׁÊ - ב׃םֿ-ַָָ ַבּֿםֿ,5,3.75,2,13,1,S,1,1,,1
2020,KAIROUAN-CHBIKA-SIDI FRAJ-RACCADA-HAY MED ALI,ַבÞםׁזַה-ַבװָםßֹ-׃םֿם Ýּׁ-ׁÞַֹֿ-ֽם דֽדֿ Úבם,4,41.5,2,8,1,K,1,1,,1
2021,KAIROUAN-HWAMED-GHABET-MANAR,ַבÞםׁזַה-ַבֽזַדֿ-ַבÛַַָÊ-דהַׁ,4,26,2,8,1,K,1,1,,1
2022,KAIROUAN-KHAZAZIA-HEMBEZ-KHDAWRIYA,ַבÞםׁזַה-ַב־ַׂׂםֹ-ַבֽדַָׂ-ַב־ײַזׁםֹ,6,27,2,8,1,K,1,,,
2023,NULL,ַבװזַםֽםֹ-ַבÊÞֿד-ַבוזםֿם-ֶָׁ ׁׂזÞ-*2-ֿזַׁ ַבדַָׁßםֹ-ַבÝבַֽ-ַבװזַםֽםֹ,4,81.5,3,14,1,K,1,,,
2024,KAIROUAN-GRINE-SOUSSE-MONASTIR,ַבÞםׁזַה-ַבÞׁםה-׃ז׃ֹ-ַבדה׃Êםׁ,7,130,1,15,2,K,1,,,
2025,KAIROUAN-GRINE-NABEUL,ַבÞםׁזַה-ַבÞׁםה-הַָב,7,170,1,15,2,K,1,,,
2026,KAIROUAN-GRINE-JENDOUBA,ַבÞםׁזַה-ַבÞׁםה-ּהֿזָֹ,7,204,1,15,2,K,1,,,
2027,KAIROUAN-GRINE,ַבÞםׁזַה-ַבÞׁםה,7,24,1,15,2,K,1,,,
2028,ECOLE ENNAWRIS-DAR JAMIAA,דֿׁ׃ֹ ַבהזׁ׃-ֿ.ַבּדÚםֹ-ֿ.םה Úםװֹ-ו.ַבׂםÊזהֹ-ַב׃ָם־ֹ,9,30,1,17,2,K,1,,,
2029,KAIROUAN-GRINE-GABES,ַבÞםׁזַה-ַבÞׁםה-Þַָ׃,7,275,1,15,2,K,1,,,
2030,TRANS EMP SAFAC,הÞב Úדבֹ דױהÚ ַבֽֿםֿ,9,29,1,17,2,K,1,,,
2031,SOUSSE-KAIROUAN-GAFSA-TOZEUR-NAFTA,׃ז׃ֹ-ַבÞםׁזַה-ÞÝױֹ-Êזׁׂ-הÝ״ֹ,7,381,1,15,1,K,1,,,
2032,PAPILLONS,הÞב Úדבֹ דױהÚ ַבֽבזםַÊ,9,0,1,17,2,K,1,,,
2033,SOGAZ-AIN BATTOM-SIDI NAJI,׃זÛַ׃ - Úםה ָ״זד - ׃םֿם הַּם- ַבהַײזׁ,9,25,1,17,2,K,1,,,
2034,GLAIEB - AIN BATTOUM - HANAINIYA - MRIGUEB,ַבÞבָ ַבßָםׁ - Úםה ָ״זד - ַבֽהַםהםֹ - ַבדׁםÞָ-װַדַ,9,5,1,17,2,K,1,,,
2035,CHEBIKA-AOUAMRIYA-USINE MD,ַבװָםßֹ - ַבÚזַדׁםֹ - דױהÚ ד.ֿ,9,18,1,17,2,K,1,,,
2036,SBIKHA - MTF,ַב׃ָם־ֹ - דױהÚ ַב״ַÞֹ ַָבדÊָ׃״ֹ,9,20,1,17,2,K,1,,,
2037,YURA-DHRAA ETTAMMAR,הÞב Úדבֹ םזַׁ-׀ַׁÚ ַבÊדַׁ,9,3.5,1,17,2,K,1,,,
2038,SIDI - SAAD -MONASTIR,׃םֿל ׃Úֿ - ַבדה׃Êםׁ,7,135,1,11,1,K,1,,,
2039,SIDI - SAAD -MEDNINE,׃םֿל ׃Úֿ - דֿהםה,7,350,1,11,1,K,1,,,
2040,SIDI - SAAD -BIZERTE,׃םֿל ׃Úֿ - ָהׁׂÊ,7,270,1,11,1,K,1,,,
2041,ECOTEX,ECOTEX ַבד־ױזדֹ-ַב־ַׂׂםֹ-ֳזבַֿ הוַׁ-ד.ױ,9,44,1,17,2,K,1,,,
2042,ECOTEX SBIKH,ECOTEX - ַב׃ָם־ֹ,9,91,1,17,2,K,1,,,
2043,TRANSPORT ELEVE IBN ROUCHD,הÞב Êבַדם׀ ַבדÚוֿ ַב־ַױ ֵָה ׁװֿ,9,18.2,1,17,1,K,1,,,
2044,JLOULA- ENNAHALA,ּבזבֹ - ַבהַֽבֹ,4,7,1,16,1,K,1,,,
2045,JLOULA- CHAKER-ELHISSYAN,ּבזבֹ - װַßׁ - ַבֽ׃םַה,4,7,1,16,1,K,1,,,
2046,JLOULA - ENNAJAH,ּבזבֹ - ַבהַּֽ,4,7,1,16,1,K,1,,,
2047,SBIKHA-EL FRAHNIYA - EL MADRASSA,ַב׃ָם־ֹ - ַבÝַֽׁהםֹ- ַבדֿׁ׃ֹ,4,10,1,1,1,K,1,,,
2048,BICHI -KHADRA,ַבָםװם - ַב־ײֱַׁ,4,7.5,2,8,1,K,1,1,,1
2049,ZAMLA -AWLED AMER,ַבׂדבֹ - ֳזבַֿ Úַדׁ,4,8,1,2,1,K,1,,,
2050,ZAMLA - EL FOUARSIA,ַבׂדבֹ - ַבÝזַׁ׃םֹ,4,17,1,2,1,K,1,,,
2051,BOUHAJLA - BIR AMOR,ָזּֽבֹ - ֶָׁ Úדׁ,4,14,1,10,1,K,1,,,
2052,C. FATNASSI-DAR AMEN-HAY ESNNASR-M.DAGLA,דÞום ַבÝ״הַ׃ם - ד.ַֿׁ ַבֳדַה-ַבÚַֿדם-ַבַּֽד -ֽם ַבהױׁ-ֳזבַֿ Ýַֽׁה-ד.ַבֿÞבֹ,9,11.5,1,17,2,K,1,,,
2053,C. FATNASSI-DAR AMEN-HAY ESNNASR-M.DAGLA,ֽם ַבהױׁ -ÚדַַׁÊ ֽם ַבהױׁ-ַבַּֽד - ַבÚַֿדם-ד ַבÝ״הַ׃ם-ד ַבֿÞבֹ,9,8.1,1,17,2,K,1,,,
2054,JEBEL KOSKOSSI STAYLAND,ָּב ַבß׃ß׃ם -ֳזבַֿ Ýׁ־ַה -ַה ÚׁÝֹ - ַבַּֽד- ׃Êַםבַהֿ,9,12,1,17,2,K,1,,,
2055,HAY MED ALI - MANSOURA-ADDAMI - STAYLAND,ֽם דֽדֿ Úבם- ַבדהױזֹׁ-דה״Þֹ ַב־ײֱַׁ - ַבÚַֿדם --׃Êַםבַהֿ,9,11.5,1,17,2,K,1,,,
2056,HAJJEM- MSAHLI-MANSOURA-TRAVAUX-YURA,ַבַּֽד - ַבד׃ַובם - ַבדה״Þֹ ַב־ײֱַׁ-ÚדַַׁÊ ַבדהױזֹׁ--ַבÊּוםׂ - ַב׃םֿ -םזַׁ,9,12.8,1,17,2,K,1,,,
2057,SIDI NAJI-GFAY-NADHOUR-SBIKHA,׃םֿם הַּם-ַבÞÝם-ַבהַÙזׁ-ַב׃ָם־ֹ,4,45,1,1,1,K,1,,,
2058,ECOTEX NASRALLAH,ECOTEX - הױַׁבבו,9,60,1,17,2,K,1,,,
2059,HAJJEM- USINE WTC,ַבַּֽד - דÚדב Úַבד ַבה׃םּ  WTC,9,19.1,1,17,2,K,1,,,
2060,VISITE TECHNIQUE,Ýֽױ Ýהם,11,,1,0,2,K,1,,,
2061,TRANSPORT AGENTS ATELIER EL BATEN,הÞב ֳÚזַה זֵ״ַַׁÊ זׁװֹ ַבַָ״ה,11,10,2,13,1,K,1,,,
2062,BEB JDID- DAR AMEN - MANAR ROUTE CEINTURE,ַָָ ַבּֿםֿ -ַֿׁ ַבֳדַה -דהַׁ Úָׁ ַבַֽׂדםֹ,1,10.4,2,13,2,S,1,,,1
2063,YOURAT ZONE INDUST - YOURA DREAA,םזַׁ ַבדה״Þֹ ַבױהַÚםֹ - םזַׁ ַב׀ַׁÚ,9,3.5,1,17,1,K,1,,,
2064,KAIROUAN- SBIKHA - MTF,ַבÞםׁזַה-ַב׃ָם־ֹ - דױהÚ ַב״ַÞֹ ַָבדÊָ׃״ֹ,9,55,1,17,2,K,1,,,
2065,STOP MHIRI,ַבדßזֻ ַָבדוםׁם,11,,1,12,2,K,1,,,
2066,STAYLAND-MANSOURA,ַב׃םֿ - ֳזבַֿ Ýַֽׁה -ַָָ ַבּֿםֿ ַבדהױזֹׁ-דה״Þֹ ַב־ײֱַׁ - ַבÚַֿדם --׃Êַםבַהֿ,9,14.5,1,17,2,K,1,,,
2067,CHEBIKA-OUERFELLA-BATEN-STAYLAND,ַבװָםßֹ-ַבַָ״ה-׃Êַםבַהֿ,9,9.5,1,17,2,K,1,,,
2068,TRAZA - HAFFOUZ,״ֹׁׂ - ֽÝזׂ,4,25,1,2,1,K,1,,,
2069,COLLEGE PRIVE EMI,EMIהÞב Êבַדם׀ ַבדÚוֿ ַב־ַױ,9,20,1,17,2,K,1,,,1
2070,KAIROUAN-SBIKHA  ( ETUDIANT ),ַבÞםׁזַה ַב׃ָם־ֹ  (״בָֹ),4,35,3,1,1,K,1,,,
2071,KAIROUAN-BOUHAJLA  ( ETUDIANT ),ַבÞםׁזַה ָזּֽבֹ  (״בָֹ),4,35,3,10,1,K,1,,,
2072,CENTRE VILLE-YURA BATEN,םזַׁ 3:ַ ַבַָ״ה-ז׃״ ַבדֿםהֹ,9,25,2,17,2,K,1,,,
2074,CHEBIKA-YURA BATEN,םזַׁ3: ַבַָ״ה-ַבװָםßֹ,9,11,3,17,2,K,1,,,
2075,YURA BATEN-FATNASSA-OUELED ALOUEN,םזַׁ3: דÞול-ֳזבַֿ Úבזַה-Ý״הַ׃ֹ-ַבַָ״ה,9,45,3,17,2,K,1,,,
2076,MEENOYA FOOD Z.I,הÞב Úדבֹ MENOYA FOOD,9,20,2,17,2,K,1,,,
2077,BK FOOD HEMBEZ,הÞב Úדבֹ BK FOOD-ַבֽדַָׂ,9,63,1,17,2,K,1,,,
2078,BK FOOD OUELED KHECHINE,הÞב Úדבֹ BK FOOD-ֳזבַֿ ַב־װםה,9,56,1,17,2,K,1,,,
2079,BK FOOD BCHECHMA OUELED KHECHINE,הÞב Úדבֹ BK FOOD-ַבָװַװדֹ,9,87,1,17,2,K,1,,,
2080,BK FOOD ENNABECH,הÞב Úדבֹ BK FOOD-ַבהָװ,9,100,1,17,2,K,1,,,
2081,RITUN-CENTRE VILLE RACCADA,ׁםÊזה-ז׃״ ַבדֿםהֹ-ׁÞַֹֿ,9,100,2,17,2,K,1,,,
2082,SBIKHA-MUNICIPALITE-RITUN,ַב׃ָם־ֹ-ַבָבֿםֹ-ׁםÊזה,9,20,1,17,2,K,1,,,
2083,SBIKHA-EL ALAM-DALLOUSSI-RITUN,ַב׃ָם־ֹ-ַבÚבד-ַבֿבז׃ם-ׁםÊזה,9,20,1,17,2,K,1,,,
2084,YURA ZI-RACCADA,םזַׁ (ד.ױ)-ׁÞַֹֿ,9,35,1,17,2,K,1,,,
2085,KAIROUAN-MREZIG-OUELED HAMMOUDA-GHABET-KAIROUAN,ַבÞםׁזַה-ַבדַׁׂםÞ-ֳזבַֿ ֽדזֹֿ-ַבÛַַָÊ-ַבÞםׁזַה,1,35,2,13,2,K,1,1,,1
2086,TRANSPORT DES OUVRIERS NEO,הÞב Úדבֹ  NEO,9,23,1,17,2,K,1,,,
2087,FACULTE-B.KHOUKHA,ַבßבםֹ- ַָָ ַב־ז־ֹ Úָׁ ַבַֽׂדםֹ,5,22,2,13,1,S,1,1,,1
2088,MANSOURA-BAB EJJDID- MANAR,דהױזֹׁ-ַָָ ַבּֿםֿ-ַבָֹֽׁ-ַבדהַׁ,1,7.9,2,13,1,S,1,1,1,1
2089,EL ALAA-MARCHE,׃זÞ ַבÚבַ,8,35.5,3,3,2,K,1,1,,1
2090,BK FOOD BCHECHMA SBIKHA,הÞב Úדבֹ BKFOOD ׃ָם־ֹ-ָװַװדֹ- ֳזבַֿ ַב־װםה,9,110,1,17,2,K,1,,,
2091,YURA GATRANIA DHRAA,םזַׁ1: Þ״ַׁהםֹ-׀ַׁÚ,9,50,1,17,2,K,1,,,
2092,EL HAFOUZ-MARCHE,׃זÞ ֽÝזׂ,8,34,3,2,2,K,1,1,,1
2093,םזַׁ 1: ַבַּֽד - ׁÞַֹֿ,םזַׁ 4: ַבַּֽד - ׁÞַֹֿ,9,15,1,17,2,K,1,,,
2094,םזַׁ 2: ַ׃םׂז - ׁÞַֹֿ,םזַׁ 4: ַ׃םׂז - ׁÞַֹֿ,9,15.5,1,17,2,K,1,,,
2095,םזַׁ 3: ז׃״ ַבדֿםדֹ - ׁÞַֹֿ,םזַׁ 4: ז׃״ ַבדֿםהֹ - ׁÞַֹֿ,9,19.2,1,17,2,K,1,,,
2096,YURA 1 : AOULED ALOUEN - DHEREAA,םזַׁ2 : ֳזבַֿ Úבזַה - ַב׀ַׁÚ,9,30,1,17,2,K,1,,,
2097,YURA 2 :CHEBIKA - DHEREAA,םזַׁ 2 : ַבװָםßֹ -  ַב׀ַׁÚ,9,,1,17,2,K,1,,,
2098,SIDI NEJI- SBIKHA - RITUN,׃םֿם הַּם - ַב׃ָם־ֹ - ׁםÊזה,9,20,1,17,2,K,1,,,
2099,ַבַּֽד-ז׃״ ַבדֿםהֹ-דױÊÚ ּזֹֿ,ז׃״ ַבדֿםהֹ-דױהÚ ּזֹֿ,9,0,1,17,2,K,1,,,
2100,ַבַָ״ה-דױÊÚ ּזֹֿ,ַבַָ״ה-דױהÚ ּזֹֿ,9,,1,17,2,K,1,,,
2101,YURA 4,םזַׁ4: ׂÚÝַׁהֹ - ַבׁדַײהםֹ-ׁÞַֹֿ,9,,1,17,2,K,1,,,
2102,YURA 1 : ZITOUN - BATTEN,םזַׁ 3 : ַבׂםÊזה-ַבַָ״ה,9,13.95,1,17,2,K,1,,,
2103,YURA2 : ISUZU-BATTEN,םזַׁ 3: ֵם׃םׂם - ַבַָ״ה,9,19.8,1,17,2,K,1,,,
2104,YURA 4,םזַׁ 2:ֳזבַֿ ַׂםׁ-װָםßֹ-ַָ״ה-׀ַׁÚ,9,,1,17,2,K,1,,,
2105,YURA 3 : ZITOUN DHRAA,םזַׁ 2: ַבׂםÊזה -ַב׀ַׁÚ,9,,1,17,2,K,1,,,
2106,YURA 4: MANSOURAH -DHRAA,םזַׁ2: ַבדהױזֹׁ -ַב׀ַׁÚ,9,,1,17,2,K,1,,,
2107,YURA 5:ZONE VERTE DHRAA,םזַׁ2: ַבדה״Þֹ ַב־ײֱַׁ - ַב׀ַׁÚ,9,,1,17,2,K,1,,,
2108,BOURJI -RITUN,ַבָזּׁם - ׁםÊזה,9,35,1,17,2,K,1,,,
2109,HAJJEM - RITUN,ַבַּֽד -ׁםÊזה,9,35,1,17,2,K,1,,,
2110,ZONE VERTE -RITUN,ַבדה״Þֹ ַב־ײֱַׁ  - ׁםÊזה,9,35,1,17,2,K,1,,,
2111,CITE MED ALI - MANSOURAH - RITUN,ֽם דֽדֿ Úבם - ַבדהױזֹׁ -ׁםÊזה,9,35,1,17,2,K,1,,,
2112,CITE ENNACER - RITUN,״ׁםÞ ֽÝזׂ -ׁםÊזה,9,35,1,17,2,K,1,,,
2113,ROUTE SOUSSE -RITUN,״ׁםÞ ׃ז׃ֹ - ׁםÊזה,9,35,1,17,2,K,1,,,
2114,ROUTE SOUSSE - GMT,״ׁםÞ ׃ז׃ֹ -GMT(׃Êַםבַהֿ),9,10,1,17,2,K,1,,,
2115,AGIL - GMT,Úּםב -GMT(׃Êַםבַהֿ),9,13.3,1,17,2,K,1,,,
2116,TOUILA-MHIRI-KAIROAUN,ַב״זםבֹ-דהׂב ַבדוםׁם-ַבÞםׁזַה,2,66,3,12,1,K,1,,,
2117,MLALSA -CHEBIKA-YURA BATEN,םזַׁ3: ַבדבַב׃ֹ-ַבװָםßֹ-ַבַָ״ה,9,19,3,17,1,K,1,,,
2118,cvcxvcxvcx,םזַׁ1: ֽם ÚÞָֹ - דÝÊׁÞ ַב׃םֿ,9,6,1,17,2,K,1,,,
2119,cvcxvcxvcx,םזַׁ1: ַבדהױזֹׁ - Úבם ַָם,9,10,1,17,2,K,1,,,
2120,cvcxvcxvcx,םזַׁ 1: ַּדÚ ַבַָדׁם - ֽם ֽדֿ Úבם,9,6,1,17,2,K,1,,,
2121,cvcxvcxvcx,םזַׁ1: ַבָזּׁם - ַּדÚ Úֶַװֹ,9,7.6,1,17,2,K,1,,,
2122,cvcxvcxvcx,םזַׁ1: ַבַּֽד - ַבÛׁםָם,9,5,1,17,1,K,1,,,
2123,cvcxvcxvcx,םזַׁ 1: ַבׂםÊזה - ַבÝ״הַ׃ם,9,6.5,1,17,2,K,1,,,
2124,BK FOOD HAMMED SBIKHA, BKFOOD ודַֿ-ַב׃ָם־ֹ-ֳזבַֿ ַב־װםה הÞב Úדבֹ,9,75.6,1,17,2,K,1,,,
2125,SOUK - MANSOUH VIA R.CEINTURE,׃זÞ ַבֵֻהםה - ַבדהױזֹׁ (Úָׁ ״.ַֽׂדםֹ),1,5,2,13,2,S,1,,,
2126,SOUK - C.ENNASSER VIA R.CEINTURE,׃זÞ ַבֵֻהםה - ֽם ַבהױׁ (Úָׁ ״.ַֽׂדםֹ),1,2.7,2,13,2,S,1,,,
2127,YURA4:BICHI-AFRANA-RMADHNIA,םזַׁ4: ָםװם-ׂÚÝַׁהֹ-ׁדַײהםֹ,9,27.9,1,17,1,K,1,,,
2128,A LA DISPOSITION CRE KAIROUAN,Úבל ׀דֹ דהֿזָםֹ ַבÊָׁםֹ,11,66,3,15,1,K,1,,,
2129,A LA DISPOSITION CRE KAIROUAN,Úבל ׀דֹ דהֿזָםֹ ַבÊָׁםֹ,11,66,3,15,1,K,1,,,
2130,A LA DISPOSITION CRE KAIROUAN,Úבל ׀דֹ דהֿזָםֹ ַבÊָׁםֹ,11,66,3,15,1,K,1,,,
2131,A LA DISPOSITION CRE KAIROUAN,Úבל ׀דֹ דהֿזָםֹ ַבÊָׁםֹ,11,66,3,15,1,K,1,,,
2132,A LA DISPOSITION CRE KAIROUAN,Úבל ׀דֹ דהֿזָםֹ ַבÊָׁםֹ,11,66,3,15,1,K,1,,,
2133,A LA DISPOSITION CRE KAIROUAN,Úבל ׀דֹ דהֿזָםֹ ַבÊָׁםֹ,11,66,3,15,1,K,1,,,
2253,MHIRI -(KHADRA +ECOLE KHADRA+ELAYECH X2) - MHIRI,ַבדוםׁם - ( ַב־ײֱַׁ + דֿׁ׃ֹ ַב־ײֱַׁ + ַבÚַםװ*2 ) -ַבדוםׁם,4,64.8,3,11,1,K,1,,,
3000,GUICHET KAIROUAN,װַָß  Ê׀ַßׁ ַבÞםׁזַה,7,0,1,15,2,F,1,1,,1
4254,DEPLACEMENT BUS HAFOUZ,ÊהÞב ׀וַָ/ֵםַָ ֽÝזׂ,4,54,1,2,1,K,1,,,
4264,DEPLACEMENT ALLER/RETOUR ALAA,ַבÊהÞב ׀וַָ/ֵםַָ ַבÚבַ,4,70,1,3,1,K,1,,,
4280,DEPLACEMENT ALLER/RETOUR OUSLATIA,ַבÊהÞב ׀וַָ/ֵםַָ ֵבל ַבז׃בַÊםֹ ,4,62,1,7,1,K,1,,,
4282,DEPLACEMENT ALLER/RETOUR JLOULA,ַבÊהÞב ׀וַָ/ֵםַָ ּבזבֹ,11,34,1,16,1,K,1,,,
4296,DEPLACEMENT ALLER/RETOUR CHERARDA,ַבÊהÞב ׀וַָ/ֵםַָ ַבװַֹֿׁׁ,4,68,1,14,1,K,1,,,
4400,DEPLACEMENT ALLER/RETOUR BOUHAJLA,ַבÊהÞב ׀וַָ/ֵםַָ ֵבל ָזּֽבֹ,4,35,1,10,1,K,1,,,
4431,DEPLACEMENT ALLER/RETOUR MHIRI,ַבÊהÞב ׀וַָ/ֵםַָ ַבדוםׁם,4,40,1,12,1,K,1,,,
4450,DEPLACEMENT ALLER/RETOUR HAJEB,ַבÊהÞב ׀וַָ/ֵםַָ ַבַָּֽ,4,66,1,4,1,K,1,,,
4460,DEPLACEMENT ALLER/RETOUR SBIKHA,ַבÊהÞב ׀וַָ/ֵםַָ ֵבל ַב׃ָם־ֹ,4,35,1,1,1,K,1,,,
4502,DEPLACEMENT ALLER/RETOUR ZAMLA,ַבÊהÞב ׀וַָ/ֵםַָ ַבׂדבֹ,4,47,1,5,1,K,1,,,
4701,OUESLATIA-GROUPE 252,252-ַבֽדַבֹ-Þױׁ בד׃ֹ-ֳזבַֿ Úםַׁ-ד׃םָׁ-ַבÞבםÚֹ,4,80,1,7,1,K,1,,,
4702,OUESLATIA-GROUPE 252,252-ַבזבַÊםֹ-Þה״ֹׁ דÚׁזÝ,4,15,1,7,1,K,1,,,
4703,OUESLATIA-GROUPE 256,256-ַבז׃בַÊםֹ-ַבדםהֹ,4,14,1,7,1,K,1,,,
4704,OUESLATIA-GROUPE 256,256-ַבז׃בַÊםֹ-ַבÞדָזֹׁ-ֳזבַֿ ַָדׁ,4,30,1,7,1,K,1,,,
5000,Contactez le service des ressources humaines,ַבֵÊױַב ֶַָֹֿׁ ַבדזַֿׁ ַבָװׁםֹ,11,,2,8,1,K,1,1,,1
5001,Contactez le service Audit,ַבֵÊױַב ָדױבֹֽ ַבÊֿÞםÞ ַבַֿ־בם,11,,2,8,1,K,1,,,
5010,MANAR-BAB EJDID- MANSOURA,ַבדהַׁ-ַװָםבםֹ-ַבָֹֽׁ-ֳ.Ýַֽׁה-ַָָ ַבּֿםֿ- ַבדהױזֹׁ,1,9,2,13,2,S,1,1,1,1
5011,TABBEN-AFH-GARE ROUTIERE,Êַָה - ױַָֽם - ַבַּֽד,1,9,2,13,2,S,1,1,,1
5012,ENNACER-ESSAYED-HOP-TRAVAUX-ANNACER,ֽם ַבהױׁ - ַב׃םֿ -ד׃ÊװÝם  ַבֳÛַבָֹ -ַבÊּוםׂ - ֽם ַבהױׁ,1,13,2,13,2,S,1,1,,1
5101,־״ז״ דֿׁ׃םֹ : ַב׃ָם־ֹ,־״ז״ דֿׁ׃םֹ : ַב׃ָם־ֹ,4,,1,1,1,K,1,,,
5201,־״ז״ דֿׁ׃םֹ : ֽÝזׂ,־״ז״ דֿׁ׃םֹ : ֽÝזׂ,4,,1,2,1,K,1,,,
5301,־״ז״ דֿׁ׃םֹ : ַבÚבַ,־״ז״ דֿׁ׃םֹ : ַבÚבַ,4,,1,3,1,K,1,,,
5401,־״ז״ דֿׁ׃םֹ : ַבַָּֽ,־״ז״ דֿׁ׃םֹ : ַבַָּֽ,4,,1,4,1,K,1,,,
5501,־״ז״ דֿׁ׃םֹ : ַבׂדבֹ,־״ז״ דֿׁ׃םֹ : ַבׂדבֹ,4,,1,5,1,K,1,,,
5601,־״ז״ דֿׁ׃םֹ : ַבװָםßֹ,־״ז״ דֿׁ׃םֹ : ַבװָםßֹ,4,,1,6,1,K,1,,,
5701,־״ז״ דֿׁ׃םֹ : ַבז׃בַÊםֹ,־״ז״ דֿׁ׃םֹ : ַבז׃בַÊםֹ,4,,1,7,1,K,1,,,
5801,־״ז״ ַֽזַׂ ַבÞםׁזַה,־״ז״ ַֽזַׂ ַבÞםׁזַה,4,,1,8,1,K,1,,,
5901,־״ז״ דֿׁ׃םֹ : ׁÞַֹֿ,־״ז״ דֿׁ׃םֹ : ׁÞַֹֿ,4,,1,9,1,K,1,,,
6001,־״ז״ דֿׁ׃םֹ : ָזּֽבֹ,־״ז״ דֿׁ׃םֹ : ָזּֽבֹ,4,,1,10,1,K,1,,,
6101,־״ז״ דֿׁ׃םֹ : הױׁ ַבבו,־״ז״ דֿׁ׃םֹ : הױׁ ַבבו,4,,1,11,1,K,1,,,
6201,־״ז״ דֿׁ׃םֹ : ַבדוםׁם,־״ז״ דֿׁ׃םֹ : ַבדוםׁם,4,,1,12,1,K,1,,,
6301,־״ז״ דֿׁ׃םֹ : ַבÞםׁזַה ַבדֿםהֹ,־״ז״ דֿׁ׃םֹ : ַבÞםׁזַה ַבדֿםהֹ,4,,1,13,1,K,1,,,
6401,־״ז״ דֿׁ׃םֹ : ַבװַֹֿׁׁ,־״ז״ דֿׁ׃םֹ : ַבװַֹֿׁׁ,4,,1,14,1,K,1,,,
6601,־״ז״ דֿׁ׃םֹ : Úםה ּבזבֹ,־״ז״ דֿׁ׃םֹ : Úםה ּבזבֹ,4,,1,16,1,K,1,,,
7323,KAIROUAN EL JAM MAHDIA,ַבÞםׁזַה ַבּד ַבדוֿםֹ - ַײַÝם,7,117,1,15,2,K,1,1,1,1
7332,BOUHAJLA-KAIROUAN-SOUUSE,ָזּֽבֹ-ַבÞםׁזַה-׃ז׃ֹ,7,92,1,10,2,K,1,1,,1
7350,KAIROUAN-KASSERINE,ַבÞםׁזַה ַבַָּֽ ַבÞױׁםה,7,152,1,15,2,K,1,1,,1
7351,KAIROUAN-HAJEB-BOUZID,ַבÞםׁזַה ַבַָּֽ ָזׂםֿ,7,138,1,15,2,K,1,1,,1
7360,BOUHAJLA-SFAX,ָזּֽבֹ ױÝַÞ׃,7,101,1,10,2,K,1,1,1,1
9001,GOUVERNORAT-RAHBA-IBN RACHIK-CNRPS,ַבזבַםֹ  ַבָֹֽׁ  ַָה ׁװםÞ  ַבÚדַַׁÊ,5,,2,8,1,K,1,,,
9002,GOUVERNORAT-RAHBA-IBN RACHIK-CNRPS,ַבזבַםֹ  ַבָֹֽׁ  ַָה  ׁװםÞ  ַבÚדַַׁÊ,5,,2,8,1,K,1,,,
9003,GOUVERNORAT-RAHBA-IBN RACHIK-CNRPS,ַבזבַםֹ  ַבָֹֽׁ  ַָה  ׁװםÞ  ַבÚדַַׁÊ,5,,2,8,1,K,1,,,
9004,CITE MED ALI USINE USIZU,ֽם  דֽדֿ Úבם דÚדב ַב׃םַַׁÊ,9,8,1,8,1,K,1,,,
9005,CITE NASSAR  USINE CHAMIA,ֽם ַבהױׁ - דÚדב ַבֽבזםַÊ,9,5,1,8,2,K,1,,,
9006,MANSOURA USINE CHAMIA,ַבדהױזֹׁ - דÚדב ַבֽבזםַÊ,1,3,1,8,1,K,1,,,
9007,CIT? MED ALIUSINE CHAMIA,ֽם דֽדֿ Úבם ַבÊַָה דÚדב ַבֽבזםַÊ,9,5,1,8,1,K,1,,,
9008,SAHABI HAJJEM USINE CHAMIA,ַבױַָֽם ַבַּֽד דÚדב ַבֽבזםַÊ,9,9,1,8,1,K,1,,,
9009,CITE NASR USINE USUSU,ֽם ַבהױׁ  דÚדב ַב׃םַַׁÊ,9,7,1,8,1,K,1,,,
9010,MANSOURA USINE USIZU,דהױזֹׁ  דÚדב ַב׃םַַׁÊ,9,8,1,8,1,K,1,,,
9011,SAHABI HAJJEM USINE USIZU,ַבױַָֽם  ַבַּֽד דÚדב ַב׃םַַׁÊ,9,8,1,8,1,K,1,,,
9012,QQSDQS,ַבַָ״ה ׃Êַםבַהֿ,1,,2,8,1,K,1,,,
9013,TEST,TEST,9,,1,8,1,K,1,,,
9014,KAIROUAN MEKNASSI,ַבÞםׁזַה ַבדßהַ׃ם,1,,1,8,1,K,1,,,
9015,HAJJEM-YURA,ַבַּֽד - םזַׁ,11,,2,8,1,K,1,,,
