FARE_ID,PRICE,PRICE_CONF,CURRENCY_TYPE,PAYMENT_METHOD,TRANSFERS,AGENCY_ID,PRICE_REDU,TYPE_TARIF
1,700,800,DT,0,0,SORETRAK,,KM
2,1000,1100,DT,0,0,SORETRAK,,KM
3,1200,1400,DT,0,0,SORETRAK,,KM
4,1500,1700,DT,0,0,SORETRAK,,KM
5,1600,1800,DT,0,0,SORETRAK,,KM
6,1800,2000,DT,0,0,SORETRAK,,KM
7,2100,2400,DT,0,0,SORETRAK,,KM
8,2500,2800,DT,0,0,SORETRAK,,KM
9,2800,3100,DT,0,0,SORETRAK,,KM
10,3100,3500,DT,0,0,SORETRAK,,KM
11,4100,4600,DT,0,0,SORETRAK,,KM
12,4400,4900,DT,0,0,SORETRAK,,KM
13,4800,5300,DT,0,0,SORETRAK,,KM
14,5200,5800,DT,0,0,SORETRAK,,KM
15,700,800,DT,0,0,SORETRAK,,KM
16,800,900,DT,0,0,SORETRAK,,KM
17,1200,1400,DT,0,0,SORETRAK,,KM
18,1300,1500,DT,0,0,SORETRAK,,KM
19,1500,1700,DT,0,0,SORETRAK,,KM
20,1800,2000,DT,0,0,SORETRAK,,KM
21,2100,2400,DT,0,0,SORETRAK,,KM
22,2500,2800,DT,0,0,SORETRAK,,KM
23,2800,3100,DT,0,0,SORETRAK,,KM
24,3800,4200,DT,0,0,SORETRAK,,KM
25,4100,4600,DT,0,0,SORETRAK,,KM
26,4500,5000,DT,0,0,SORETRAK,,KM
27,4900,5400,DT,0,0,SORETRAK,,KM
28,700,800,DT,0,0,SORETRAK,,KM
29,700,800,DT,0,0,SORETRAK,,KM
30,700,800,DT,0,0,SORETRAK,,KM
31,800,900,DT,0,0,SORETRAK,,KM
32,1200,1400,DT,0,0,SORETRAK,,KM
33,1500,1700,DT,0,0,SORETRAK,,KM
34,1800,2000,DT,0,0,SORETRAK,,KM
35,2100,2400,DT,0,0,SORETRAK,,KM
36,3200,3600,DT,0,0,SORETRAK,,KM
37,3400,3800,DT,0,0,SORETRAK,,KM
38,3800,4200,DT,0,0,SORETRAK,,KM
39,4200,4700,DT,0,0,SORETRAK,,KM
40,700,800,DT,0,0,SORETRAK,,KM
41,700,800,DT,0,0,SORETRAK,,KM
42,700,800,DT,0,0,SORETRAK,,KM
43,1000,1100,DT,0,0,SORETRAK,,KM
44,1300,1500,DT,0,0,SORETRAK,,KM
45,1700,1900,DT,0,0,SORETRAK,,KM
46,2000,2200,DT,0,0,SORETRAK,,KM
47,3000,3300,DT,0,0,SORETRAK,,KM
48,3300,3700,DT,0,0,SORETRAK,,KM
49,3700,4100,DT,0,0,SORETRAK,,KM
50,4100,4600,DT,0,0,SORETRAK,,KM
51,700,800,DT,0,0,SORETRAK,,KM
52,700,800,DT,0,0,SORETRAK,,KM
53,700,800,DT,0,0,SORETRAK,,KM
54,1000,1100,DT,0,0,SORETRAK,,KM
55,1300,1500,DT,0,0,SORETRAK,,KM
56,1700,1900,DT,0,0,SORETRAK,,KM
57,2700,3000,DT,0,0,SORETRAK,,KM
58,3000,3300,DT,0,0,SORETRAK,,KM
59,3400,3800,DT,0,0,SORETRAK,,KM
60,3800,4200,DT,0,0,SORETRAK,,KM
61,700,800,DT,0,0,SORETRAK,,KM
62,700,800,DT,0,0,SORETRAK,,KM
63,900,1000,DT,0,0,SORETRAK,,KM
64,1200,1400,DT,0,0,SORETRAK,,KM
65,1500,1700,DT,0,0,SORETRAK,,KM
66,2600,2900,DT,0,0,SORETRAK,,KM
67,2800,3100,DT,0,0,SORETRAK,,KM
68,3200,3600,DT,0,0,SORETRAK,,KM
69,3600,4000,DT,0,0,SORETRAK,,KM
70,700,800,DT,0,0,SORETRAK,,KM
71,700,800,DT,0,0,SORETRAK,,KM
72,1000,1100,DT,0,0,SORETRAK,,KM
73,1300,1500,DT,0,0,SORETRAK,,KM
74,2400,2700,DT,0,0,SORETRAK,,KM
75,2600,2900,DT,0,0,SORETRAK,,KM
76,3000,3300,DT,0,0,SORETRAK,,KM
77,3400,3800,DT,0,0,SORETRAK,,KM
78,700,800,DT,0,0,SORETRAK,,KM
79,700,800,DT,0,0,SORETRAK,,KM
80,1000,1100,DT,0,0,SORETRAK,,KM
81,2100,2400,DT,0,0,SORETRAK,,KM
82,2300,2600,DT,0,0,SORETRAK,,KM
83,2700,3000,DT,0,0,SORETRAK,,KM
84,3100,3500,DT,0,0,SORETRAK,,KM
85,700,800,DT,0,0,SORETRAK,,KM
86,700,800,DT,0,0,SORETRAK,,KM
87,1700,1900,DT,0,0,SORETRAK,,KM
88,2000,2200,DT,0,0,SORETRAK,,KM
89,2400,2700,DT,0,0,SORETRAK,,KM
90,2800,3100,DT,0,0,SORETRAK,,KM
91,700,800,DT,0,0,SORETRAK,,KM
92,1400,1600,DT,0,0,SORETRAK,,KM
93,1700,1900,DT,0,0,SORETRAK,,KM
94,2100,2400,DT,0,0,SORETRAK,,KM
95,2500,2800,DT,0,0,SORETRAK,,KM
96,1100,1300,DT,0,0,SORETRAK,,KM
97,1300,1500,DT,0,0,SORETRAK,,KM
98,1700,1900,DT,0,0,SORETRAK,,KM
99,2100,2400,DT,0,0,SORETRAK,,KM
100,700,800,DT,0,0,SORETRAK,,KM
101,700,800,DT,0,0,SORETRAK,,KM
102,1100,1300,DT,0,0,SORETRAK,,KM
103,700,800,DT,0,0,SORETRAK,,KM
104,800,900,DT,0,0,SORETRAK,,KM
105,700,800,DT,0,0,SORETRAK,,KM
106,700,800,DT,0,0,SORETRAK,,KM
107,1200,1400,DT,0,0,SORETRAK,,KM
108,1500,1700,DT,0,0,SORETRAK,,KM
109,1700,1900,DT,0,0,SORETRAK,,KM
110,700,800,DT,0,0,SORETRAK,,KM
111,800,900,DT,0,0,SORETRAK,,KM
112,1100,1300,DT,0,0,SORETRAK,,KM
113,700,800,DT,0,0,SORETRAK,,KM
114,700,800,DT,0,0,SORETRAK,,KM
115,700,800,DT,0,0,SORETRAK,,KM
116,700,800,DT,0,0,SORETRAK,,KM
117,1300,1500,DT,0,0,SORETRAK,,KM
118,1600,1800,DT,0,0,SORETRAK,,KM
119,700,800,DT,0,0,SORETRAK,,KM
120,1000,1100,DT,0,0,SORETRAK,,KM
121,700,800,DT,0,0,SORETRAK,,KM
122,700,800,DT,0,0,SORETRAK,,KM
123,700,800,DT,0,0,SORETRAK,,KM
124,700,800,DT,0,0,SORETRAK,,KM
125,800,900,DT,0,0,SORETRAK,,KM
126,900,1000,DT,0,0,SORETRAK,,KM
127,1000,1100,DT,0,0,SORETRAK,,KM
128,1300,1500,DT,0,0,SORETRAK,,KM
129,2000,2200,DT,0,0,SORETRAK,,KM
130,2800,3100,DT,0,0,SORETRAK,,KM
131,700,800,DT,0,0,SORETRAK,,KM
132,700,800,DT,0,0,SORETRAK,,KM
133,700,800,DT,0,0,SORETRAK,,KM
134,700,800,DT,0,0,SORETRAK,,KM
135,800,900,DT,0,0,SORETRAK,,KM
136,1100,1300,DT,0,0,SORETRAK,,KM
137,1800,2000,DT,0,0,SORETRAK,,KM
138,2600,2900,DT,0,0,SORETRAK,,KM
139,700,800,DT,0,0,SORETRAK,,KM
140,700,800,DT,0,0,SORETRAK,,KM
141,700,800,DT,0,0,SORETRAK,,KM
142,700,800,DT,0,0,SORETRAK,,KM
143,0,0,DT,0,0,SORETRAK,,KM
144,1500,1700,DT,0,0,SORETRAK,,KM
145,2300,2600,DT,0,0,SORETRAK,,KM
146,700,800,DT,0,0,SORETRAK,,KM
147,700,800,DT,0,0,SORETRAK,,KM
148,700,800,DT,0,0,SORETRAK,,KM
149,700,800,DT,0,0,SORETRAK,,KM
150,1400,1600,DT,0,0,SORETRAK,,KM
151,2200,2500,DT,0,0,SORETRAK,,KM
152,700,800,DT,0,0,SORETRAK,,KM
153,700,800,DT,0,0,SORETRAK,,KM
154,700,800,DT,0,0,SORETRAK,,KM
155,1300,1500,DT,0,0,SORETRAK,,KM
156,2100,2400,DT,0,0,SORETRAK,,KM
157,700,800,DT,0,0,SORETRAK,,KM
158,700,800,DT,0,0,SORETRAK,,KM
159,1200,1400,DT,0,0,SORETRAK,,KM
160,2000,2200,DT,0,0,SORETRAK,,KM
161,700,800,DT,0,0,SORETRAK,,KM
162,1100,1300,DT,0,0,SORETRAK,,KM
163,1900,2100,DT,0,0,SORETRAK,,KM
164,800,900,DT,0,0,SORETRAK,,KM
165,1600,1800,DT,0,0,SORETRAK,,KM
166,800,900,DT,0,0,SORETRAK,,KM
167,700,800,DT,0,0,SORETRAK,,KM
168,1300,1500,DT,0,0,SORETRAK,,KM
169,700,800,DT,0,0,SORETRAK,,KM
170,1700,1900,DT,0,0,SORETRAK,,KM
171,2200,2500,DT,0,0,SORETRAK,,KM
172,2600,2900,DT,0,0,SORETRAK,,KM
173,3000,3300,DT,0,0,SORETRAK,,KM
174,4200,4700,DT,0,0,SORETRAK,,KM
175,700,800,DT,0,0,SORETRAK,,KM
176,1000,1100,DT,0,0,SORETRAK,,KM
177,1300,1500,DT,0,0,SORETRAK,,KM
178,2600,2900,DT,0,0,SORETRAK,,KM
179,700,800,DT,0,0,SORETRAK,,KM
180,900,1000,DT,0,0,SORETRAK,,KM
181,2100,2400,DT,0,0,SORETRAK,,KM
182,700,800,DT,0,0,SORETRAK,,KM
183,1600,1800,DT,0,0,SORETRAK,,KM
184,1300,1500,DT,0,0,SORETRAK,,KM
185,700,800,DT,0,0,SORETRAK,,KM
186,1100,1300,DT,0,0,SORETRAK,,KM
187,1200,1400,DT,0,0,SORETRAK,,KM
188,800,900,DT,0,0,SORETRAK,,KM
189,900,1000,DT,0,0,SORETRAK,,KM
190,700,800,DT,0,0,SORETRAK,,KM
191,1100,1300,DT,0,0,SORETRAK,,KM
192,1500,1700,DT,0,0,SORETRAK,,KM
193,2600,2900,DT,0,0,SORETRAK,,KM
194,3400,3800,DT,0,0,SORETRAK,,KM
195,4200,4700,DT,0,0,SORETRAK,,KM
196,5100,5700,DT,0,0,SORETRAK,,KM
197,5600,6200,DT,0,0,SORETRAK,,KM
198,6200,6900,DT,0,0,SORETRAK,,KM
199,6600,7300,DT,0,0,SORETRAK,,KM
200,6900,7600,DT,0,0,SORETRAK,,KM
201,7600,8400,DT,0,0,SORETRAK,,KM
202,8200,9100,DT,0,0,SORETRAK,,KM
203,8800,9700,DT,0,0,SORETRAK,,KM
204,9500,10500,DT,0,0,SORETRAK,,KM
205,10600,11700,DT,0,0,SORETRAK,,KM
206,14700,16200,DT,0,0,SORETRAK,,KM
207,700,800,DT,0,0,SORETRAK,,KM
208,1500,1700,DT,0,0,SORETRAK,,KM
209,2400,2700,DT,0,0,SORETRAK,,KM
210,3200,3600,DT,0,0,SORETRAK,,KM
211,4000,4400,DT,0,0,SORETRAK,,KM
212,4600,5100,DT,0,0,SORETRAK,,KM
213,5200,5800,DT,0,0,SORETRAK,,KM
214,5600,6200,DT,0,0,SORETRAK,,KM
215,5800,6400,DT,0,0,SORETRAK,,KM
216,6500,7200,DT,0,0,SORETRAK,,KM
217,7100,7900,DT,0,0,SORETRAK,,KM
218,7700,8500,DT,0,0,SORETRAK,,KM
219,8500,9400,DT,0,0,SORETRAK,,KM
220,9700,10700,DT,0,0,SORETRAK,,KM
221,13900,15300,DT,0,0,SORETRAK,,KM
222,1100,1300,DT,0,0,SORETRAK,,KM
223,1900,2100,DT,0,0,SORETRAK,,KM
224,2700,3000,DT,0,0,SORETRAK,,KM
225,3600,4000,DT,0,0,SORETRAK,,KM
226,4100,4600,DT,0,0,SORETRAK,,KM
227,4700,5200,DT,0,0,SORETRAK,,KM
228,5100,5700,DT,0,0,SORETRAK,,KM
229,5400,6000,DT,0,0,SORETRAK,,KM
230,6100,6800,DT,0,0,SORETRAK,,KM
231,6700,7400,DT,0,0,SORETRAK,,KM
232,7300,8100,DT,0,0,SORETRAK,,KM
233,8000,8800,DT,0,0,SORETRAK,,KM
234,9300,10300,DT,0,0,SORETRAK,,KM
235,13500,14900,DT,0,0,SORETRAK,,KM
236,900,1000,DT,0,0,SORETRAK,,KM
237,1700,1900,DT,0,0,SORETRAK,,KM
238,2500,2800,DT,0,0,SORETRAK,,KM
239,3100,3500,DT,0,0,SORETRAK,,KM
240,3700,4100,DT,0,0,SORETRAK,,KM
241,4100,4600,DT,0,0,SORETRAK,,KM
242,4300,4800,DT,0,0,SORETRAK,,KM
243,5100,5700,DT,0,0,SORETRAK,,KM
244,5600,6200,DT,0,0,SORETRAK,,KM
245,6200,6900,DT,0,0,SORETRAK,,KM
246,7000,7700,DT,0,0,SORETRAK,,KM
247,8200,9100,DT,0,0,SORETRAK,,KM
248,12600,13900,DT,0,0,SORETRAK,,KM
249,800,900,DT,0,0,SORETRAK,,KM
250,1700,1900,DT,0,0,SORETRAK,,KM
251,2300,2600,DT,0,0,SORETRAK,,KM
252,2800,3100,DT,0,0,SORETRAK,,KM
253,3200,3600,DT,0,0,SORETRAK,,KM
254,3500,3900,DT,0,0,SORETRAK,,KM
255,4200,4700,DT,0,0,SORETRAK,,KM
256,4800,5300,DT,0,0,SORETRAK,,KM
257,5400,6000,DT,0,0,SORETRAK,,KM
258,6200,6900,DT,0,0,SORETRAK,,KM
259,7400,8200,DT,0,0,SORETRAK,,KM
260,11900,13100,DT,0,0,SORETRAK,,KM
261,900,1000,DT,0,0,SORETRAK,,KM
262,1500,1700,DT,0,0,SORETRAK,,KM
263,2100,2400,DT,0,0,SORETRAK,,KM
264,2500,2800,DT,0,0,SORETRAK,,KM
265,2700,3000,DT,0,0,SORETRAK,,KM
266,3400,3800,DT,0,0,SORETRAK,,KM
267,4000,4400,DT,0,0,SORETRAK,,KM
268,4600,5100,DT,0,0,SORETRAK,,KM
269,5400,6000,DT,0,0,SORETRAK,,KM
270,6600,7300,DT,0,0,SORETRAK,,KM
271,11200,12400,DT,0,0,SORETRAK,,KM
272,700,800,DT,0,0,SORETRAK,,KM
273,1200,1400,DT,0,0,SORETRAK,,KM
274,1600,1800,DT,0,0,SORETRAK,,KM
275,1900,2100,DT,0,0,SORETRAK,,KM
276,2600,2900,DT,0,0,SORETRAK,,KM
277,3200,3600,DT,0,0,SORETRAK,,KM
278,3800,4200,DT,0,0,SORETRAK,,KM
279,4500,5000,DT,0,0,SORETRAK,,KM
280,5800,6400,DT,0,0,SORETRAK,,KM
281,10500,11600,DT,0,0,SORETRAK,,KM
282,700,800,DT,0,0,SORETRAK,,KM
283,1000,1100,DT,0,0,SORETRAK,,KM
284,1300,1500,DT,0,0,SORETRAK,,KM
285,2000,2200,DT,0,0,SORETRAK,,KM
286,2600,2900,DT,0,0,SORETRAK,,KM
287,3200,3600,DT,0,0,SORETRAK,,KM
288,3900,4300,DT,0,0,SORETRAK,,KM
289,5200,5800,DT,0,0,SORETRAK,,KM
290,10000,11000,DT,0,0,SORETRAK,,KM
291,700,800,DT,0,0,SORETRAK,,KM
292,700,800,DT,0,0,SORETRAK,,KM
293,1400,1600,DT,0,0,SORETRAK,,KM
294,2000,2200,DT,0,0,SORETRAK,,KM
295,2600,2900,DT,0,0,SORETRAK,,KM
296,3400,3800,DT,0,0,SORETRAK,,KM
297,4600,5100,DT,0,0,SORETRAK,,KM
298,9500,10500,DT,0,0,SORETRAK,,KM
299,700,800,DT,0,0,SORETRAK,,KM
300,1000,1100,DT,0,0,SORETRAK,,KM
301,1600,1800,DT,0,0,SORETRAK,,KM
302,2200,2500,DT,0,0,SORETRAK,,KM
303,3000,3300,DT,0,0,SORETRAK,,KM
304,4200,4700,DT,0,0,SORETRAK,,KM
305,9100,10100,DT,0,0,SORETRAK,,KM
306,800,900,DT,0,0,SORETRAK,,KM
307,1300,1500,DT,0,0,SORETRAK,,KM
308,1900,2100,DT,0,0,SORETRAK,,KM
309,2700,3000,DT,0,0,SORETRAK,,KM
310,3900,4300,DT,0,0,SORETRAK,,KM
311,8800,9700,DT,0,0,SORETRAK,,KM
312,700,800,DT,0,0,SORETRAK,,KM
313,1200,1400,DT,0,0,SORETRAK,,KM
314,2000,2200,DT,0,0,SORETRAK,,KM
315,3200,3600,DT,0,0,SORETRAK,,KM
316,8100,9000,DT,0,0,SORETRAK,,KM
317,700,800,DT,0,0,SORETRAK,,KM
318,1400,1600,DT,0,0,SORETRAK,,KM
319,2600,2900,DT,0,0,SORETRAK,,KM
320,7500,8300,DT,0,0,SORETRAK,,KM
321,800,900,DT,0,0,SORETRAK,,KM
322,2100,2400,DT,0,0,SORETRAK,,KM
323,6900,7600,DT,0,0,SORETRAK,,KM
324,1300,1500,DT,0,0,SORETRAK,,KM
325,6200,6900,DT,0,0,SORETRAK,,KM
326,4900,5400,DT,0,0,SORETRAK,,KM
327,800,900,DT,0,0,SORETRAK,,KM
328,2300,2600,DT,0,0,SORETRAK,,KM
329,3200,3600,DT,0,0,SORETRAK,,KM
330,3900,4300,DT,0,0,SORETRAK,,KM
331,5400,6000,DT,0,0,SORETRAK,,KM
332,6400,7100,DT,0,0,SORETRAK,,KM
333,7700,8500,DT,0,0,SORETRAK,,KM
334,8400,9300,DT,0,0,SORETRAK,,KM
335,9300,10300,DT,0,0,SORETRAK,,KM
336,10600,11700,DT,0,0,SORETRAK,,KM
337,14700,16200,DT,0,0,SORETRAK,,KM
338,1600,1800,DT,0,0,SORETRAK,,KM
339,2500,2800,DT,0,0,SORETRAK,,KM
340,3200,3600,DT,0,0,SORETRAK,,KM
341,4700,5200,DT,0,0,SORETRAK,,KM
342,5700,6300,DT,0,0,SORETRAK,,KM
343,6900,7600,DT,0,0,SORETRAK,,KM
344,7700,8500,DT,0,0,SORETRAK,,KM
345,8600,9500,DT,0,0,SORETRAK,,KM
346,10000,11000,DT,0,0,SORETRAK,,KM
347,14100,15600,DT,0,0,SORETRAK,,KM
348,1000,1100,DT,0,0,SORETRAK,,KM
349,1700,1900,DT,0,0,SORETRAK,,KM
350,3100,3500,DT,0,0,SORETRAK,,KM
351,4100,4600,DT,0,0,SORETRAK,,KM
352,5400,6000,DT,0,0,SORETRAK,,KM
353,6100,6800,DT,0,0,SORETRAK,,KM
354,7100,7900,DT,0,0,SORETRAK,,KM
355,8500,9400,DT,0,0,SORETRAK,,KM
356,12800,14100,DT,0,0,SORETRAK,,KM
357,800,900,DT,0,0,SORETRAK,,KM
358,2200,2500,DT,0,0,SORETRAK,,KM
359,3200,3600,DT,0,0,SORETRAK,,KM
360,4500,5000,DT,0,0,SORETRAK,,KM
361,5200,5800,DT,0,0,SORETRAK,,KM
362,6200,6900,DT,0,0,SORETRAK,,KM
363,7600,8400,DT,0,0,SORETRAK,,KM
364,12100,13400,DT,0,0,SORETRAK,,KM
365,1500,1700,DT,0,0,SORETRAK,,KM
366,2500,2800,DT,0,0,SORETRAK,,KM
367,3800,4200,DT,0,0,SORETRAK,,KM
368,4500,5000,DT,0,0,SORETRAK,,KM
369,5400,6000,DT,0,0,SORETRAK,,KM
370,6900,7600,DT,0,0,SORETRAK,,KM
371,11400,12600,DT,0,0,SORETRAK,,KM
372,1100,1300,DT,0,0,SORETRAK,,KM
373,2300,2600,DT,0,0,SORETRAK,,KM
374,3000,3300,DT,0,0,SORETRAK,,KM
375,4000,4400,DT,0,0,SORETRAK,,KM
376,5400,6000,DT,0,0,SORETRAK,,KM
377,10200,11300,DT,0,0,SORETRAK,,KM
378,1300,1500,DT,0,0,SORETRAK,,KM
379,2000,2200,DT,0,0,SORETRAK,,KM
380,3000,3300,DT,0,0,SORETRAK,,KM
381,4400,4900,DT,0,0,SORETRAK,,KM
382,9300,10300,DT,0,0,SORETRAK,,KM
383,800,900,DT,0,0,SORETRAK,,KM
384,1700,1900,DT,0,0,SORETRAK,,KM
385,3200,3600,DT,0,0,SORETRAK,,KM
386,8000,8800,DT,0,0,SORETRAK,,KM
387,1000,1100,DT,0,0,SORETRAK,,KM
388,2500,2800,DT,0,0,SORETRAK,,KM
389,7300,8100,DT,0,0,SORETRAK,,KM
390,1500,1700,DT,0,0,SORETRAK,,KM
391,6400,7100,DT,0,0,SORETRAK,,KM
392,4900,5400,DT,0,0,SORETRAK,,KM
393,800,900,DT,0,0,SORETRAK,,KM
394,1400,1600,DT,0,0,SORETRAK,,KM
395,2500,2800,DT,0,0,SORETRAK,,KM
396,3300,3700,DT,0,0,SORETRAK,,KM
397,3900,4300,DT,0,0,SORETRAK,,KM
398,4500,5000,DT,0,0,SORETRAK,,KM
399,5200,5800,DT,0,0,SORETRAK,,KM
400,6100,6800,DT,0,0,SORETRAK,,KM
401,6800,7500,DT,0,0,SORETRAK,,KM
402,7300,8100,DT,0,0,SORETRAK,,KM
403,8400,9300,DT,0,0,SORETRAK,,KM
404,9000,9900,DT,0,0,SORETRAK,,KM
405,9700,10700,DT,0,0,SORETRAK,,KM
406,10200,11300,DT,0,0,SORETRAK,,KM
407,11100,12300,DT,0,0,SORETRAK,,KM
408,11700,12900,DT,0,0,SORETRAK,,KM
409,12300,13600,DT,0,0,SORETRAK,,KM
410,700,800,DT,0,0,SORETRAK,,KM
411,1700,1900,DT,0,0,SORETRAK,,KM
412,2600,2900,DT,0,0,SORETRAK,,KM
413,3200,3600,DT,0,0,SORETRAK,,KM
414,3800,4200,DT,0,0,SORETRAK,,KM
415,4500,5000,DT,0,0,SORETRAK,,KM
416,5400,6000,DT,0,0,SORETRAK,,KM
417,6100,6800,DT,0,0,SORETRAK,,KM
418,6600,7300,DT,0,0,SORETRAK,,KM
419,7700,8500,DT,0,0,SORETRAK,,KM
420,8200,9100,DT,0,0,SORETRAK,,KM
421,9000,9900,DT,0,0,SORETRAK,,KM
422,9500,10500,DT,0,0,SORETRAK,,KM
423,10500,11600,DT,0,0,SORETRAK,,KM
424,11100,12300,DT,0,0,SORETRAK,,KM
425,11700,12900,DT,0,0,SORETRAK,,KM
426,1100,1300,DT,0,0,SORETRAK,,KM
427,1900,2100,DT,0,0,SORETRAK,,KM
428,2600,2900,DT,0,0,SORETRAK,,KM
429,3200,3600,DT,0,0,SORETRAK,,KM
430,3900,4300,DT,0,0,SORETRAK,,KM
431,4700,5200,DT,0,0,SORETRAK,,KM
432,5400,6000,DT,0,0,SORETRAK,,KM
433,6000,6600,DT,0,0,SORETRAK,,KM
434,7100,7900,DT,0,0,SORETRAK,,KM
435,7600,8400,DT,0,0,SORETRAK,,KM
436,8400,9300,DT,0,0,SORETRAK,,KM
437,8900,9800,DT,0,0,SORETRAK,,KM
438,10000,11000,DT,0,0,SORETRAK,,KM
439,10600,11700,DT,0,0,SORETRAK,,KM
440,11100,12300,DT,0,0,SORETRAK,,KM
441,900,1000,DT,0,0,SORETRAK,,KM
442,1500,1700,DT,0,0,SORETRAK,,KM
443,2100,2400,DT,0,0,SORETRAK,,KM
444,2800,3100,DT,0,0,SORETRAK,,KM
445,3700,4100,DT,0,0,SORETRAK,,KM
446,4400,4900,DT,0,0,SORETRAK,,KM
447,4900,5400,DT,0,0,SORETRAK,,KM
448,6000,6600,DT,0,0,SORETRAK,,KM
449,6500,7200,DT,0,0,SORETRAK,,KM
450,7300,8100,DT,0,0,SORETRAK,,KM
451,7800,8600,DT,0,0,SORETRAK,,KM
452,9000,9900,DT,0,0,SORETRAK,,KM
453,9700,10700,DT,0,0,SORETRAK,,KM
454,10200,11300,DT,0,0,SORETRAK,,KM
455,700,800,DT,0,0,SORETRAK,,KM
456,1300,1500,DT,0,0,SORETRAK,,KM
457,2000,2200,DT,0,0,SORETRAK,,KM
458,2800,3100,DT,0,0,SORETRAK,,KM
459,3600,4000,DT,0,0,SORETRAK,,KM
460,4100,4600,DT,0,0,SORETRAK,,KM
461,5200,5800,DT,0,0,SORETRAK,,KM
462,5700,6300,DT,0,0,SORETRAK,,KM
463,6500,7200,DT,0,0,SORETRAK,,KM
464,7000,7700,DT,0,0,SORETRAK,,KM
465,8100,9000,DT,0,0,SORETRAK,,KM
466,8800,9700,DT,0,0,SORETRAK,,KM
467,9500,10500,DT,0,0,SORETRAK,,KM
468,700,800,DT,0,0,SORETRAK,,KM
469,1300,1500,DT,0,0,SORETRAK,,KM
470,2200,2500,DT,0,0,SORETRAK,,KM
471,2900,3200,DT,0,0,SORETRAK,,KM
472,3400,3800,DT,0,0,SORETRAK,,KM
473,4500,5000,DT,0,0,SORETRAK,,KM
474,5100,5700,DT,0,0,SORETRAK,,KM
475,5800,6400,DT,0,0,SORETRAK,,KM
476,6400,7100,DT,0,0,SORETRAK,,KM
477,7500,8300,DT,0,0,SORETRAK,,KM
478,8200,9100,DT,0,0,SORETRAK,,KM
479,8800,9700,DT,0,0,SORETRAK,,KM
480,800,900,DT,0,0,SORETRAK,,KM
481,1600,1800,DT,0,0,SORETRAK,,KM
482,2300,2600,DT,0,0,SORETRAK,,KM
483,2800,3100,DT,0,0,SORETRAK,,KM
484,3900,4300,DT,0,0,SORETRAK,,KM
485,4500,5000,DT,0,0,SORETRAK,,KM
486,5200,5800,DT,0,0,SORETRAK,,KM
487,5800,6400,DT,0,0,SORETRAK,,KM
488,6900,7600,DT,0,0,SORETRAK,,KM
489,7600,8400,DT,0,0,SORETRAK,,KM
490,8200,9100,DT,0,0,SORETRAK,,KM
491,900,1000,DT,0,0,SORETRAK,,KM
492,1600,1800,DT,0,0,SORETRAK,,KM
493,2100,2400,DT,0,0,SORETRAK,,KM
494,3200,3600,DT,0,0,SORETRAK,,KM
495,3800,4200,DT,0,0,SORETRAK,,KM
496,4500,5000,DT,0,0,SORETRAK,,KM
497,5100,5700,DT,0,0,SORETRAK,,KM
498,6200,6900,DT,0,0,SORETRAK,,KM
499,6900,7600,DT,0,0,SORETRAK,,KM
500,7500,8300,DT,0,0,SORETRAK,,KM
501,800,900,DT,0,0,SORETRAK,,KM
502,1300,1500,DT,0,0,SORETRAK,,KM
503,2400,2700,DT,0,0,SORETRAK,,KM
504,2900,3200,DT,0,0,SORETRAK,,KM
505,3700,4100,DT,0,0,SORETRAK,,KM
506,4200,4700,DT,0,0,SORETRAK,,KM
507,5300,5900,DT,0,0,SORETRAK,,KM
508,6000,6600,DT,0,0,SORETRAK,,KM
509,6700,7400,DT,0,0,SORETRAK,,KM
510,700,800,DT,0,0,SORETRAK,,KM
511,1700,1900,DT,0,0,SORETRAK,,KM
512,2200,2500,DT,0,0,SORETRAK,,KM
513,3000,3300,DT,0,0,SORETRAK,,KM
514,3500,3900,DT,0,0,SORETRAK,,KM
515,4600,5100,DT,0,0,SORETRAK,,KM
516,5300,5900,DT,0,0,SORETRAK,,KM
517,6000,6600,DT,0,0,SORETRAK,,KM
518,1200,1400,DT,0,0,SORETRAK,,KM
519,1700,1900,DT,0,0,SORETRAK,,KM
520,2500,2800,DT,0,0,SORETRAK,,KM
521,3000,3300,DT,0,0,SORETRAK,,KM
522,4100,4600,DT,0,0,SORETRAK,,KM
523,4800,5300,DT,0,0,SORETRAK,,KM
524,5400,6000,DT,0,0,SORETRAK,,KM
525,700,800,DT,0,0,SORETRAK,,KM
526,1300,1500,DT,0,0,SORETRAK,,KM
527,1900,2100,DT,0,0,SORETRAK,,KM
528,3000,3300,DT,0,0,SORETRAK,,KM
529,3700,4100,DT,0,0,SORETRAK,,KM
530,4300,4800,DT,0,0,SORETRAK,,KM
531,800,900,DT,0,0,SORETRAK,,KM
532,1300,1500,DT,0,0,SORETRAK,,KM
533,2500,2800,DT,0,0,SORETRAK,,KM
534,3200,3600,DT,0,0,SORETRAK,,KM
535,3800,4200,DT,0,0,SORETRAK,,KM
536,700,800,DT,0,0,SORETRAK,,KM
537,1700,1900,DT,0,0,SORETRAK,,KM
538,2400,2700,DT,0,0,SORETRAK,,KM
539,3000,3300,DT,0,0,SORETRAK,,KM
540,1200,1400,DT,0,0,SORETRAK,,KM
541,1900,2100,DT,0,0,SORETRAK,,KM
542,2500,2800,DT,0,0,SORETRAK,,KM
543,800,900,DT,0,0,SORETRAK,,KM
544,1400,1600,DT,0,0,SORETRAK,,KM
545,700,800,DT,0,0,SORETRAK,,KM
546,700,800,DT,0,0,SORETRAK,,KM
547,700,800,DT,0,0,SORETRAK,,KM
548,1100,1300,DT,0,0,SORETRAK,,KM
549,1400,1600,DT,0,0,SORETRAK,,KM
550,1700,1900,DT,0,0,SORETRAK,,KM
551,1900,2100,DT,0,0,SORETRAK,,KM
552,2200,2500,DT,0,0,SORETRAK,,KM
553,2700,3000,DT,0,0,SORETRAK,,KM
554,700,800,DT,0,0,SORETRAK,,KM
555,800,900,DT,0,0,SORETRAK,,KM
556,1200,1400,DT,0,0,SORETRAK,,KM
557,1500,1700,DT,0,0,SORETRAK,,KM
558,1700,1900,DT,0,0,SORETRAK,,KM
559,2000,2200,DT,0,0,SORETRAK,,KM
560,2500,2800,DT,0,0,SORETRAK,,KM
561,700,800,DT,0,0,SORETRAK,,KM
562,1000,1100,DT,0,0,SORETRAK,,KM
563,1300,1500,DT,0,0,SORETRAK,,KM
564,1500,1700,DT,0,0,SORETRAK,,KM
565,1900,2100,DT,0,0,SORETRAK,,KM
566,2400,2700,DT,0,0,SORETRAK,,KM
567,700,800,DT,0,0,SORETRAK,,KM
568,700,800,DT,0,0,SORETRAK,,KM
569,900,1000,DT,0,0,SORETRAK,,KM
570,1200,1400,DT,0,0,SORETRAK,,KM
571,1700,1900,DT,0,0,SORETRAK,,KM
572,700,800,DT,0,0,SORETRAK,,KM
573,700,800,DT,0,0,SORETRAK,,KM
574,900,1000,DT,0,0,SORETRAK,,KM
575,1400,1600,DT,0,0,SORETRAK,,KM
576,700,800,DT,0,0,SORETRAK,,KM
577,700,800,DT,0,0,SORETRAK,,KM
578,1100,1300,DT,0,0,SORETRAK,,KM
579,700,800,DT,0,0,SORETRAK,,KM
580,900,1000,DT,0,0,SORETRAK,,KM
581,700,800,DT,0,0,SORETRAK,,KM
582,700,800,DT,0,0,SORETRAK,,KM
583,1200,1400,DT,0,0,SORETRAK,,KM
584,1700,1900,DT,0,0,SORETRAK,,KM
585,700,800,DT,0,0,SORETRAK,,KM
586,1200,1400,DT,0,0,SORETRAK,,KM
587,700,800,DT,0,0,SORETRAK,,KM
588,700,800,DT,0,0,SORETRAK,,KM
589,700,800,DT,0,0,SORETRAK,,KM
590,800,900,DT,0,0,SORETRAK,,KM
591,1100,1300,DT,0,0,SORETRAK,,KM
592,1700,1900,DT,0,0,SORETRAK,,KM
593,2000,2200,DT,0,0,SORETRAK,,KM
594,2300,2600,DT,0,0,SORETRAK,,KM
595,2500,2800,DT,0,0,SORETRAK,,KM
596,2800,3100,DT,0,0,SORETRAK,,KM
597,3200,3600,DT,0,0,SORETRAK,,KM
598,3600,4000,DT,0,0,SORETRAK,,KM
599,3900,4300,DT,0,0,SORETRAK,,KM
600,4300,4800,DT,0,0,SORETRAK,,KM
601,4600,5100,DT,0,0,SORETRAK,,KM
602,700,800,DT,0,0,SORETRAK,,KM
603,1000,1100,DT,0,0,SORETRAK,,KM
604,1300,1500,DT,0,0,SORETRAK,,KM
605,1500,1700,DT,0,0,SORETRAK,,KM
606,1700,1900,DT,0,0,SORETRAK,,KM
607,2100,2400,DT,0,0,SORETRAK,,KM
608,2500,2800,DT,0,0,SORETRAK,,KM
609,2800,3100,DT,0,0,SORETRAK,,KM
610,3200,3600,DT,0,0,SORETRAK,,KM
611,3600,4000,DT,0,0,SORETRAK,,KM
612,3900,4300,DT,0,0,SORETRAK,,KM
613,700,800,DT,0,0,SORETRAK,,KM
614,1000,1100,DT,0,0,SORETRAK,,KM
615,1200,1400,DT,0,0,SORETRAK,,KM
616,1400,1600,DT,0,0,SORETRAK,,KM
617,1800,2000,DT,0,0,SORETRAK,,KM
618,2100,2400,DT,0,0,SORETRAK,,KM
619,2500,2800,DT,0,0,SORETRAK,,KM
620,2900,3200,DT,0,0,SORETRAK,,KM
621,3300,3700,DT,0,0,SORETRAK,,KM
622,3600,4000,DT,0,0,SORETRAK,,KM
623,700,800,DT,0,0,SORETRAK,,KM
624,700,800,DT,0,0,SORETRAK,,KM
625,800,900,DT,0,0,SORETRAK,,KM
626,1200,1400,DT,0,0,SORETRAK,,KM
627,1500,1700,DT,0,0,SORETRAK,,KM
628,1900,2100,DT,0,0,SORETRAK,,KM
629,2300,2600,DT,0,0,SORETRAK,,KM
630,2700,3000,DT,0,0,SORETRAK,,KM
631,3000,3300,DT,0,0,SORETRAK,,KM
632,700,800,DT,0,0,SORETRAK,,KM
633,700,800,DT,0,0,SORETRAK,,KM
634,900,1000,DT,0,0,SORETRAK,,KM
635,1200,1400,DT,0,0,SORETRAK,,KM
636,1600,1800,DT,0,0,SORETRAK,,KM
637,2000,2200,DT,0,0,SORETRAK,,KM
638,2400,2700,DT,0,0,SORETRAK,,KM
639,2600,2900,DT,0,0,SORETRAK,,KM
640,700,800,DT,0,0,SORETRAK,,KM
641,700,800,DT,0,0,SORETRAK,,KM
642,1000,1100,DT,0,0,SORETRAK,,KM
643,1300,1500,DT,0,0,SORETRAK,,KM
644,1700,1900,DT,0,0,SORETRAK,,KM
645,2100,2400,DT,0,0,SORETRAK,,KM
646,2400,2700,DT,0,0,SORETRAK,,KM
647,700,800,DT,0,0,SORETRAK,,KM
648,800,900,DT,0,0,SORETRAK,,KM
649,1200,1400,DT,0,0,SORETRAK,,KM
650,1500,1700,DT,0,0,SORETRAK,,KM
651,1900,2100,DT,0,0,SORETRAK,,KM
652,2200,2500,DT,0,0,SORETRAK,,KM
653,700,800,DT,0,0,SORETRAK,,KM
654,800,900,DT,0,0,SORETRAK,,KM
655,1200,1400,DT,0,0,SORETRAK,,KM
656,1500,1700,DT,0,0,SORETRAK,,KM
657,1800,2000,DT,0,0,SORETRAK,,KM
658,700,800,DT,0,0,SORETRAK,,KM
659,800,900,DT,0,0,SORETRAK,,KM
660,1200,1400,DT,0,0,SORETRAK,,KM
661,1500,1700,DT,0,0,SORETRAK,,KM
662,700,800,DT,0,0,SORETRAK,,KM
663,800,900,DT,0,0,SORETRAK,,KM
664,1100,1300,DT,0,0,SORETRAK,,KM
665,700,800,DT,0,0,SORETRAK,,KM
666,700,800,DT,0,0,SORETRAK,,KM
667,700,800,DT,0,0,SORETRAK,,KM
668,800,900,DT,0,0,SORETRAK,,KM
669,900,1000,DT,0,0,SORETRAK,,KM
670,1300,1500,DT,0,0,SORETRAK,,KM
671,1500,1700,DT,0,0,SORETRAK,,KM
672,1700,1900,DT,0,0,SORETRAK,,KM
673,2300,2600,DT,0,0,SORETRAK,,KM
674,2600,2900,DT,0,0,SORETRAK,,KM
675,3000,3300,DT,0,0,SORETRAK,,KM
676,3200,3600,DT,0,0,SORETRAK,,KM
677,3500,3900,DT,0,0,SORETRAK,,KM
678,4100,4600,DT,0,0,SORETRAK,,KM
679,700,800,DT,0,0,SORETRAK,,KM
680,700,800,DT,0,0,SORETRAK,,KM
681,800,900,DT,0,0,SORETRAK,,KM
682,1000,1100,DT,0,0,SORETRAK,,KM
683,1500,1700,DT,0,0,SORETRAK,,KM
684,1900,2100,DT,0,0,SORETRAK,,KM
685,2300,2600,DT,0,0,SORETRAK,,KM
686,2500,2800,DT,0,0,SORETRAK,,KM
687,2800,3100,DT,0,0,SORETRAK,,KM
688,3400,3800,DT,0,0,SORETRAK,,KM
689,700,800,DT,0,0,SORETRAK,,KM
690,700,800,DT,0,0,SORETRAK,,KM
691,800,900,DT,0,0,SORETRAK,,KM
692,1400,1600,DT,0,0,SORETRAK,,KM
693,1700,1900,DT,0,0,SORETRAK,,KM
694,2200,2500,DT,0,0,SORETRAK,,KM
695,2400,2700,DT,0,0,SORETRAK,,KM
696,2600,2900,DT,0,0,SORETRAK,,KM
697,3200,3600,DT,0,0,SORETRAK,,KM
698,700,800,DT,0,0,SORETRAK,,KM
699,700,800,DT,0,0,SORETRAK,,KM
700,1000,1100,DT,0,0,SORETRAK,,KM
701,1300,1500,DT,0,0,SORETRAK,,KM
702,1700,1900,DT,0,0,SORETRAK,,KM
703,1900,2100,DT,0,0,SORETRAK,,KM
704,2200,2500,DT,0,0,SORETRAK,,KM
705,2800,3100,DT,0,0,SORETRAK,,KM
706,700,800,DT,0,0,SORETRAK,,KM
707,800,900,DT,0,0,SORETRAK,,KM
708,1200,1400,DT,0,0,SORETRAK,,KM
709,1600,1800,DT,0,0,SORETRAK,,KM
710,1800,2000,DT,0,0,SORETRAK,,KM
711,2100,2400,DT,0,0,SORETRAK,,KM
712,2600,2900,DT,0,0,SORETRAK,,KM
713,700,800,DT,0,0,SORETRAK,,KM
714,1000,1100,DT,0,0,SORETRAK,,KM
715,1400,1600,DT,0,0,SORETRAK,,KM
716,1600,1800,DT,0,0,SORETRAK,,KM
717,1900,2100,DT,0,0,SORETRAK,,KM
718,2500,2800,DT,0,0,SORETRAK,,KM
719,700,800,DT,0,0,SORETRAK,,KM
720,800,900,DT,0,0,SORETRAK,,KM
721,1000,1100,DT,0,0,SORETRAK,,KM
722,1300,1500,DT,0,0,SORETRAK,,KM
723,1900,2100,DT,0,0,SORETRAK,,KM
724,700,800,DT,0,0,SORETRAK,,KM
725,700,800,DT,0,0,SORETRAK,,KM
726,1000,1100,DT,0,0,SORETRAK,,KM
727,1500,1700,DT,0,0,SORETRAK,,KM
728,700,800,DT,0,0,SORETRAK,,KM
729,700,800,DT,0,0,SORETRAK,,KM
730,1100,1300,DT,0,0,SORETRAK,,KM
731,700,800,DT,0,0,SORETRAK,,KM
732,900,1000,DT,0,0,SORETRAK,,KM
733,700,800,DT,0,0,SORETRAK,,KM
734,700,800,DT,0,0,SORETRAK,,KM
735,2300,2600,DT,0,0,SORETRAK,,KM
736,3300,3700,DT,0,0,SORETRAK,,KM
737,4000,4400,DT,0,0,SORETRAK,,KM
738,6500,7200,DT,0,0,SORETRAK,,KM
739,7700,8500,DT,0,0,SORETRAK,,KM
740,8400,9300,DT,0,0,SORETRAK,,KM
741,9500,10500,DT,0,0,SORETRAK,,KM
742,9700,10700,DT,0,0,SORETRAK,,KM
743,10600,11700,DT,0,0,SORETRAK,,KM
744,1700,1900,DT,0,0,SORETRAK,,KM
745,2600,2900,DT,0,0,SORETRAK,,KM
746,3400,3800,DT,0,0,SORETRAK,,KM
747,5800,6400,DT,0,0,SORETRAK,,KM
748,7100,7900,DT,0,0,SORETRAK,,KM
749,7700,8500,DT,0,0,SORETRAK,,KM
750,8800,9700,DT,0,0,SORETRAK,,KM
751,9000,9900,DT,0,0,SORETRAK,,KM
752,10100,11200,DT,0,0,SORETRAK,,KM
753,1000,1100,DT,0,0,SORETRAK,,KM
754,1700,1900,DT,0,0,SORETRAK,,KM
755,4200,4700,DT,0,0,SORETRAK,,KM
756,5400,6000,DT,0,0,SORETRAK,,KM
757,6100,6800,DT,0,0,SORETRAK,,KM
758,7200,8000,DT,0,0,SORETRAK,,KM
759,7400,8200,DT,0,0,SORETRAK,,KM
760,8500,9400,DT,0,0,SORETRAK,,KM
761,800,900,DT,0,0,SORETRAK,,KM
762,3200,3600,DT,0,0,SORETRAK,,KM
763,4500,5000,DT,0,0,SORETRAK,,KM
764,5100,5700,DT,0,0,SORETRAK,,KM
765,6200,6900,DT,0,0,SORETRAK,,KM
766,6400,7100,DT,0,0,SORETRAK,,KM
767,7500,8300,DT,0,0,SORETRAK,,KM
768,2500,2800,DT,0,0,SORETRAK,,KM
769,3800,4200,DT,0,0,SORETRAK,,KM
770,4400,4900,DT,0,0,SORETRAK,,KM
771,5500,6100,DT,0,0,SORETRAK,,KM
772,5700,6300,DT,0,0,SORETRAK,,KM
773,6800,7500,DT,0,0,SORETRAK,,KM
774,1300,1500,DT,0,0,SORETRAK,,KM
775,1900,2100,DT,0,0,SORETRAK,,KM
776,3000,3300,DT,0,0,SORETRAK,,KM
777,3200,3600,DT,0,0,SORETRAK,,KM
778,4300,4800,DT,0,0,SORETRAK,,KM
779,700,800,DT,0,0,SORETRAK,,KM
780,1800,2000,DT,0,0,SORETRAK,,KM
781,2000,2200,DT,0,0,SORETRAK,,KM
782,3100,3500,DT,0,0,SORETRAK,,KM
783,1200,1400,DT,0,0,SORETRAK,,KM
784,1300,1500,DT,0,0,SORETRAK,,KM
785,2500,2800,DT,0,0,SORETRAK,,KM
786,700,800,DT,0,0,SORETRAK,,KM
787,1300,1500,DT,0,0,SORETRAK,,KM
788,1200,1400,DT,0,0,SORETRAK,,KM
789,700,800,DT,0,0,SORETRAK,,KM
790,1100,1300,DT,0,0,SORETRAK,,KM
791,1100,1300,DT,0,0,SORETRAK,,KM
792,1500,1700,DT,0,0,SORETRAK,,KM
793,1600,1800,DT,0,0,SORETRAK,,KM
794,1900,2100,DT,0,0,SORETRAK,,KM
795,2600,2900,DT,0,0,SORETRAK,,KM
796,3200,3600,DT,0,0,SORETRAK,,KM
797,3600,4000,DT,0,0,SORETRAK,,KM
798,3600,4000,DT,0,0,SORETRAK,,KM
799,700,800,DT,0,0,SORETRAK,,KM
800,700,800,DT,0,0,SORETRAK,,KM
801,1100,1300,DT,0,0,SORETRAK,,KM
802,1200,1400,DT,0,0,SORETRAK,,KM
803,1400,1600,DT,0,0,SORETRAK,,KM
804,2200,2500,DT,0,0,SORETRAK,,KM
805,2800,3100,DT,0,0,SORETRAK,,KM
806,3100,3500,DT,0,0,SORETRAK,,KM
807,3200,3600,DT,0,0,SORETRAK,,KM
808,700,800,DT,0,0,SORETRAK,,KM
809,700,800,DT,0,0,SORETRAK,,KM
810,700,800,DT,0,0,SORETRAK,,KM
811,800,900,DT,0,0,SORETRAK,,KM
812,1600,1800,DT,0,0,SORETRAK,,KM
813,2200,2500,DT,0,0,SORETRAK,,KM
814,2500,2800,DT,0,0,SORETRAK,,KM
815,2600,2900,DT,0,0,SORETRAK,,KM
816,700,800,DT,0,0,SORETRAK,,KM
817,700,800,DT,0,0,SORETRAK,,KM
818,800,900,DT,0,0,SORETRAK,,KM
819,1600,1800,DT,0,0,SORETRAK,,KM
820,2200,2500,DT,0,0,SORETRAK,,KM
821,2500,2800,DT,0,0,SORETRAK,,KM
822,2600,2900,DT,0,0,SORETRAK,,KM
823,700,800,DT,0,0,SORETRAK,,KM
824,700,800,DT,0,0,SORETRAK,,KM
825,1200,1400,DT,0,0,SORETRAK,,KM
826,1700,1900,DT,0,0,SORETRAK,,KM
827,2100,2400,DT,0,0,SORETRAK,,KM
828,2100,2400,DT,0,0,SORETRAK,,KM
829,700,800,DT,0,0,SORETRAK,,KM
830,1100,1300,DT,0,0,SORETRAK,,KM
831,1700,1900,DT,0,0,SORETRAK,,KM
832,2000,2200,DT,0,0,SORETRAK,,KM
833,2100,2400,DT,0,0,SORETRAK,,KM
834,800,900,DT,0,0,SORETRAK,,KM
835,1400,1600,DT,0,0,SORETRAK,,KM
836,1700,1900,DT,0,0,SORETRAK,,KM
837,1800,2000,DT,0,0,SORETRAK,,KM
838,700,800,DT,0,0,SORETRAK,,KM
839,1000,1100,DT,0,0,SORETRAK,,KM
840,1000,1100,DT,0,0,SORETRAK,,KM
841,700,800,DT,0,0,SORETRAK,,KM
842,700,800,DT,0,0,SORETRAK,,KM
843,700,800,DT,0,0,SORETRAK,,KM
844,800,900,DT,0,0,SORETRAK,,KM
845,900,1000,DT,0,0,SORETRAK,,KM
846,1300,1500,DT,0,0,SORETRAK,,KM
847,1500,1700,DT,0,0,SORETRAK,,KM
848,1700,1900,DT,0,0,SORETRAK,,KM
849,2300,2600,DT,0,0,SORETRAK,,KM
850,2600,2900,DT,0,0,SORETRAK,,KM
851,3000,3300,DT,0,0,SORETRAK,,KM
852,3200,3600,DT,0,0,SORETRAK,,KM
853,3500,3900,DT,0,0,SORETRAK,,KM
854,4100,4600,DT,0,0,SORETRAK,,KM
855,4600,5100,DT,0,0,SORETRAK,,KM
856,5200,5800,DT,0,0,SORETRAK,,KM
857,5700,6300,DT,0,0,SORETRAK,,KM
858,6200,6900,DT,0,0,SORETRAK,,KM
859,7000,7700,DT,0,0,SORETRAK,,KM
860,700,800,DT,0,0,SORETRAK,,KM
861,700,800,DT,0,0,SORETRAK,,KM
862,800,900,DT,0,0,SORETRAK,,KM
863,1000,1100,DT,0,0,SORETRAK,,KM
864,1500,1700,DT,0,0,SORETRAK,,KM
865,1900,2100,DT,0,0,SORETRAK,,KM
866,2300,2600,DT,0,0,SORETRAK,,KM
867,2500,2800,DT,0,0,SORETRAK,,KM
868,2800,3100,DT,0,0,SORETRAK,,KM
869,3400,3800,DT,0,0,SORETRAK,,KM
870,3900,4300,DT,0,0,SORETRAK,,KM
871,4500,5000,DT,0,0,SORETRAK,,KM
872,5000,5500,DT,0,0,SORETRAK,,KM
873,5500,6100,DT,0,0,SORETRAK,,KM
874,6300,7000,DT,0,0,SORETRAK,,KM
875,700,800,DT,0,0,SORETRAK,,KM
876,700,800,DT,0,0,SORETRAK,,KM
877,800,900,DT,0,0,SORETRAK,,KM
878,1400,1600,DT,0,0,SORETRAK,,KM
879,1700,1900,DT,0,0,SORETRAK,,KM
880,2200,2500,DT,0,0,SORETRAK,,KM
881,2400,2700,DT,0,0,SORETRAK,,KM
882,2600,2900,DT,0,0,SORETRAK,,KM
883,3200,3600,DT,0,0,SORETRAK,,KM
884,3800,4200,DT,0,0,SORETRAK,,KM
885,4300,4800,DT,0,0,SORETRAK,,KM
886,4900,5400,DT,0,0,SORETRAK,,KM
887,5400,6000,DT,0,0,SORETRAK,,KM
888,6200,6900,DT,0,0,SORETRAK,,KM
889,700,800,DT,0,0,SORETRAK,,KM
890,700,800,DT,0,0,SORETRAK,,KM
891,1000,1100,DT,0,0,SORETRAK,,KM
892,1300,1500,DT,0,0,SORETRAK,,KM
893,1700,1900,DT,0,0,SORETRAK,,KM
894,1900,2100,DT,0,0,SORETRAK,,KM
895,2200,2500,DT,0,0,SORETRAK,,KM
896,2800,3100,DT,0,0,SORETRAK,,KM
897,3300,3700,DT,0,0,SORETRAK,,KM
898,3900,4300,DT,0,0,SORETRAK,,KM
899,4400,4900,DT,0,0,SORETRAK,,KM
900,4900,5400,DT,0,0,SORETRAK,,KM
901,5700,6300,DT,0,0,SORETRAK,,KM
902,700,800,DT,0,0,SORETRAK,,KM
903,800,900,DT,0,0,SORETRAK,,KM
904,1200,1400,DT,0,0,SORETRAK,,KM
905,1600,1800,DT,0,0,SORETRAK,,KM
906,1800,2000,DT,0,0,SORETRAK,,KM
907,2100,2400,DT,0,0,SORETRAK,,KM
908,2600,2900,DT,0,0,SORETRAK,,KM
909,3200,3600,DT,0,0,SORETRAK,,KM
910,3800,4200,DT,0,0,SORETRAK,,KM
911,4300,4800,DT,0,0,SORETRAK,,KM
912,4800,5300,DT,0,0,SORETRAK,,KM
913,5600,6200,DT,0,0,SORETRAK,,KM
914,700,800,DT,0,0,SORETRAK,,KM
915,1000,1100,DT,0,0,SORETRAK,,KM
916,1400,1600,DT,0,0,SORETRAK,,KM
917,1600,1800,DT,0,0,SORETRAK,,KM
918,1900,2100,DT,0,0,SORETRAK,,KM
919,2500,2800,DT,0,0,SORETRAK,,KM
920,3000,3300,DT,0,0,SORETRAK,,KM
921,3600,4000,DT,0,0,SORETRAK,,KM
922,4100,4600,DT,0,0,SORETRAK,,KM
923,4600,5100,DT,0,0,SORETRAK,,KM
924,5400,6000,DT,0,0,SORETRAK,,KM
925,700,800,DT,0,0,SORETRAK,,KM
926,800,900,DT,0,0,SORETRAK,,KM
927,1000,1100,DT,0,0,SORETRAK,,KM
928,1300,1500,DT,0,0,SORETRAK,,KM
929,1900,2100,DT,0,0,SORETRAK,,KM
930,2400,2700,DT,0,0,SORETRAK,,KM
931,3000,3300,DT,0,0,SORETRAK,,KM
932,3500,3900,DT,0,0,SORETRAK,,KM
933,4000,4400,DT,0,0,SORETRAK,,KM
934,4800,5300,DT,0,0,SORETRAK,,KM
935,700,800,DT,0,0,SORETRAK,,KM
936,700,800,DT,0,0,SORETRAK,,KM
937,1000,1100,DT,0,0,SORETRAK,,KM
938,1500,1700,DT,0,0,SORETRAK,,KM
939,2100,2400,DT,0,0,SORETRAK,,KM
940,2600,2900,DT,0,0,SORETRAK,,KM
941,3200,3600,DT,0,0,SORETRAK,,KM
942,3700,4100,DT,0,0,SORETRAK,,KM
943,4500,5000,DT,0,0,SORETRAK,,KM
944,700,800,DT,0,0,SORETRAK,,KM
945,700,800,DT,0,0,SORETRAK,,KM
946,1100,1300,DT,0,0,SORETRAK,,KM
947,1600,1800,DT,0,0,SORETRAK,,KM
948,2200,2500,DT,0,0,SORETRAK,,KM
949,2700,3000,DT,0,0,SORETRAK,,KM
950,3200,3600,DT,0,0,SORETRAK,,KM
951,4000,4400,DT,0,0,SORETRAK,,KM
952,700,800,DT,0,0,SORETRAK,,KM
953,900,1000,DT,0,0,SORETRAK,,KM
954,1400,1600,DT,0,0,SORETRAK,,KM
955,2000,2200,DT,0,0,SORETRAK,,KM
956,2500,2800,DT,0,0,SORETRAK,,KM
957,3000,3300,DT,0,0,SORETRAK,,KM
958,3800,4200,DT,0,0,SORETRAK,,KM
959,700,800,DT,0,0,SORETRAK,,KM
960,1200,1400,DT,0,0,SORETRAK,,KM
961,1700,1900,DT,0,0,SORETRAK,,KM
962,2300,2600,DT,0,0,SORETRAK,,KM
963,2800,3100,DT,0,0,SORETRAK,,KM
964,3600,4000,DT,0,0,SORETRAK,,KM
965,700,800,DT,0,0,SORETRAK,,KM
966,1200,1400,DT,0,0,SORETRAK,,KM
967,1700,1900,DT,0,0,SORETRAK,,KM
968,2200,2500,DT,0,0,SORETRAK,,KM
969,3000,3300,DT,0,0,SORETRAK,,KM
970,700,800,DT,0,0,SORETRAK,,KM
971,1200,1400,DT,0,0,SORETRAK,,KM
972,1700,1900,DT,0,0,SORETRAK,,KM
973,2500,2800,DT,0,0,SORETRAK,,KM
974,700,800,DT,0,0,SORETRAK,,KM
975,1100,1300,DT,0,0,SORETRAK,,KM
976,1900,2100,DT,0,0,SORETRAK,,KM
977,700,800,DT,0,0,SORETRAK,,KM
978,1300,1500,DT,0,0,SORETRAK,,KM
979,800,900,DT,0,0,SORETRAK,,KM
980,700,800,DT,0,0,SORETRAK,,KM
981,800,900,DT,0,0,SORETRAK,,KM
982,900,1000,DT,0,0,SORETRAK,,KM
983,1300,1500,DT,0,0,SORETRAK,,KM
984,1900,2100,DT,0,0,SORETRAK,,KM
985,2300,2600,DT,0,0,SORETRAK,,KM
986,3000,3300,DT,0,0,SORETRAK,,KM
987,3300,3700,DT,0,0,SORETRAK,,KM
988,3800,4200,DT,0,0,SORETRAK,,KM
989,700,800,DT,0,0,SORETRAK,,KM
990,700,800,DT,0,0,SORETRAK,,KM
991,800,900,DT,0,0,SORETRAK,,KM
992,1300,1500,DT,0,0,SORETRAK,,KM
993,1700,1900,DT,0,0,SORETRAK,,KM
994,2500,2800,DT,0,0,SORETRAK,,KM
995,2800,3100,DT,0,0,SORETRAK,,KM
996,3200,3600,DT,0,0,SORETRAK,,KM
997,700,800,DT,0,0,SORETRAK,,KM
998,700,800,DT,0,0,SORETRAK,,KM
999,1200,1400,DT,0,0,SORETRAK,,KM
1000,1500,1700,DT,0,0,SORETRAK,,KM
1001,2300,2600,DT,0,0,SORETRAK,,KM
1002,2600,2900,DT,0,0,SORETRAK,,KM
1003,3000,3300,DT,0,0,SORETRAK,,KM
1004,700,800,DT,0,0,SORETRAK,,KM
1005,1000,1100,DT,0,0,SORETRAK,,KM
1006,1400,1600,DT,0,0,SORETRAK,,KM
1007,2100,2400,DT,0,0,SORETRAK,,KM
1008,2500,2800,DT,0,0,SORETRAK,,KM
1009,2900,3200,DT,0,0,SORETRAK,,KM
1010,700,800,DT,0,0,SORETRAK,,KM
1011,1000,1100,DT,0,0,SORETRAK,,KM
1012,1700,1900,DT,0,0,SORETRAK,,KM
1013,2000,2200,DT,0,0,SORETRAK,,KM
1014,2500,2800,DT,0,0,SORETRAK,,KM
1015,700,800,DT,0,0,SORETRAK,,KM
1016,1200,1400,DT,0,0,SORETRAK,,KM
1017,1500,1700,DT,0,0,SORETRAK,,KM
1018,1900,2100,DT,0,0,SORETRAK,,KM
1019,800,900,DT,0,0,SORETRAK,,KM
1020,1100,1300,DT,0,0,SORETRAK,,KM
1021,1500,1700,DT,0,0,SORETRAK,,KM
1022,700,800,DT,0,0,SORETRAK,,KM
1023,800,900,DT,0,0,SORETRAK,,KM
1024,700,800,DT,0,0,SORETRAK,,KM
1025,700,800,DT,0,0,SORETRAK,,KM
1026,800,900,DT,0,0,SORETRAK,,KM
1027,900,1000,DT,0,0,SORETRAK,,KM
1028,1300,1500,DT,0,0,SORETRAK,,KM
1029,1900,2100,DT,0,0,SORETRAK,,KM
1030,2300,2600,DT,0,0,SORETRAK,,KM
1031,3800,4200,DT,0,0,SORETRAK,,KM
1032,700,800,DT,0,0,SORETRAK,,KM
1033,700,800,DT,0,0,SORETRAK,,KM
1034,800,900,DT,0,0,SORETRAK,,KM
1035,1300,1500,DT,0,0,SORETRAK,,KM
1036,1700,1900,DT,0,0,SORETRAK,,KM
1037,3200,3600,DT,0,0,SORETRAK,,KM
1038,700,800,DT,0,0,SORETRAK,,KM
1039,700,800,DT,0,0,SORETRAK,,KM
1040,1200,1400,DT,0,0,SORETRAK,,KM
1041,1500,1700,DT,0,0,SORETRAK,,KM
1042,3000,3300,DT,0,0,SORETRAK,,KM
1043,700,800,DT,0,0,SORETRAK,,KM
1044,1000,1100,DT,0,0,SORETRAK,,KM
1045,1400,1600,DT,0,0,SORETRAK,,KM
1046,2900,3200,DT,0,0,SORETRAK,,KM
1047,700,800,DT,0,0,SORETRAK,,KM
1048,1000,1100,DT,0,0,SORETRAK,,KM
1049,2500,2800,DT,0,0,SORETRAK,,KM
1050,700,800,DT,0,0,SORETRAK,,KM
1051,1900,2100,DT,0,0,SORETRAK,,KM
1052,1500,1700,DT,0,0,SORETRAK,,KM
1053,700,800,DT,0,0,SORETRAK,,KM
1054,800,900,DT,0,0,SORETRAK,,KM
1055,900,1000,DT,0,0,SORETRAK,,KM
1056,1300,1500,DT,0,0,SORETRAK,,KM
1057,1900,2100,DT,0,0,SORETRAK,,KM
1058,2300,2600,DT,0,0,SORETRAK,,KM
1059,3800,4200,DT,0,0,SORETRAK,,KM
1060,5300,5900,DT,0,0,SORETRAK,,KM
1061,700,800,DT,0,0,SORETRAK,,KM
1062,700,800,DT,0,0,SORETRAK,,KM
1063,800,900,DT,0,0,SORETRAK,,KM
1064,1300,1500,DT,0,0,SORETRAK,,KM
1065,1700,1900,DT,0,0,SORETRAK,,KM
1066,3200,3600,DT,0,0,SORETRAK,,KM
1067,4800,5300,DT,0,0,SORETRAK,,KM
1068,700,800,DT,0,0,SORETRAK,,KM
1069,700,800,DT,0,0,SORETRAK,,KM
1070,1200,1400,DT,0,0,SORETRAK,,KM
1071,1500,1700,DT,0,0,SORETRAK,,KM
1072,3000,3300,DT,0,0,SORETRAK,,KM
1073,4600,5100,DT,0,0,SORETRAK,,KM
1074,700,800,DT,0,0,SORETRAK,,KM
1075,1000,1100,DT,0,0,SORETRAK,,KM
1076,1400,1600,DT,0,0,SORETRAK,,KM
1077,2900,3200,DT,0,0,SORETRAK,,KM
1078,4500,5000,DT,0,0,SORETRAK,,KM
1079,700,800,DT,0,0,SORETRAK,,KM
1080,1000,1100,DT,0,0,SORETRAK,,KM
1081,2500,2800,DT,0,0,SORETRAK,,KM
1082,4000,4400,DT,0,0,SORETRAK,,KM
1083,700,800,DT,0,0,SORETRAK,,KM
1084,1900,2100,DT,0,0,SORETRAK,,KM
1085,3500,3900,DT,0,0,SORETRAK,,KM
1086,1500,1700,DT,0,0,SORETRAK,,KM
1087,3100,3500,DT,0,0,SORETRAK,,KM
1088,1600,1800,DT,0,0,SORETRAK,,KM
1089,700,800,DT,0,0,SORETRAK,,KM
1090,1000,1100,DT,0,0,SORETRAK,,KM
1091,1200,1400,DT,0,0,SORETRAK,,KM
1092,1500,1700,DT,0,0,SORETRAK,,KM
1093,1600,1800,DT,0,0,SORETRAK,,KM
1094,1800,2000,DT,0,0,SORETRAK,,KM
1095,2100,2400,DT,0,0,SORETRAK,,KM
1096,2500,2800,DT,0,0,SORETRAK,,KM
1097,2800,3100,DT,0,0,SORETRAK,,KM
1098,3100,3500,DT,0,0,SORETRAK,,KM
1099,4100,4600,DT,0,0,SORETRAK,,KM
1100,4400,4900,DT,0,0,SORETRAK,,KM
1101,4800,5300,DT,0,0,SORETRAK,,KM
1102,5200,5800,DT,0,0,SORETRAK,,KM
1103,700,800,DT,0,0,SORETRAK,,KM
1104,800,900,DT,0,0,SORETRAK,,KM
1105,1200,1400,DT,0,0,SORETRAK,,KM
1106,1300,1500,DT,0,0,SORETRAK,,KM
1107,1500,1700,DT,0,0,SORETRAK,,KM
1108,1800,2000,DT,0,0,SORETRAK,,KM
1109,2100,2400,DT,0,0,SORETRAK,,KM
1110,2500,2800,DT,0,0,SORETRAK,,KM
1111,2800,3100,DT,0,0,SORETRAK,,KM
1112,3800,4200,DT,0,0,SORETRAK,,KM
1113,4100,4600,DT,0,0,SORETRAK,,KM
1114,4500,5000,DT,0,0,SORETRAK,,KM
1115,4900,5400,DT,0,0,SORETRAK,,KM
1116,700,800,DT,0,0,SORETRAK,,KM
1117,700,800,DT,0,0,SORETRAK,,KM
1118,700,800,DT,0,0,SORETRAK,,KM
1119,800,900,DT,0,0,SORETRAK,,KM
1120,1200,1400,DT,0,0,SORETRAK,,KM
1121,1500,1700,DT,0,0,SORETRAK,,KM
1122,1800,2000,DT,0,0,SORETRAK,,KM
1123,2100,2400,DT,0,0,SORETRAK,,KM
1124,3200,3600,DT,0,0,SORETRAK,,KM
1125,3400,3800,DT,0,0,SORETRAK,,KM
1126,3800,4200,DT,0,0,SORETRAK,,KM
1127,4200,4700,DT,0,0,SORETRAK,,KM
1128,700,800,DT,0,0,SORETRAK,,KM
1129,700,800,DT,0,0,SORETRAK,,KM
1130,700,800,DT,0,0,SORETRAK,,KM
1131,1000,1100,DT,0,0,SORETRAK,,KM
1132,1300,1500,DT,0,0,SORETRAK,,KM
1133,1700,1900,DT,0,0,SORETRAK,,KM
1134,2000,2200,DT,0,0,SORETRAK,,KM
1135,3000,3300,DT,0,0,SORETRAK,,KM
1136,3300,3700,DT,0,0,SORETRAK,,KM
1137,3700,4100,DT,0,0,SORETRAK,,KM
1138,4100,4600,DT,0,0,SORETRAK,,KM
1139,700,800,DT,0,0,SORETRAK,,KM
1140,700,800,DT,0,0,SORETRAK,,KM
1141,700,800,DT,0,0,SORETRAK,,KM
1142,1000,1100,DT,0,0,SORETRAK,,KM
1143,1300,1500,DT,0,0,SORETRAK,,KM
1144,1700,1900,DT,0,0,SORETRAK,,KM
1145,2700,3000,DT,0,0,SORETRAK,,KM
1146,3000,3300,DT,0,0,SORETRAK,,KM
1147,3400,3800,DT,0,0,SORETRAK,,KM
1148,3800,4200,DT,0,0,SORETRAK,,KM
1149,700,800,DT,0,0,SORETRAK,,KM
1150,700,800,DT,0,0,SORETRAK,,KM
1151,900,1000,DT,0,0,SORETRAK,,KM
1152,1200,1400,DT,0,0,SORETRAK,,KM
1153,1500,1700,DT,0,0,SORETRAK,,KM
1154,2600,2900,DT,0,0,SORETRAK,,KM
1155,2800,3100,DT,0,0,SORETRAK,,KM
1156,3200,3600,DT,0,0,SORETRAK,,KM
1157,3600,4000,DT,0,0,SORETRAK,,KM
1158,700,800,DT,0,0,SORETRAK,,KM
1159,700,800,DT,0,0,SORETRAK,,KM
1160,1000,1100,DT,0,0,SORETRAK,,KM
1161,1300,1500,DT,0,0,SORETRAK,,KM
1162,2400,2700,DT,0,0,SORETRAK,,KM
1163,2600,2900,DT,0,0,SORETRAK,,KM
1164,3000,3300,DT,0,0,SORETRAK,,KM
1165,3400,3800,DT,0,0,SORETRAK,,KM
1166,700,800,DT,0,0,SORETRAK,,KM
1167,700,800,DT,0,0,SORETRAK,,KM
1168,1000,1100,DT,0,0,SORETRAK,,KM
1169,2100,2400,DT,0,0,SORETRAK,,KM
1170,2300,2600,DT,0,0,SORETRAK,,KM
1171,2700,3000,DT,0,0,SORETRAK,,KM
1172,3100,3500,DT,0,0,SORETRAK,,KM
1173,700,800,DT,0,0,SORETRAK,,KM
1174,700,800,DT,0,0,SORETRAK,,KM
1175,1700,1900,DT,0,0,SORETRAK,,KM
1176,2000,2200,DT,0,0,SORETRAK,,KM
1177,2400,2700,DT,0,0,SORETRAK,,KM
1178,2800,3100,DT,0,0,SORETRAK,,KM
1179,700,800,DT,0,0,SORETRAK,,KM
1180,1400,1600,DT,0,0,SORETRAK,,KM
1181,1700,1900,DT,0,0,SORETRAK,,KM
1182,2100,2400,DT,0,0,SORETRAK,,KM
1183,2500,2800,DT,0,0,SORETRAK,,KM
1184,1100,1300,DT,0,0,SORETRAK,,KM
1185,1300,1500,DT,0,0,SORETRAK,,KM
1186,1700,1900,DT,0,0,SORETRAK,,KM
1187,2100,2400,DT,0,0,SORETRAK,,KM
1188,700,800,DT,0,0,SORETRAK,,KM
1189,700,800,DT,0,0,SORETRAK,,KM
1190,1100,1300,DT,0,0,SORETRAK,,KM
1191,700,800,DT,0,0,SORETRAK,,KM
1192,800,900,DT,0,0,SORETRAK,,KM
1193,700,800,DT,0,0,SORETRAK,,KM
1194,1100,1300,DT,0,0,SORETRAK,,KM
1195,1500,1700,DT,0,0,SORETRAK,,KM
1196,1700,1900,DT,0,0,SORETRAK,,KM
1197,2600,2900,DT,0,0,SORETRAK,,KM
1198,3000,3300,DT,0,0,SORETRAK,,KM
1199,3400,3800,DT,0,0,SORETRAK,,KM
1200,4200,4700,DT,0,0,SORETRAK,,KM
1201,4700,5200,DT,0,0,SORETRAK,,KM
1202,5100,5700,DT,0,0,SORETRAK,,KM
1203,5600,6200,DT,0,0,SORETRAK,,KM
1204,6200,6900,DT,0,0,SORETRAK,,KM
1205,6600,7300,DT,0,0,SORETRAK,,KM
1206,7000,7700,DT,0,0,SORETRAK,,KM
1207,7500,8300,DT,0,0,SORETRAK,,KM
1208,7900,8700,DT,0,0,SORETRAK,,KM
1209,700,800,DT,0,0,SORETRAK,,KM
1210,700,800,DT,0,0,SORETRAK,,KM
1211,1500,1700,DT,0,0,SORETRAK,,KM
1212,1900,2100,DT,0,0,SORETRAK,,KM
1213,2400,2700,DT,0,0,SORETRAK,,KM
1214,3200,3600,DT,0,0,SORETRAK,,KM
1215,3600,4000,DT,0,0,SORETRAK,,KM
1216,4000,4400,DT,0,0,SORETRAK,,KM
1217,4600,5100,DT,0,0,SORETRAK,,KM
1218,5200,5800,DT,0,0,SORETRAK,,KM
1219,5600,6200,DT,0,0,SORETRAK,,KM
1220,6000,6600,DT,0,0,SORETRAK,,KM
1221,6500,7200,DT,0,0,SORETRAK,,KM
1222,6900,7600,DT,0,0,SORETRAK,,KM
1223,700,800,DT,0,0,SORETRAK,,KM
1224,1100,1300,DT,0,0,SORETRAK,,KM
1225,1500,1700,DT,0,0,SORETRAK,,KM
1226,1900,2100,DT,0,0,SORETRAK,,KM
1227,2700,3000,DT,0,0,SORETRAK,,KM
1228,3200,3600,DT,0,0,SORETRAK,,KM
1229,3600,4000,DT,0,0,SORETRAK,,KM
1230,4100,4600,DT,0,0,SORETRAK,,KM
1231,4700,5200,DT,0,0,SORETRAK,,KM
1232,5100,5700,DT,0,0,SORETRAK,,KM
1233,5500,6100,DT,0,0,SORETRAK,,KM
1234,6000,6600,DT,0,0,SORETRAK,,KM
1235,6400,7100,DT,0,0,SORETRAK,,KM
1236,900,1000,DT,0,0,SORETRAK,,KM
1237,1300,1500,DT,0,0,SORETRAK,,KM
1238,1700,1900,DT,0,0,SORETRAK,,KM
1239,2500,2800,DT,0,0,SORETRAK,,KM
1240,3000,3300,DT,0,0,SORETRAK,,KM
1241,3400,3800,DT,0,0,SORETRAK,,KM
1242,3900,4300,DT,0,0,SORETRAK,,KM
1243,4500,5000,DT,0,0,SORETRAK,,KM
1244,4900,5400,DT,0,0,SORETRAK,,KM
1245,5300,5900,DT,0,0,SORETRAK,,KM
1246,5800,6400,DT,0,0,SORETRAK,,KM
1247,6200,6900,DT,0,0,SORETRAK,,KM
1248,700,800,DT,0,0,SORETRAK,,KM
1249,900,1000,DT,0,0,SORETRAK,,KM
1250,1700,1900,DT,0,0,SORETRAK,,KM
1251,2100,2400,DT,0,0,SORETRAK,,KM
1252,2500,2800,DT,0,0,SORETRAK,,KM
1253,3100,3500,DT,0,0,SORETRAK,,KM
1254,3700,4100,DT,0,0,SORETRAK,,KM
1255,4100,4600,DT,0,0,SORETRAK,,KM
1256,4500,5000,DT,0,0,SORETRAK,,KM
1257,5000,5500,DT,0,0,SORETRAK,,KM
1258,5400,6000,DT,0,0,SORETRAK,,KM
1259,700,800,DT,0,0,SORETRAK,,KM
1260,1300,1500,DT,0,0,SORETRAK,,KM
1261,1700,1900,DT,0,0,SORETRAK,,KM
1262,2100,2400,DT,0,0,SORETRAK,,KM
1263,2700,3000,DT,0,0,SORETRAK,,KM
1264,3300,3700,DT,0,0,SORETRAK,,KM
1265,3700,4100,DT,0,0,SORETRAK,,KM
1266,4100,4600,DT,0,0,SORETRAK,,KM
1267,4600,5100,DT,0,0,SORETRAK,,KM
1268,5000,5500,DT,0,0,SORETRAK,,KM
1269,800,900,DT,0,0,SORETRAK,,KM
1270,1300,1500,DT,0,0,SORETRAK,,KM
1271,1700,1900,DT,0,0,SORETRAK,,KM
1272,2300,2600,DT,0,0,SORETRAK,,KM
1273,2800,3100,DT,0,0,SORETRAK,,KM
1274,3200,3600,DT,0,0,SORETRAK,,KM
1275,3600,4000,DT,0,0,SORETRAK,,KM
1276,4100,4600,DT,0,0,SORETRAK,,KM
1277,4500,5000,DT,0,0,SORETRAK,,KM
1278,700,800,DT,0,0,SORETRAK,,KM
1279,900,1000,DT,0,0,SORETRAK,,KM
1280,1500,1700,DT,0,0,SORETRAK,,KM
1281,2100,2400,DT,0,0,SORETRAK,,KM
1282,2500,2800,DT,0,0,SORETRAK,,KM
1283,2800,3100,DT,0,0,SORETRAK,,KM
1284,3400,3800,DT,0,0,SORETRAK,,KM
1285,3800,4200,DT,0,0,SORETRAK,,KM
1286,700,800,DT,0,0,SORETRAK,,KM
1287,1000,1100,DT,0,0,SORETRAK,,KM
1288,1600,1800,DT,0,0,SORETRAK,,KM
1289,2000,2200,DT,0,0,SORETRAK,,KM
1290,2400,2700,DT,0,0,SORETRAK,,KM
1291,2900,3200,DT,0,0,SORETRAK,,KM
1292,3300,3700,DT,0,0,SORETRAK,,KM
1293,700,800,DT,0,0,SORETRAK,,KM
1294,1200,1400,DT,0,0,SORETRAK,,KM
1295,1600,1800,DT,0,0,SORETRAK,,KM
1296,2000,2200,DT,0,0,SORETRAK,,KM
1297,2500,2800,DT,0,0,SORETRAK,,KM
1298,2900,3200,DT,0,0,SORETRAK,,KM
1299,700,800,DT,0,0,SORETRAK,,KM
1300,1000,1100,DT,0,0,SORETRAK,,KM
1301,1400,1600,DT,0,0,SORETRAK,,KM
1302,1900,2100,DT,0,0,SORETRAK,,KM
1303,2300,2600,DT,0,0,SORETRAK,,KM
1304,700,800,DT,0,0,SORETRAK,,KM
1305,800,900,DT,0,0,SORETRAK,,KM
1306,1300,1500,DT,0,0,SORETRAK,,KM
1307,1700,1900,DT,0,0,SORETRAK,,KM
1308,700,800,DT,0,0,SORETRAK,,KM
1309,1000,1100,DT,0,0,SORETRAK,,KM
1310,1300,1500,DT,0,0,SORETRAK,,KM
1311,700,800,DT,0,0,SORETRAK,,KM
1312,1000,1100,DT,0,0,SORETRAK,,KM
1313,700,800,DT,0,0,SORETRAK,,KM
1314,1000,1100,DT,0,0,SORETRAK,,KM
1315,1600,1800,DT,0,0,SORETRAK,,KM
1316,2100,2400,DT,0,0,SORETRAK,,KM
1317,2400,2700,DT,0,0,SORETRAK,,KM
1318,2600,2900,DT,0,0,SORETRAK,,KM
1319,3200,3600,DT,0,0,SORETRAK,,KM
1320,3400,3800,DT,0,0,SORETRAK,,KM
1321,3800,4200,DT,0,0,SORETRAK,,KM
1322,4100,4600,DT,0,0,SORETRAK,,KM
1323,4300,4800,DT,0,0,SORETRAK,,KM
1324,4800,5300,DT,0,0,SORETRAK,,KM
1325,5400,6000,DT,0,0,SORETRAK,,KM
1326,5600,6200,DT,0,0,SORETRAK,,KM
1327,6000,6600,DT,0,0,SORETRAK,,KM
1328,6300,7000,DT,0,0,SORETRAK,,KM
1329,6900,7600,DT,0,0,SORETRAK,,KM
1330,7700,8500,DT,0,0,SORETRAK,,KM
1331,700,800,DT,0,0,SORETRAK,,KM
1332,1100,1300,DT,0,0,SORETRAK,,KM
1333,1400,1600,DT,0,0,SORETRAK,,KM
1334,1700,1900,DT,0,0,SORETRAK,,KM
1335,2200,2500,DT,0,0,SORETRAK,,KM
1336,2500,2800,DT,0,0,SORETRAK,,KM
1337,2800,3100,DT,0,0,SORETRAK,,KM
1338,3100,3500,DT,0,0,SORETRAK,,KM
1339,3300,3700,DT,0,0,SORETRAK,,KM
1340,3800,4200,DT,0,0,SORETRAK,,KM
1341,4400,4900,DT,0,0,SORETRAK,,KM
1342,4700,5200,DT,0,0,SORETRAK,,KM
1343,5000,5500,DT,0,0,SORETRAK,,KM
1344,5300,5900,DT,0,0,SORETRAK,,KM
1345,5900,6500,DT,0,0,SORETRAK,,KM
1346,6700,7400,DT,0,0,SORETRAK,,KM
1347,700,800,DT,0,0,SORETRAK,,KM
1348,800,900,DT,0,0,SORETRAK,,KM
1349,1100,1300,DT,0,0,SORETRAK,,KM
1350,1600,1800,DT,0,0,SORETRAK,,KM
1351,1900,2100,DT,0,0,SORETRAK,,KM
1352,2200,2500,DT,0,0,SORETRAK,,KM
1353,2500,2800,DT,0,0,SORETRAK,,KM
1354,2700,3000,DT,0,0,SORETRAK,,KM
1355,3200,3600,DT,0,0,SORETRAK,,KM
1356,3800,4200,DT,0,0,SORETRAK,,KM
1357,4100,4600,DT,0,0,SORETRAK,,KM
1358,4400,4900,DT,0,0,SORETRAK,,KM
1359,4700,5200,DT,0,0,SORETRAK,,KM
1360,5300,5900,DT,0,0,SORETRAK,,KM
1361,6100,6800,DT,0,0,SORETRAK,,KM
1362,700,800,DT,0,0,SORETRAK,,KM
1363,700,800,DT,0,0,SORETRAK,,KM
1364,1200,1400,DT,0,0,SORETRAK,,KM
1365,1400,1600,DT,0,0,SORETRAK,,KM
1366,1700,1900,DT,0,0,SORETRAK,,KM
1367,2100,2400,DT,0,0,SORETRAK,,KM
1368,2300,2600,DT,0,0,SORETRAK,,KM
1369,2800,3100,DT,0,0,SORETRAK,,KM
1370,3400,3800,DT,0,0,SORETRAK,,KM
1371,3600,4000,DT,0,0,SORETRAK,,KM
1372,3900,4300,DT,0,0,SORETRAK,,KM
1373,4300,4800,DT,0,0,SORETRAK,,KM
1374,4900,5400,DT,0,0,SORETRAK,,KM
1375,5600,6200,DT,0,0,SORETRAK,,KM
1376,700,800,DT,0,0,SORETRAK,,KM
1377,800,900,DT,0,0,SORETRAK,,KM
1378,1100,1300,DT,0,0,SORETRAK,,KM
1379,1400,1600,DT,0,0,SORETRAK,,KM
1380,1700,1900,DT,0,0,SORETRAK,,KM
1381,1900,2100,DT,0,0,SORETRAK,,KM
1382,2500,2800,DT,0,0,SORETRAK,,KM
1383,3000,3300,DT,0,0,SORETRAK,,KM
1384,3300,3700,DT,0,0,SORETRAK,,KM
1385,3600,4000,DT,0,0,SORETRAK,,KM
1386,3900,4300,DT,0,0,SORETRAK,,KM
1387,4500,5000,DT,0,0,SORETRAK,,KM
1388,5300,5900,DT,0,0,SORETRAK,,KM
1389,700,800,DT,0,0,SORETRAK,,KM
1390,800,900,DT,0,0,SORETRAK,,KM
1391,1200,1400,DT,0,0,SORETRAK,,KM
1392,1500,1700,DT,0,0,SORETRAK,,KM
1393,1700,1900,DT,0,0,SORETRAK,,KM
1394,2200,2500,DT,0,0,SORETRAK,,KM
1395,2800,3100,DT,0,0,SORETRAK,,KM
1396,3000,3300,DT,0,0,SORETRAK,,KM
1397,3400,3800,DT,0,0,SORETRAK,,KM
1398,3700,4100,DT,0,0,SORETRAK,,KM
1399,4300,4800,DT,0,0,SORETRAK,,KM
1400,5100,5700,DT,0,0,SORETRAK,,KM
1401,700,800,DT,0,0,SORETRAK,,KM
1402,700,800,DT,0,0,SORETRAK,,KM
1403,1000,1100,DT,0,0,SORETRAK,,KM
1404,1200,1400,DT,0,0,SORETRAK,,KM
1405,1700,1900,DT,0,0,SORETRAK,,KM
1406,2300,2600,DT,0,0,SORETRAK,,KM
1407,2500,2800,DT,0,0,SORETRAK,,KM
1408,2800,3100,DT,0,0,SORETRAK,,KM
1409,3200,3600,DT,0,0,SORETRAK,,KM
1410,3800,4200,DT,0,0,SORETRAK,,KM
1411,4500,5000,DT,0,0,SORETRAK,,KM
1412,700,800,DT,0,0,SORETRAK,,KM
1413,700,800,DT,0,0,SORETRAK,,KM
1414,900,1000,DT,0,0,SORETRAK,,KM
1415,1400,1600,DT,0,0,SORETRAK,,KM
1416,2000,2200,DT,0,0,SORETRAK,,KM
1417,2300,2600,DT,0,0,SORETRAK,,KM
1418,2600,2900,DT,0,0,SORETRAK,,KM
1419,2900,3200,DT,0,0,SORETRAK,,KM
1420,3500,3900,DT,0,0,SORETRAK,,KM
1421,4300,4800,DT,0,0,SORETRAK,,KM
1422,700,800,DT,0,0,SORETRAK,,KM
1423,700,800,DT,0,0,SORETRAK,,KM
1424,1100,1300,DT,0,0,SORETRAK,,KM
1425,1700,1900,DT,0,0,SORETRAK,,KM
1426,1900,2100,DT,0,0,SORETRAK,,KM
1427,2300,2600,DT,0,0,SORETRAK,,KM
1428,2600,2900,DT,0,0,SORETRAK,,KM
1429,3200,3600,DT,0,0,SORETRAK,,KM
1430,3900,4300,DT,0,0,SORETRAK,,KM
1431,700,800,DT,0,0,SORETRAK,,KM
1432,800,900,DT,0,0,SORETRAK,,KM
1433,1300,1500,DT,0,0,SORETRAK,,KM
1434,1600,1800,DT,0,0,SORETRAK,,KM
1435,1900,2100,DT,0,0,SORETRAK,,KM
1436,2300,2600,DT,0,0,SORETRAK,,KM
1437,2800,3100,DT,0,0,SORETRAK,,KM
1438,3600,4000,DT,0,0,SORETRAK,,KM
1439,700,800,DT,0,0,SORETRAK,,KM
1440,1200,1400,DT,0,0,SORETRAK,,KM
1441,1400,1600,DT,0,0,SORETRAK,,KM
1442,1700,1900,DT,0,0,SORETRAK,,KM
1443,2100,2400,DT,0,0,SORETRAK,,KM
1444,2600,2900,DT,0,0,SORETRAK,,KM
1445,3400,3800,DT,0,0,SORETRAK,,KM
1446,700,800,DT,0,0,SORETRAK,,KM
1447,900,1000,DT,0,0,SORETRAK,,KM
1448,1200,1400,DT,0,0,SORETRAK,,KM
1449,1500,1700,DT,0,0,SORETRAK,,KM
1450,2100,2400,DT,0,0,SORETRAK,,KM
1451,2900,3200,DT,0,0,SORETRAK,,KM
1452,700,800,DT,0,0,SORETRAK,,KM
1453,700,800,DT,0,0,SORETRAK,,KM
1454,1000,1100,DT,0,0,SORETRAK,,KM
1455,1500,1700,DT,0,0,SORETRAK,,KM
1456,2300,2600,DT,0,0,SORETRAK,,KM
1457,700,800,DT,0,0,SORETRAK,,KM
1458,700,800,DT,0,0,SORETRAK,,KM
1459,1300,1500,DT,0,0,SORETRAK,,KM
1460,2100,2400,DT,0,0,SORETRAK,,KM
1461,700,800,DT,0,0,SORETRAK,,KM
1462,1000,1100,DT,0,0,SORETRAK,,KM
1463,1700,1900,DT,0,0,SORETRAK,,KM
1464,700,800,DT,0,0,SORETRAK,,KM
1465,1400,1600,DT,0,0,SORETRAK,,KM
1466,800,900,DT,0,0,SORETRAK,,KM
1467,700,800,DT,0,0,SORETRAK,,KM
1468,1900,2100,DT,0,0,SORETRAK,,KM
1469,4100,4600,DT,0,0,SORETRAK,,KM
1470,4600,5100,DT,0,0,SORETRAK,,KM
1471,4800,5300,DT,0,0,SORETRAK,,KM
1472,4900,5400,DT,0,0,SORETRAK,,KM
1473,5400,6000,DT,0,0,SORETRAK,,KM
1474,5900,6500,DT,0,0,SORETRAK,,KM
1475,6300,7000,DT,0,0,SORETRAK,,KM
1476,7800,8600,DT,0,0,SORETRAK,,KM
1477,9100,10100,DT,0,0,SORETRAK,,KM
1478,1300,1500,DT,0,0,SORETRAK,,KM
1479,3500,3900,DT,0,0,SORETRAK,,KM
1480,4000,4400,DT,0,0,SORETRAK,,KM
1481,4200,4700,DT,0,0,SORETRAK,,KM
1482,4300,4800,DT,0,0,SORETRAK,,KM
1483,4800,5300,DT,0,0,SORETRAK,,KM
1484,5300,5900,DT,0,0,SORETRAK,,KM
1485,5700,6300,DT,0,0,SORETRAK,,KM
1486,7200,8000,DT,0,0,SORETRAK,,KM
1487,8600,9500,DT,0,0,SORETRAK,,KM
1488,2300,2600,DT,0,0,SORETRAK,,KM
1489,2800,3100,DT,0,0,SORETRAK,,KM
1490,3000,3300,DT,0,0,SORETRAK,,KM
1491,3100,3500,DT,0,0,SORETRAK,,KM
1492,3600,4000,DT,0,0,SORETRAK,,KM
1493,4100,4600,DT,0,0,SORETRAK,,KM
1494,4500,5000,DT,0,0,SORETRAK,,KM
1495,6000,6600,DT,0,0,SORETRAK,,KM
1496,7300,8100,DT,0,0,SORETRAK,,KM
1497,700,800,DT,0,0,SORETRAK,,KM
1498,800,900,DT,0,0,SORETRAK,,KM
1499,900,1000,DT,0,0,SORETRAK,,KM
1500,1300,1500,DT,0,0,SORETRAK,,KM
1501,1900,2100,DT,0,0,SORETRAK,,KM
1502,2300,2600,DT,0,0,SORETRAK,,KM
1503,3800,4200,DT,0,0,SORETRAK,,KM
1504,5100,5700,DT,0,0,SORETRAK,,KM
1505,700,800,DT,0,0,SORETRAK,,KM
1506,700,800,DT,0,0,SORETRAK,,KM
1507,800,900,DT,0,0,SORETRAK,,KM
1508,1300,1500,DT,0,0,SORETRAK,,KM
1509,1700,1900,DT,0,0,SORETRAK,,KM
1510,3200,3600,DT,0,0,SORETRAK,,KM
1511,4600,5100,DT,0,0,SORETRAK,,KM
1512,700,800,DT,0,0,SORETRAK,,KM
1513,700,800,DT,0,0,SORETRAK,,KM
1514,1200,1400,DT,0,0,SORETRAK,,KM
1515,1500,1700,DT,0,0,SORETRAK,,KM
1516,3000,3300,DT,0,0,SORETRAK,,KM
1517,4400,4900,DT,0,0,SORETRAK,,KM
1518,700,800,DT,0,0,SORETRAK,,KM
1519,1000,1100,DT,0,0,SORETRAK,,KM
1520,1400,1600,DT,0,0,SORETRAK,,KM
1521,2900,3200,DT,0,0,SORETRAK,,KM
1522,4300,4800,DT,0,0,SORETRAK,,KM
1523,700,800,DT,0,0,SORETRAK,,KM
1524,1000,1100,DT,0,0,SORETRAK,,KM
1525,2500,2800,DT,0,0,SORETRAK,,KM
1526,3800,4200,DT,0,0,SORETRAK,,KM
1527,700,800,DT,0,0,SORETRAK,,KM
1528,1900,2100,DT,0,0,SORETRAK,,KM
1529,3300,3700,DT,0,0,SORETRAK,,KM
1530,1500,1700,DT,0,0,SORETRAK,,KM
1531,2900,3200,DT,0,0,SORETRAK,,KM
1532,1400,1600,DT,0,0,SORETRAK,,KM
1533,1200,1400,DT,0,0,SORETRAK,,KM
1534,1700,1900,DT,0,0,SORETRAK,,KM
1535,2300,2600,DT,0,0,SORETRAK,,KM
1536,2800,3100,DT,0,0,SORETRAK,,KM
1537,3000,3300,DT,0,0,SORETRAK,,KM
1538,3200,3600,DT,0,0,SORETRAK,,KM
1539,3600,4000,DT,0,0,SORETRAK,,KM
1540,4100,4600,DT,0,0,SORETRAK,,KM
1541,4500,5000,DT,0,0,SORETRAK,,KM
1542,6000,6600,DT,0,0,SORETRAK,,KM
1543,7400,8200,DT,0,0,SORETRAK,,KM
1544,700,800,DT,0,0,SORETRAK,,KM
1545,1200,1400,DT,0,0,SORETRAK,,KM
1546,1700,1900,DT,0,0,SORETRAK,,KM
1547,1900,2100,DT,0,0,SORETRAK,,KM
1548,2100,2400,DT,0,0,SORETRAK,,KM
1549,2500,2800,DT,0,0,SORETRAK,,KM
1550,3000,3300,DT,0,0,SORETRAK,,KM
1551,3400,3800,DT,0,0,SORETRAK,,KM
1552,4900,5400,DT,0,0,SORETRAK,,KM
1553,6300,7000,DT,0,0,SORETRAK,,KM
1554,700,800,DT,0,0,SORETRAK,,KM
1555,1200,1400,DT,0,0,SORETRAK,,KM
1556,1400,1600,DT,0,0,SORETRAK,,KM
1557,1500,1700,DT,0,0,SORETRAK,,KM
1558,2000,2200,DT,0,0,SORETRAK,,KM
1559,2500,2800,DT,0,0,SORETRAK,,KM
1560,2900,3200,DT,0,0,SORETRAK,,KM
1561,4400,4900,DT,0,0,SORETRAK,,KM
1562,5800,6400,DT,0,0,SORETRAK,,KM
1563,700,800,DT,0,0,SORETRAK,,KM
1564,800,900,DT,0,0,SORETRAK,,KM
1565,900,1000,DT,0,0,SORETRAK,,KM
1566,1300,1500,DT,0,0,SORETRAK,,KM
1567,1900,2100,DT,0,0,SORETRAK,,KM
1568,2300,2600,DT,0,0,SORETRAK,,KM
1569,3800,4200,DT,0,0,SORETRAK,,KM
1570,5100,5700,DT,0,0,SORETRAK,,KM
1571,700,800,DT,0,0,SORETRAK,,KM
1572,700,800,DT,0,0,SORETRAK,,KM
1573,800,900,DT,0,0,SORETRAK,,KM
1574,1300,1500,DT,0,0,SORETRAK,,KM
1575,1700,1900,DT,0,0,SORETRAK,,KM
1576,3200,3600,DT,0,0,SORETRAK,,KM
1577,4600,5100,DT,0,0,SORETRAK,,KM
1578,700,800,DT,0,0,SORETRAK,,KM
1579,700,800,DT,0,0,SORETRAK,,KM
1580,1200,1400,DT,0,0,SORETRAK,,KM
1581,1500,1700,DT,0,0,SORETRAK,,KM
1582,3000,3300,DT,0,0,SORETRAK,,KM
1583,4400,4900,DT,0,0,SORETRAK,,KM
1584,700,800,DT,0,0,SORETRAK,,KM
1585,1000,1100,DT,0,0,SORETRAK,,KM
1586,1400,1600,DT,0,0,SORETRAK,,KM
1587,2900,3200,DT,0,0,SORETRAK,,KM
1588,4300,4800,DT,0,0,SORETRAK,,KM
1589,700,800,DT,0,0,SORETRAK,,KM
1590,1000,1100,DT,0,0,SORETRAK,,KM
1591,2500,2800,DT,0,0,SORETRAK,,KM
1592,3800,4200,DT,0,0,SORETRAK,,KM
1593,700,800,DT,0,0,SORETRAK,,KM
1594,1900,2100,DT,0,0,SORETRAK,,KM
1595,3300,3700,DT,0,0,SORETRAK,,KM
1596,1500,1700,DT,0,0,SORETRAK,,KM
1597,2900,3200,DT,0,0,SORETRAK,,KM
1598,1400,1600,DT,0,0,SORETRAK,,KM
1599,1100,1300,DT,0,0,SORETRAK,,KM
1600,3000,3300,DT,0,0,SORETRAK,,KM
1601,4600,5100,DT,0,0,SORETRAK,,KM
1602,5100,5700,DT,0,0,SORETRAK,,KM
1603,5300,5900,DT,0,0,SORETRAK,,KM
1604,5400,6000,DT,0,0,SORETRAK,,KM
1605,5900,6500,DT,0,0,SORETRAK,,KM
1606,6400,7100,DT,0,0,SORETRAK,,KM
1607,6800,7500,DT,0,0,SORETRAK,,KM
1608,8300,9200,DT,0,0,SORETRAK,,KM
1609,9700,10700,DT,0,0,SORETRAK,,KM
1610,1900,2100,DT,0,0,SORETRAK,,KM
1611,3600,4000,DT,0,0,SORETRAK,,KM
1612,4100,4600,DT,0,0,SORETRAK,,KM
1613,4300,4800,DT,0,0,SORETRAK,,KM
1614,4400,4900,DT,0,0,SORETRAK,,KM
1615,4900,5400,DT,0,0,SORETRAK,,KM
1616,5400,6000,DT,0,0,SORETRAK,,KM
1617,5800,6400,DT,0,0,SORETRAK,,KM
1618,7300,8100,DT,0,0,SORETRAK,,KM
1619,8600,9500,DT,0,0,SORETRAK,,KM
1620,1700,1900,DT,0,0,SORETRAK,,KM
1621,2200,2500,DT,0,0,SORETRAK,,KM
1622,2400,2700,DT,0,0,SORETRAK,,KM
1623,2500,2800,DT,0,0,SORETRAK,,KM
1624,3000,3300,DT,0,0,SORETRAK,,KM
1625,3500,3900,DT,0,0,SORETRAK,,KM
1626,3900,4300,DT,0,0,SORETRAK,,KM
1627,5400,6000,DT,0,0,SORETRAK,,KM
1628,6700,7400,DT,0,0,SORETRAK,,KM
1629,700,800,DT,0,0,SORETRAK,,KM
1630,800,900,DT,0,0,SORETRAK,,KM
1631,900,1000,DT,0,0,SORETRAK,,KM
1632,1300,1500,DT,0,0,SORETRAK,,KM
1633,1900,2100,DT,0,0,SORETRAK,,KM
1634,2300,2600,DT,0,0,SORETRAK,,KM
1635,3800,4200,DT,0,0,SORETRAK,,KM
1636,5100,5700,DT,0,0,SORETRAK,,KM
1637,700,800,DT,0,0,SORETRAK,,KM
1638,700,800,DT,0,0,SORETRAK,,KM
1639,800,900,DT,0,0,SORETRAK,,KM
1640,1300,1500,DT,0,0,SORETRAK,,KM
1641,1700,1900,DT,0,0,SORETRAK,,KM
1642,3200,3600,DT,0,0,SORETRAK,,KM
1643,4600,5100,DT,0,0,SORETRAK,,KM
1644,700,800,DT,0,0,SORETRAK,,KM
1645,700,800,DT,0,0,SORETRAK,,KM
1646,1200,1400,DT,0,0,SORETRAK,,KM
1647,1500,1700,DT,0,0,SORETRAK,,KM
1648,3000,3300,DT,0,0,SORETRAK,,KM
1649,4400,4900,DT,0,0,SORETRAK,,KM
1650,700,800,DT,0,0,SORETRAK,,KM
1651,1000,1100,DT,0,0,SORETRAK,,KM
1652,1400,1600,DT,0,0,SORETRAK,,KM
1653,2900,3200,DT,0,0,SORETRAK,,KM
1654,4300,4800,DT,0,0,SORETRAK,,KM
1655,700,800,DT,0,0,SORETRAK,,KM
1656,1000,1100,DT,0,0,SORETRAK,,KM
1657,2500,2800,DT,0,0,SORETRAK,,KM
1658,3800,4200,DT,0,0,SORETRAK,,KM
1659,700,800,DT,0,0,SORETRAK,,KM
1660,1900,2100,DT,0,0,SORETRAK,,KM
1661,3300,3700,DT,0,0,SORETRAK,,KM
1662,1500,1700,DT,0,0,SORETRAK,,KM
1663,2900,3200,DT,0,0,SORETRAK,,KM
1664,1400,1600,DT,0,0,SORETRAK,,KM
1665,700,800,DT,0,0,SORETRAK,,KM
1666,2600,2900,DT,0,0,SORETRAK,,KM
1667,3300,3700,DT,0,0,SORETRAK,,KM
1668,3800,4200,DT,0,0,SORETRAK,,KM
1669,4000,4400,DT,0,0,SORETRAK,,KM
1670,4100,4600,DT,0,0,SORETRAK,,KM
1671,4600,5100,DT,0,0,SORETRAK,,KM
1672,5100,5700,DT,0,0,SORETRAK,,KM
1673,5500,6100,DT,0,0,SORETRAK,,KM
1674,7000,7700,DT,0,0,SORETRAK,,KM
1675,8400,9300,DT,0,0,SORETRAK,,KM
1676,2000,2200,DT,0,0,SORETRAK,,KM
1677,2600,2900,DT,0,0,SORETRAK,,KM
1678,3200,3600,DT,0,0,SORETRAK,,KM
1679,3400,3800,DT,0,0,SORETRAK,,KM
1680,3500,3900,DT,0,0,SORETRAK,,KM
1681,3900,4300,DT,0,0,SORETRAK,,KM
1682,4500,5000,DT,0,0,SORETRAK,,KM
1683,4900,5400,DT,0,0,SORETRAK,,KM
1684,6400,7100,DT,0,0,SORETRAK,,KM
1685,7700,8500,DT,0,0,SORETRAK,,KM
1686,700,800,DT,0,0,SORETRAK,,KM
1687,1200,1400,DT,0,0,SORETRAK,,KM
1688,1400,1600,DT,0,0,SORETRAK,,KM
1689,1500,1700,DT,0,0,SORETRAK,,KM
1690,2000,2200,DT,0,0,SORETRAK,,KM
1691,2500,2800,DT,0,0,SORETRAK,,KM
1692,2900,3200,DT,0,0,SORETRAK,,KM
1693,4400,4900,DT,0,0,SORETRAK,,KM
1694,5800,6400,DT,0,0,SORETRAK,,KM
1695,700,800,DT,0,0,SORETRAK,,KM
1696,800,900,DT,0,0,SORETRAK,,KM
1697,900,1000,DT,0,0,SORETRAK,,KM
1698,1300,1500,DT,0,0,SORETRAK,,KM
1699,1900,2100,DT,0,0,SORETRAK,,KM
1700,2300,2600,DT,0,0,SORETRAK,,KM
1701,3800,4200,DT,0,0,SORETRAK,,KM
1702,5100,5700,DT,0,0,SORETRAK,,KM
1703,700,800,DT,0,0,SORETRAK,,KM
1704,700,800,DT,0,0,SORETRAK,,KM
1705,800,900,DT,0,0,SORETRAK,,KM
1706,1300,1500,DT,0,0,SORETRAK,,KM
1707,1700,1900,DT,0,0,SORETRAK,,KM
1708,3200,3600,DT,0,0,SORETRAK,,KM
1709,4600,5100,DT,0,0,SORETRAK,,KM
1710,700,800,DT,0,0,SORETRAK,,KM
1711,700,800,DT,0,0,SORETRAK,,KM
1712,1200,1400,DT,0,0,SORETRAK,,KM
1713,1500,1700,DT,0,0,SORETRAK,,KM
1714,3000,3300,DT,0,0,SORETRAK,,KM
1715,4400,4900,DT,0,0,SORETRAK,,KM
1716,700,800,DT,0,0,SORETRAK,,KM
1717,1000,1100,DT,0,0,SORETRAK,,KM
1718,1400,1600,DT,0,0,SORETRAK,,KM
1719,2900,3200,DT,0,0,SORETRAK,,KM
1720,4300,4800,DT,0,0,SORETRAK,,KM
1721,700,800,DT,0,0,SORETRAK,,KM
1722,1000,1100,DT,0,0,SORETRAK,,KM
1723,2500,2800,DT,0,0,SORETRAK,,KM
1724,3800,4200,DT,0,0,SORETRAK,,KM
1725,700,800,DT,0,0,SORETRAK,,KM
1726,1900,2100,DT,0,0,SORETRAK,,KM
1727,3300,3700,DT,0,0,SORETRAK,,KM
1728,1500,1700,DT,0,0,SORETRAK,,KM
1729,2900,3200,DT,0,0,SORETRAK,,KM
1730,1400,1600,DT,0,0,SORETRAK,,KM
1731,1000,1100,DT,0,0,SORETRAK,,KM
1732,2200,2500,DT,0,0,SORETRAK,,KM
1733,3300,3700,DT,0,0,SORETRAK,,KM
1734,3800,4200,DT,0,0,SORETRAK,,KM
1735,4500,5000,DT,0,0,SORETRAK,,KM
1736,5000,5500,DT,0,0,SORETRAK,,KM
1737,5200,5800,DT,0,0,SORETRAK,,KM
1738,5300,5900,DT,0,0,SORETRAK,,KM
1739,5800,6400,DT,0,0,SORETRAK,,KM
1740,6300,7000,DT,0,0,SORETRAK,,KM
1741,6700,7400,DT,0,0,SORETRAK,,KM
1742,8200,9100,DT,0,0,SORETRAK,,KM
1743,9500,10500,DT,0,0,SORETRAK,,KM
1744,1200,1400,DT,0,0,SORETRAK,,KM
1745,2300,2600,DT,0,0,SORETRAK,,KM
1746,2800,3100,DT,0,0,SORETRAK,,KM
1747,3500,3900,DT,0,0,SORETRAK,,KM
1748,4000,4400,DT,0,0,SORETRAK,,KM
1749,4200,4700,DT,0,0,SORETRAK,,KM
1750,4300,4800,DT,0,0,SORETRAK,,KM
1751,4800,5300,DT,0,0,SORETRAK,,KM
1752,5300,5900,DT,0,0,SORETRAK,,KM
1753,5700,6300,DT,0,0,SORETRAK,,KM
1754,7200,8000,DT,0,0,SORETRAK,,KM
1755,8600,9500,DT,0,0,SORETRAK,,KM
1756,1200,1400,DT,0,0,SORETRAK,,KM
1757,1700,1900,DT,0,0,SORETRAK,,KM
1758,2300,2600,DT,0,0,SORETRAK,,KM
1759,2800,3100,DT,0,0,SORETRAK,,KM
1760,3000,3300,DT,0,0,SORETRAK,,KM
1761,3200,3600,DT,0,0,SORETRAK,,KM
1762,3600,4000,DT,0,0,SORETRAK,,KM
1763,4100,4600,DT,0,0,SORETRAK,,KM
1764,4500,5000,DT,0,0,SORETRAK,,KM
1765,6000,6600,DT,0,0,SORETRAK,,KM
1766,7400,8200,DT,0,0,SORETRAK,,KM
1767,700,800,DT,0,0,SORETRAK,,KM
1768,1200,1400,DT,0,0,SORETRAK,,KM
1769,1700,1900,DT,0,0,SORETRAK,,KM
1770,1900,2100,DT,0,0,SORETRAK,,KM
1771,2100,2400,DT,0,0,SORETRAK,,KM
1772,2500,2800,DT,0,0,SORETRAK,,KM
1773,3000,3300,DT,0,0,SORETRAK,,KM
1774,3400,3800,DT,0,0,SORETRAK,,KM
1775,4900,5400,DT,0,0,SORETRAK,,KM
1776,6300,7000,DT,0,0,SORETRAK,,KM
1777,700,800,DT,0,0,SORETRAK,,KM
1778,1200,1400,DT,0,0,SORETRAK,,KM
1779,1400,1600,DT,0,0,SORETRAK,,KM
1780,1500,1700,DT,0,0,SORETRAK,,KM
1781,2000,2200,DT,0,0,SORETRAK,,KM
1782,2500,2800,DT,0,0,SORETRAK,,KM
1783,2900,3200,DT,0,0,SORETRAK,,KM
1784,4400,4900,DT,0,0,SORETRAK,,KM
1785,5800,6400,DT,0,0,SORETRAK,,KM
1786,700,800,DT,0,0,SORETRAK,,KM
1787,800,900,DT,0,0,SORETRAK,,KM
1788,900,1000,DT,0,0,SORETRAK,,KM
1789,1300,1500,DT,0,0,SORETRAK,,KM
1790,1900,2100,DT,0,0,SORETRAK,,KM
1791,2300,2600,DT,0,0,SORETRAK,,KM
1792,3800,4200,DT,0,0,SORETRAK,,KM
1793,5100,5700,DT,0,0,SORETRAK,,KM
1794,700,800,DT,0,0,SORETRAK,,KM
1795,700,800,DT,0,0,SORETRAK,,KM
1796,800,900,DT,0,0,SORETRAK,,KM
1797,1300,1500,DT,0,0,SORETRAK,,KM
1798,1700,1900,DT,0,0,SORETRAK,,KM
1799,3200,3600,DT,0,0,SORETRAK,,KM
1800,4600,5100,DT,0,0,SORETRAK,,KM
1801,700,800,DT,0,0,SORETRAK,,KM
1802,700,800,DT,0,0,SORETRAK,,KM
1803,1200,1400,DT,0,0,SORETRAK,,KM
1804,1500,1700,DT,0,0,SORETRAK,,KM
1805,3000,3300,DT,0,0,SORETRAK,,KM
1806,4400,4900,DT,0,0,SORETRAK,,KM
1807,700,800,DT,0,0,SORETRAK,,KM
1808,1000,1100,DT,0,0,SORETRAK,,KM
1809,1400,1600,DT,0,0,SORETRAK,,KM
1810,2900,3200,DT,0,0,SORETRAK,,KM
1811,4300,4800,DT,0,0,SORETRAK,,KM
1812,700,800,DT,0,0,SORETRAK,,KM
1813,1000,1100,DT,0,0,SORETRAK,,KM
1814,2500,2800,DT,0,0,SORETRAK,,KM
1815,3800,4200,DT,0,0,SORETRAK,,KM
1816,700,800,DT,0,0,SORETRAK,,KM
1817,1900,2100,DT,0,0,SORETRAK,,KM
1818,3300,3700,DT,0,0,SORETRAK,,KM
1819,1500,1700,DT,0,0,SORETRAK,,KM
1820,2900,3200,DT,0,0,SORETRAK,,KM
1821,1400,1600,DT,0,0,SORETRAK,,KM
1822,1300,1500,DT,0,0,SORETRAK,,KM
1823,1800,2000,DT,0,0,SORETRAK,,KM
1824,2200,2500,DT,0,0,SORETRAK,,KM
1825,3200,3600,DT,0,0,SORETRAK,,KM
1826,4300,4800,DT,0,0,SORETRAK,,KM
1827,4900,5400,DT,0,0,SORETRAK,,KM
1828,5100,5700,DT,0,0,SORETRAK,,KM
1829,5200,5800,DT,0,0,SORETRAK,,KM
1830,5600,6200,DT,0,0,SORETRAK,,KM
1831,6200,6900,DT,0,0,SORETRAK,,KM
1832,6500,7200,DT,0,0,SORETRAK,,KM
1833,8000,8800,DT,0,0,SORETRAK,,KM
1834,9400,10400,DT,0,0,SORETRAK,,KM
1835,700,800,DT,0,0,SORETRAK,,KM
1836,1000,1100,DT,0,0,SORETRAK,,KM
1837,2000,2200,DT,0,0,SORETRAK,,KM
1838,3100,3500,DT,0,0,SORETRAK,,KM
1839,3600,4000,DT,0,0,SORETRAK,,KM
1840,3800,4200,DT,0,0,SORETRAK,,KM
1841,3900,4300,DT,0,0,SORETRAK,,KM
1842,4400,4900,DT,0,0,SORETRAK,,KM
1843,4900,5400,DT,0,0,SORETRAK,,KM
1844,5300,5900,DT,0,0,SORETRAK,,KM
1845,6800,7500,DT,0,0,SORETRAK,,KM
1846,8200,9100,DT,0,0,SORETRAK,,KM
1847,700,800,DT,0,0,SORETRAK,,KM
1848,1500,1700,DT,0,0,SORETRAK,,KM
1849,2600,2900,DT,0,0,SORETRAK,,KM
1850,3100,3500,DT,0,0,SORETRAK,,KM
1851,3300,3700,DT,0,0,SORETRAK,,KM
1852,3400,3800,DT,0,0,SORETRAK,,KM
1853,3900,4300,DT,0,0,SORETRAK,,KM
1854,4400,4900,DT,0,0,SORETRAK,,KM
1855,4800,5300,DT,0,0,SORETRAK,,KM
1856,6300,7000,DT,0,0,SORETRAK,,KM
1857,7700,8500,DT,0,0,SORETRAK,,KM
1858,1100,1300,DT,0,0,SORETRAK,,KM
1859,2200,2500,DT,0,0,SORETRAK,,KM
1860,2700,3000,DT,0,0,SORETRAK,,KM
1861,2900,3200,DT,0,0,SORETRAK,,KM
1862,3000,3300,DT,0,0,SORETRAK,,KM
1863,3500,3900,DT,0,0,SORETRAK,,KM
1864,4000,4400,DT,0,0,SORETRAK,,KM
1865,4400,4900,DT,0,0,SORETRAK,,KM
1866,5900,6500,DT,0,0,SORETRAK,,KM
1867,7300,8100,DT,0,0,SORETRAK,,KM
1868,1200,1400,DT,0,0,SORETRAK,,KM
1869,1700,1900,DT,0,0,SORETRAK,,KM
1870,1900,2100,DT,0,0,SORETRAK,,KM
1871,2000,2200,DT,0,0,SORETRAK,,KM
1872,2500,2800,DT,0,0,SORETRAK,,KM
1873,3000,3300,DT,0,0,SORETRAK,,KM
1874,3400,3800,DT,0,0,SORETRAK,,KM
1875,4900,5400,DT,0,0,SORETRAK,,KM
1876,6200,6900,DT,0,0,SORETRAK,,KM
1877,700,800,DT,0,0,SORETRAK,,KM
1878,800,900,DT,0,0,SORETRAK,,KM
1879,900,1000,DT,0,0,SORETRAK,,KM
1880,1300,1500,DT,0,0,SORETRAK,,KM
1881,1900,2100,DT,0,0,SORETRAK,,KM
1882,2300,2600,DT,0,0,SORETRAK,,KM
1883,3800,4200,DT,0,0,SORETRAK,,KM
1884,5100,5700,DT,0,0,SORETRAK,,KM
1885,700,800,DT,0,0,SORETRAK,,KM
1886,700,800,DT,0,0,SORETRAK,,KM
1887,800,900,DT,0,0,SORETRAK,,KM
1888,1300,1500,DT,0,0,SORETRAK,,KM
1889,1700,1900,DT,0,0,SORETRAK,,KM
1890,3200,3600,DT,0,0,SORETRAK,,KM
1891,4600,5100,DT,0,0,SORETRAK,,KM
1892,700,800,DT,0,0,SORETRAK,,KM
1893,700,800,DT,0,0,SORETRAK,,KM
1894,1200,1400,DT,0,0,SORETRAK,,KM
1895,1500,1700,DT,0,0,SORETRAK,,KM
1896,3000,3300,DT,0,0,SORETRAK,,KM
1897,4400,4900,DT,0,0,SORETRAK,,KM
1898,700,800,DT,0,0,SORETRAK,,KM
1899,1000,1100,DT,0,0,SORETRAK,,KM
1900,1400,1600,DT,0,0,SORETRAK,,KM
1901,2900,3200,DT,0,0,SORETRAK,,KM
1902,4300,4800,DT,0,0,SORETRAK,,KM
1903,700,800,DT,0,0,SORETRAK,,KM
1904,1000,1100,DT,0,0,SORETRAK,,KM
1905,2500,2800,DT,0,0,SORETRAK,,KM
1906,3800,4200,DT,0,0,SORETRAK,,KM
1907,700,800,DT,0,0,SORETRAK,,KM
1908,1900,2100,DT,0,0,SORETRAK,,KM
1909,3300,3700,DT,0,0,SORETRAK,,KM
1910,1500,1700,DT,0,0,SORETRAK,,KM
1911,2900,3200,DT,0,0,SORETRAK,,KM
1912,1400,1600,DT,0,0,SORETRAK,,KM
1913,2500,2800,DT,0,0,SORETRAK,,KM
1914,3000,3300,DT,0,0,SORETRAK,,KM
1915,3400,3800,DT,0,0,SORETRAK,,KM
1916,3700,4100,DT,0,0,SORETRAK,,KM
1917,4100,4600,DT,0,0,SORETRAK,,KM
1918,4700,5200,DT,0,0,SORETRAK,,KM
1919,5300,5900,DT,0,0,SORETRAK,,KM
1920,5500,6100,DT,0,0,SORETRAK,,KM
1921,5800,6400,DT,0,0,SORETRAK,,KM
1922,6200,6900,DT,0,0,SORETRAK,,KM
1923,6400,7100,DT,0,0,SORETRAK,,KM
1924,6500,7200,DT,0,0,SORETRAK,,KM
1925,6900,7600,DT,0,0,SORETRAK,,KM
1926,7200,8000,DT,0,0,SORETRAK,,KM
1927,7500,8300,DT,0,0,SORETRAK,,KM
1928,7700,8500,DT,0,0,SORETRAK,,KM
1929,7900,8700,DT,0,0,SORETRAK,,KM
1930,8200,9100,DT,0,0,SORETRAK,,KM
1931,8500,9400,DT,0,0,SORETRAK,,KM
1932,9100,10100,DT,0,0,SORETRAK,,KM
1933,700,800,DT,0,0,SORETRAK,,KM
1934,900,1000,DT,0,0,SORETRAK,,KM
1935,1200,1400,DT,0,0,SORETRAK,,KM
1936,1700,1900,DT,0,0,SORETRAK,,KM
1937,2200,2500,DT,0,0,SORETRAK,,KM
1938,2800,3100,DT,0,0,SORETRAK,,KM
1939,3000,3300,DT,0,0,SORETRAK,,KM
1940,3300,3700,DT,0,0,SORETRAK,,KM
1941,3700,4100,DT,0,0,SORETRAK,,KM
1942,3900,4300,DT,0,0,SORETRAK,,KM
1943,4100,4600,DT,0,0,SORETRAK,,KM
1944,4500,5000,DT,0,0,SORETRAK,,KM
1945,4700,5200,DT,0,0,SORETRAK,,KM
1946,5000,5500,DT,0,0,SORETRAK,,KM
1947,5200,5800,DT,0,0,SORETRAK,,KM
1948,5400,6000,DT,0,0,SORETRAK,,KM
1949,5700,6300,DT,0,0,SORETRAK,,KM
1950,6000,6600,DT,0,0,SORETRAK,,KM
1951,6600,7300,DT,0,0,SORETRAK,,KM
1952,700,800,DT,0,0,SORETRAK,,KM
1953,700,800,DT,0,0,SORETRAK,,KM
1954,1200,1400,DT,0,0,SORETRAK,,KM
1955,1700,1900,DT,0,0,SORETRAK,,KM
1956,2300,2600,DT,0,0,SORETRAK,,KM
1957,2500,2800,DT,0,0,SORETRAK,,KM
1958,2800,3100,DT,0,0,SORETRAK,,KM
1959,3200,3600,DT,0,0,SORETRAK,,KM
1960,3400,3800,DT,0,0,SORETRAK,,KM
1961,3600,4000,DT,0,0,SORETRAK,,KM
1962,3900,4300,DT,0,0,SORETRAK,,KM
1963,4200,4700,DT,0,0,SORETRAK,,KM
1964,4500,5000,DT,0,0,SORETRAK,,KM
1965,4700,5200,DT,0,0,SORETRAK,,KM
1966,4900,5400,DT,0,0,SORETRAK,,KM
1967,5200,5800,DT,0,0,SORETRAK,,KM
1968,5500,6100,DT,0,0,SORETRAK,,KM
1969,6100,6800,DT,0,0,SORETRAK,,KM
1970,700,800,DT,0,0,SORETRAK,,KM
1971,800,900,DT,0,0,SORETRAK,,KM
1972,1300,1500,DT,0,0,SORETRAK,,KM
1973,2000,2200,DT,0,0,SORETRAK,,KM
1974,2200,2500,DT,0,0,SORETRAK,,KM
1975,2500,2800,DT,0,0,SORETRAK,,KM
1976,2800,3100,DT,0,0,SORETRAK,,KM
1977,3100,3500,DT,0,0,SORETRAK,,KM
1978,3200,3600,DT,0,0,SORETRAK,,KM
1979,3600,4000,DT,0,0,SORETRAK,,KM
1980,3900,4300,DT,0,0,SORETRAK,,KM
1981,4100,4600,DT,0,0,SORETRAK,,KM
1982,4300,4800,DT,0,0,SORETRAK,,KM
1983,4600,5100,DT,0,0,SORETRAK,,KM
1984,4900,5400,DT,0,0,SORETRAK,,KM
1985,5200,5800,DT,0,0,SORETRAK,,KM
1986,5800,6400,DT,0,0,SORETRAK,,KM
1987,700,800,DT,0,0,SORETRAK,,KM
1988,1000,1100,DT,0,0,SORETRAK,,KM
1989,1700,1900,DT,0,0,SORETRAK,,KM
1990,1900,2100,DT,0,0,SORETRAK,,KM
1991,2100,2400,DT,0,0,SORETRAK,,KM
1992,2500,2800,DT,0,0,SORETRAK,,KM
1993,2800,3100,DT,0,0,SORETRAK,,KM
1994,2900,3200,DT,0,0,SORETRAK,,KM
1995,3300,3700,DT,0,0,SORETRAK,,KM
1996,3600,4000,DT,0,0,SORETRAK,,KM
1997,3800,4200,DT,0,0,SORETRAK,,KM
1998,4000,4400,DT,0,0,SORETRAK,,KM
1999,4300,4800,DT,0,0,SORETRAK,,KM
2000,4500,5000,DT,0,0,SORETRAK,,KM
2001,4900,5400,DT,0,0,SORETRAK,,KM
2002,5400,6000,DT,0,0,SORETRAK,,KM
2003,700,800,DT,0,0,SORETRAK,,KM
2004,1200,1400,DT,0,0,SORETRAK,,KM
2005,1400,1600,DT,0,0,SORETRAK,,KM
2006,1700,1900,DT,0,0,SORETRAK,,KM
2007,2100,2400,DT,0,0,SORETRAK,,KM
2008,2300,2600,DT,0,0,SORETRAK,,KM
2009,2500,2800,DT,0,0,SORETRAK,,KM
2010,2800,3100,DT,0,0,SORETRAK,,KM
2011,3100,3500,DT,0,0,SORETRAK,,KM
2012,3400,3800,DT,0,0,SORETRAK,,KM
2013,3600,4000,DT,0,0,SORETRAK,,KM
2014,3800,4200,DT,0,0,SORETRAK,,KM
2015,4100,4600,DT,0,0,SORETRAK,,KM
2016,4400,4900,DT,0,0,SORETRAK,,KM
2017,5000,5500,DT,0,0,SORETRAK,,KM
2018,700,800,DT,0,0,SORETRAK,,KM
2019,900,1000,DT,0,0,SORETRAK,,KM
2020,1200,1400,DT,0,0,SORETRAK,,KM
2021,1500,1700,DT,0,0,SORETRAK,,KM
2022,1800,2000,DT,0,0,SORETRAK,,KM
2023,1900,2100,DT,0,0,SORETRAK,,KM
2024,2300,2600,DT,0,0,SORETRAK,,KM
2025,2600,2900,DT,0,0,SORETRAK,,KM
2026,2800,3100,DT,0,0,SORETRAK,,KM
2027,3000,3300,DT,0,0,SORETRAK,,KM
2028,3300,3700,DT,0,0,SORETRAK,,KM
2029,3600,4000,DT,0,0,SORETRAK,,KM
2030,3900,4300,DT,0,0,SORETRAK,,KM
2031,4500,5000,DT,0,0,SORETRAK,,KM
2032,700,800,DT,0,0,SORETRAK,,KM
2033,700,800,DT,0,0,SORETRAK,,KM
2034,900,1000,DT,0,0,SORETRAK,,KM
2035,1200,1400,DT,0,0,SORETRAK,,KM
2036,1300,1500,DT,0,0,SORETRAK,,KM
2037,1700,1900,DT,0,0,SORETRAK,,KM
2038,1900,2100,DT,0,0,SORETRAK,,KM
2039,2200,2500,DT,0,0,SORETRAK,,KM
2040,2400,2700,DT,0,0,SORETRAK,,KM
2041,2600,2900,DT,0,0,SORETRAK,,KM
2042,2900,3200,DT,0,0,SORETRAK,,KM
2043,3200,3600,DT,0,0,SORETRAK,,KM
2044,3800,4200,DT,0,0,SORETRAK,,KM
2045,700,800,DT,0,0,SORETRAK,,KM
2046,700,800,DT,0,0,SORETRAK,,KM
2047,1000,1100,DT,0,0,SORETRAK,,KM
2048,1100,1300,DT,0,0,SORETRAK,,KM
2049,1500,1700,DT,0,0,SORETRAK,,KM
2050,1700,1900,DT,0,0,SORETRAK,,KM
2051,2000,2200,DT,0,0,SORETRAK,,KM
2052,2200,2500,DT,0,0,SORETRAK,,KM
2053,2500,2800,DT,0,0,SORETRAK,,KM
2054,2700,3000,DT,0,0,SORETRAK,,KM
2055,3000,3300,DT,0,0,SORETRAK,,KM
2056,3600,4000,DT,0,0,SORETRAK,,KM
2057,700,800,DT,0,0,SORETRAK,,KM
2058,700,800,DT,0,0,SORETRAK,,KM
2059,800,900,DT,0,0,SORETRAK,,KM
2060,1200,1400,DT,0,0,SORETRAK,,KM
2061,1500,1700,DT,0,0,SORETRAK,,KM
2062,1700,1900,DT,0,0,SORETRAK,,KM
2063,1900,2100,DT,0,0,SORETRAK,,KM
2064,2200,2500,DT,0,0,SORETRAK,,KM
2065,2500,2800,DT,0,0,SORETRAK,,KM
2066,2800,3100,DT,0,0,SORETRAK,,KM
2067,3400,3800,DT,0,0,SORETRAK,,KM
2068,700,800,DT,0,0,SORETRAK,,KM
2069,700,800,DT,0,0,SORETRAK,,KM
2070,800,900,DT,0,0,SORETRAK,,KM
2071,1100,1300,DT,0,0,SORETRAK,,KM
2072,1300,1500,DT,0,0,SORETRAK,,KM
2073,1500,1700,DT,0,0,SORETRAK,,KM
2074,1800,2000,DT,0,0,SORETRAK,,KM
2075,2100,2400,DT,0,0,SORETRAK,,KM
2076,2400,2700,DT,0,0,SORETRAK,,KM
2077,3000,3300,DT,0,0,SORETRAK,,KM
2078,700,800,DT,0,0,SORETRAK,,KM
2079,700,800,DT,0,0,SORETRAK,,KM
2080,800,900,DT,0,0,SORETRAK,,KM
2081,1100,1300,DT,0,0,SORETRAK,,KM
2082,1300,1500,DT,0,0,SORETRAK,,KM
2083,1500,1700,DT,0,0,SORETRAK,,KM
2084,1800,2000,DT,0,0,SORETRAK,,KM
2085,2100,2400,DT,0,0,SORETRAK,,KM
2086,2700,3000,DT,0,0,SORETRAK,,KM
2087,700,800,DT,0,0,SORETRAK,,KM
2088,700,800,DT,0,0,SORETRAK,,KM
2089,1000,1100,DT,0,0,SORETRAK,,KM
2090,1200,1400,DT,0,0,SORETRAK,,KM
2091,1400,1600,DT,0,0,SORETRAK,,KM
2092,1700,1900,DT,0,0,SORETRAK,,KM
2093,2000,2200,DT,0,0,SORETRAK,,KM
2094,2600,2900,DT,0,0,SORETRAK,,KM
2095,700,800,DT,0,0,SORETRAK,,KM
2096,700,800,DT,0,0,SORETRAK,,KM
2097,800,900,DT,0,0,SORETRAK,,KM
2098,1000,1100,DT,0,0,SORETRAK,,KM
2099,1300,1500,DT,0,0,SORETRAK,,KM
2100,1600,1800,DT,0,0,SORETRAK,,KM
2101,2200,2500,DT,0,0,SORETRAK,,KM
2102,700,800,DT,0,0,SORETRAK,,KM
2103,700,800,DT,0,0,SORETRAK,,KM
2104,800,900,DT,0,0,SORETRAK,,KM
2105,1000,1100,DT,0,0,SORETRAK,,KM
2106,1300,1500,DT,0,0,SORETRAK,,KM
2107,1900,2100,DT,0,0,SORETRAK,,KM
2108,700,800,DT,0,0,SORETRAK,,KM
2109,700,800,DT,0,0,SORETRAK,,KM
2110,800,900,DT,0,0,SORETRAK,,KM
2111,1100,1300,DT,0,0,SORETRAK,,KM
2112,1700,1900,DT,0,0,SORETRAK,,KM
2113,700,800,DT,0,0,SORETRAK,,KM
2114,700,800,DT,0,0,SORETRAK,,KM
2115,900,1000,DT,0,0,SORETRAK,,KM
2116,1500,1700,DT,0,0,SORETRAK,,KM
2117,700,800,DT,0,0,SORETRAK,,KM
2118,700,800,DT,0,0,SORETRAK,,KM
2119,1200,1400,DT,0,0,SORETRAK,,KM
2120,700,800,DT,0,0,SORETRAK,,KM
2121,1000,1100,DT,0,0,SORETRAK,,KM
2122,700,800,DT,0,0,SORETRAK,,KM
2123,1200,1400,DT,0,0,SORETRAK,,KM
2124,1700,1900,DT,0,0,SORETRAK,,KM
2125,2300,2600,DT,0,0,SORETRAK,,KM
2126,2800,3100,DT,0,0,SORETRAK,,KM
2127,3000,3300,DT,0,0,SORETRAK,,KM
2128,3200,3600,DT,0,0,SORETRAK,,KM
2129,3600,4000,DT,0,0,SORETRAK,,KM
2130,4100,4600,DT,0,0,SORETRAK,,KM
2131,4500,5000,DT,0,0,SORETRAK,,KM
2132,5200,5800,DT,0,0,SORETRAK,,KM
2133,5600,6200,DT,0,0,SORETRAK,,KM
2134,6000,6600,DT,0,0,SORETRAK,,KM
2135,700,800,DT,0,0,SORETRAK,,KM
2136,1200,1400,DT,0,0,SORETRAK,,KM
2137,1700,1900,DT,0,0,SORETRAK,,KM
2138,1900,2100,DT,0,0,SORETRAK,,KM
2139,2100,2400,DT,0,0,SORETRAK,,KM
2140,2500,2800,DT,0,0,SORETRAK,,KM
2141,3000,3300,DT,0,0,SORETRAK,,KM
2142,3400,3800,DT,0,0,SORETRAK,,KM
2143,4100,4600,DT,0,0,SORETRAK,,KM
2144,4500,5000,DT,0,0,SORETRAK,,KM
2145,4900,5400,DT,0,0,SORETRAK,,KM
2146,700,800,DT,0,0,SORETRAK,,KM
2147,1200,1400,DT,0,0,SORETRAK,,KM
2148,1400,1600,DT,0,0,SORETRAK,,KM
2149,1500,1700,DT,0,0,SORETRAK,,KM
2150,2000,2200,DT,0,0,SORETRAK,,KM
2151,2500,2800,DT,0,0,SORETRAK,,KM
2152,2900,3200,DT,0,0,SORETRAK,,KM
2153,3600,4000,DT,0,0,SORETRAK,,KM
2154,3900,4300,DT,0,0,SORETRAK,,KM
2155,4400,4900,DT,0,0,SORETRAK,,KM
2156,700,800,DT,0,0,SORETRAK,,KM
2157,800,900,DT,0,0,SORETRAK,,KM
2158,900,1000,DT,0,0,SORETRAK,,KM
2159,1300,1500,DT,0,0,SORETRAK,,KM
2160,1900,2100,DT,0,0,SORETRAK,,KM
2161,2300,2600,DT,0,0,SORETRAK,,KM
2162,3000,3300,DT,0,0,SORETRAK,,KM
2163,3300,3700,DT,0,0,SORETRAK,,KM
2164,3800,4200,DT,0,0,SORETRAK,,KM
2165,700,800,DT,0,0,SORETRAK,,KM
2166,700,800,DT,0,0,SORETRAK,,KM
2167,800,900,DT,0,0,SORETRAK,,KM
2168,1300,1500,DT,0,0,SORETRAK,,KM
2169,1700,1900,DT,0,0,SORETRAK,,KM
2170,2500,2800,DT,0,0,SORETRAK,,KM
2171,2800,3100,DT,0,0,SORETRAK,,KM
2172,3200,3600,DT,0,0,SORETRAK,,KM
2173,700,800,DT,0,0,SORETRAK,,KM
2174,700,800,DT,0,0,SORETRAK,,KM
2175,1200,1400,DT,0,0,SORETRAK,,KM
2176,1500,1700,DT,0,0,SORETRAK,,KM
2177,2300,2600,DT,0,0,SORETRAK,,KM
2178,2600,2900,DT,0,0,SORETRAK,,KM
2179,3000,3300,DT,0,0,SORETRAK,,KM
2180,700,800,DT,0,0,SORETRAK,,KM
2181,1000,1100,DT,0,0,SORETRAK,,KM
2182,1400,1600,DT,0,0,SORETRAK,,KM
2183,2100,2400,DT,0,0,SORETRAK,,KM
2184,2500,2800,DT,0,0,SORETRAK,,KM
2185,2900,3200,DT,0,0,SORETRAK,,KM
2186,700,800,DT,0,0,SORETRAK,,KM
2187,1000,1100,DT,0,0,SORETRAK,,KM
2188,1700,1900,DT,0,0,SORETRAK,,KM
2189,2000,2200,DT,0,0,SORETRAK,,KM
2190,2500,2800,DT,0,0,SORETRAK,,KM
2191,700,800,DT,0,0,SORETRAK,,KM
2192,1200,1400,DT,0,0,SORETRAK,,KM
2193,1500,1700,DT,0,0,SORETRAK,,KM
2194,1900,2100,DT,0,0,SORETRAK,,KM
2195,800,900,DT,0,0,SORETRAK,,KM
2196,1100,1300,DT,0,0,SORETRAK,,KM
2197,1500,1700,DT,0,0,SORETRAK,,KM
2198,700,800,DT,0,0,SORETRAK,,KM
2199,800,900,DT,0,0,SORETRAK,,KM
2200,700,800,DT,0,0,SORETRAK,,KM
2201,700,800,DT,0,0,SORETRAK,,KM
2202,1000,1100,DT,0,0,SORETRAK,,KM
2203,1200,1400,DT,0,0,SORETRAK,,KM
2204,1700,1900,DT,0,0,SORETRAK,,KM
2205,2200,2500,DT,0,0,SORETRAK,,KM
2206,2400,2700,DT,0,0,SORETRAK,,KM
2207,2700,3000,DT,0,0,SORETRAK,,KM
2208,3000,3300,DT,0,0,SORETRAK,,KM
2209,3300,3700,DT,0,0,SORETRAK,,KM
2210,3400,3800,DT,0,0,SORETRAK,,KM
2211,3900,4300,DT,0,0,SORETRAK,,KM
2212,4100,4600,DT,0,0,SORETRAK,,KM
2213,4400,4900,DT,0,0,SORETRAK,,KM
2214,4700,5200,DT,0,0,SORETRAK,,KM
2215,5100,5700,DT,0,0,SORETRAK,,KM
2216,5500,6100,DT,0,0,SORETRAK,,KM
2217,5800,6400,DT,0,0,SORETRAK,,KM
2218,6100,6800,DT,0,0,SORETRAK,,KM
2219,6500,7200,DT,0,0,SORETRAK,,KM
2220,7600,8400,DT,0,0,SORETRAK,,KM
2221,700,800,DT,0,0,SORETRAK,,KM
2222,900,1000,DT,0,0,SORETRAK,,KM
2223,1400,1600,DT,0,0,SORETRAK,,KM
2224,1900,2100,DT,0,0,SORETRAK,,KM
2225,2100,2400,DT,0,0,SORETRAK,,KM
2226,2400,2700,DT,0,0,SORETRAK,,KM
2227,2600,2900,DT,0,0,SORETRAK,,KM
2228,3000,3300,DT,0,0,SORETRAK,,KM
2229,3100,3500,DT,0,0,SORETRAK,,KM
2230,3600,4000,DT,0,0,SORETRAK,,KM
2231,3800,4200,DT,0,0,SORETRAK,,KM
2232,4100,4600,DT,0,0,SORETRAK,,KM
2233,4300,4800,DT,0,0,SORETRAK,,KM
2234,4700,5200,DT,0,0,SORETRAK,,KM
2235,5200,5800,DT,0,0,SORETRAK,,KM
2236,5500,6100,DT,0,0,SORETRAK,,KM
2237,5800,6400,DT,0,0,SORETRAK,,KM
2238,6200,6900,DT,0,0,SORETRAK,,KM
2239,7300,8100,DT,0,0,SORETRAK,,KM
2240,700,800,DT,0,0,SORETRAK,,KM
2241,800,900,DT,0,0,SORETRAK,,KM
2242,1300,1500,DT,0,0,SORETRAK,,KM
2243,1500,1700,DT,0,0,SORETRAK,,KM
2244,1800,2000,DT,0,0,SORETRAK,,KM
2245,2100,2400,DT,0,0,SORETRAK,,KM
2246,2400,2700,DT,0,0,SORETRAK,,KM
2247,2500,2800,DT,0,0,SORETRAK,,KM
2248,3000,3300,DT,0,0,SORETRAK,,KM
2249,3200,3600,DT,0,0,SORETRAK,,KM
2250,3500,3900,DT,0,0,SORETRAK,,KM
2251,3800,4200,DT,0,0,SORETRAK,,KM
2252,4100,4600,DT,0,0,SORETRAK,,KM
2253,4600,5100,DT,0,0,SORETRAK,,KM
2254,4900,5400,DT,0,0,SORETRAK,,KM
2255,5200,5800,DT,0,0,SORETRAK,,KM
2256,5600,6200,DT,0,0,SORETRAK,,KM
2257,6700,7400,DT,0,0,SORETRAK,,KM
2258,700,800,DT,0,0,SORETRAK,,KM
2259,1000,1100,DT,0,0,SORETRAK,,KM
2260,1200,1400,DT,0,0,SORETRAK,,KM
2261,1500,1700,DT,0,0,SORETRAK,,KM
2262,1800,2000,DT,0,0,SORETRAK,,KM
2263,2100,2400,DT,0,0,SORETRAK,,KM
2264,2300,2600,DT,0,0,SORETRAK,,KM
2265,2700,3000,DT,0,0,SORETRAK,,KM
2266,3000,3300,DT,0,0,SORETRAK,,KM
2267,3200,3600,DT,0,0,SORETRAK,,KM
2268,3500,3900,DT,0,0,SORETRAK,,KM
2269,3900,4300,DT,0,0,SORETRAK,,KM
2270,4300,4800,DT,0,0,SORETRAK,,KM
2271,4700,5200,DT,0,0,SORETRAK,,KM
2272,4900,5400,DT,0,0,SORETRAK,,KM
2273,5300,5900,DT,0,0,SORETRAK,,KM
2274,6400,7100,DT,0,0,SORETRAK,,KM
2275,700,800,DT,0,0,SORETRAK,,KM
2276,700,800,DT,0,0,SORETRAK,,KM
2277,1000,1100,DT,0,0,SORETRAK,,KM
2278,1300,1500,DT,0,0,SORETRAK,,KM
2279,1600,1800,DT,0,0,SORETRAK,,KM
2280,1700,1900,DT,0,0,SORETRAK,,KM
2281,2200,2500,DT,0,0,SORETRAK,,KM
2282,2500,2800,DT,0,0,SORETRAK,,KM
2283,2700,3000,DT,0,0,SORETRAK,,KM
2284,3000,3300,DT,0,0,SORETRAK,,KM
2285,3400,3800,DT,0,0,SORETRAK,,KM
2286,3800,4200,DT,0,0,SORETRAK,,KM
2287,4100,4600,DT,0,0,SORETRAK,,KM
2288,4400,4900,DT,0,0,SORETRAK,,KM
2289,4800,5300,DT,0,0,SORETRAK,,KM
2290,5900,6500,DT,0,0,SORETRAK,,KM
2291,700,800,DT,0,0,SORETRAK,,KM
2292,700,800,DT,0,0,SORETRAK,,KM
2293,800,900,DT,0,0,SORETRAK,,KM
2294,1200,1400,DT,0,0,SORETRAK,,KM
2295,1300,1500,DT,0,0,SORETRAK,,KM
2296,1700,1900,DT,0,0,SORETRAK,,KM
2297,2000,2200,DT,0,0,SORETRAK,,KM
2298,2300,2600,DT,0,0,SORETRAK,,KM
2299,2500,2800,DT,0,0,SORETRAK,,KM
2300,2900,3200,DT,0,0,SORETRAK,,KM
2301,3400,3800,DT,0,0,SORETRAK,,KM
2302,3700,4100,DT,0,0,SORETRAK,,KM
2303,3900,4300,DT,0,0,SORETRAK,,KM
2304,4300,4800,DT,0,0,SORETRAK,,KM
2305,5400,6000,DT,0,0,SORETRAK,,KM
2306,700,800,DT,0,0,SORETRAK,,KM
2307,700,800,DT,0,0,SORETRAK,,KM
2308,1000,1100,DT,0,0,SORETRAK,,KM
2309,1100,1300,DT,0,0,SORETRAK,,KM
2310,1500,1700,DT,0,0,SORETRAK,,KM
2311,1800,2000,DT,0,0,SORETRAK,,KM
2312,2100,2400,DT,0,0,SORETRAK,,KM
2313,2300,2600,DT,0,0,SORETRAK,,KM
2314,2700,3000,DT,0,0,SORETRAK,,KM
2315,3200,3600,DT,0,0,SORETRAK,,KM
2316,3500,3900,DT,0,0,SORETRAK,,KM
2317,3800,4200,DT,0,0,SORETRAK,,KM
2318,4100,4600,DT,0,0,SORETRAK,,KM
2319,5200,5800,DT,0,0,SORETRAK,,KM
2320,700,800,DT,0,0,SORETRAK,,KM
2321,700,800,DT,0,0,SORETRAK,,KM
2322,800,900,DT,0,0,SORETRAK,,KM
2323,1200,1400,DT,0,0,SORETRAK,,KM
2324,1500,1700,DT,0,0,SORETRAK,,KM
2325,1700,1900,DT,0,0,SORETRAK,,KM
2326,2000,2200,DT,0,0,SORETRAK,,KM
2327,2400,2700,DT,0,0,SORETRAK,,KM
2328,2800,3100,DT,0,0,SORETRAK,,KM
2329,3200,3600,DT,0,0,SORETRAK,,KM
2330,3400,3800,DT,0,0,SORETRAK,,KM
2331,3800,4200,DT,0,0,SORETRAK,,KM
2332,4900,5400,DT,0,0,SORETRAK,,KM
2333,700,800,DT,0,0,SORETRAK,,KM
2334,700,800,DT,0,0,SORETRAK,,KM
2335,1000,1100,DT,0,0,SORETRAK,,KM
2336,1200,1400,DT,0,0,SORETRAK,,KM
2337,1500,1700,DT,0,0,SORETRAK,,KM
2338,1700,1900,DT,0,0,SORETRAK,,KM
2339,2100,2400,DT,0,0,SORETRAK,,KM
2340,2600,2900,DT,0,0,SORETRAK,,KM
2341,2900,3200,DT,0,0,SORETRAK,,KM
2342,3200,3600,DT,0,0,SORETRAK,,KM
2343,3600,4000,DT,0,0,SORETRAK,,KM
2344,4700,5200,DT,0,0,SORETRAK,,KM
2345,700,800,DT,0,0,SORETRAK,,KM
2346,700,800,DT,0,0,SORETRAK,,KM
2347,900,1000,DT,0,0,SORETRAK,,KM
2348,1200,1400,DT,0,0,SORETRAK,,KM
2349,1400,1600,DT,0,0,SORETRAK,,KM
2350,1800,2000,DT,0,0,SORETRAK,,KM
2351,2300,2600,DT,0,0,SORETRAK,,KM
2352,2600,2900,DT,0,0,SORETRAK,,KM
2353,2800,3100,DT,0,0,SORETRAK,,KM
2354,3200,3600,DT,0,0,SORETRAK,,KM
2355,4300,4800,DT,0,0,SORETRAK,,KM
2356,700,800,DT,0,0,SORETRAK,,KM
2357,800,900,DT,0,0,SORETRAK,,KM
2358,1000,1100,DT,0,0,SORETRAK,,KM
2359,1300,1500,DT,0,0,SORETRAK,,KM
2360,1700,1900,DT,0,0,SORETRAK,,KM
2361,2100,2400,DT,0,0,SORETRAK,,KM
2362,2500,2800,DT,0,0,SORETRAK,,KM
2363,2700,3000,DT,0,0,SORETRAK,,KM
2364,3100,3500,DT,0,0,SORETRAK,,KM
2365,4200,4700,DT,0,0,SORETRAK,,KM
2366,700,800,DT,0,0,SORETRAK,,KM
2367,700,800,DT,0,0,SORETRAK,,KM
2368,800,900,DT,0,0,SORETRAK,,KM
2369,1200,1400,DT,0,0,SORETRAK,,KM
2370,1700,1900,DT,0,0,SORETRAK,,KM
2371,2000,2200,DT,0,0,SORETRAK,,KM
2372,2300,2600,DT,0,0,SORETRAK,,KM
2373,2600,2900,DT,0,0,SORETRAK,,KM
2374,3800,4200,DT,0,0,SORETRAK,,KM
2375,700,800,DT,0,0,SORETRAK,,KM
2376,700,800,DT,0,0,SORETRAK,,KM
2377,1000,1100,DT,0,0,SORETRAK,,KM
2378,1400,1600,DT,0,0,SORETRAK,,KM
2379,1700,1900,DT,0,0,SORETRAK,,KM
2380,2000,2200,DT,0,0,SORETRAK,,KM
2381,2400,2700,DT,0,0,SORETRAK,,KM
2382,3500,3900,DT,0,0,SORETRAK,,KM
2383,700,800,DT,0,0,SORETRAK,,KM
2384,700,800,DT,0,0,SORETRAK,,KM
2385,1200,1400,DT,0,0,SORETRAK,,KM
2386,1500,1700,DT,0,0,SORETRAK,,KM
2387,1700,1900,DT,0,0,SORETRAK,,KM
2388,2100,2400,DT,0,0,SORETRAK,,KM
2389,3200,3600,DT,0,0,SORETRAK,,KM
2390,700,800,DT,0,0,SORETRAK,,KM
2391,900,1000,DT,0,0,SORETRAK,,KM
2392,1200,1400,DT,0,0,SORETRAK,,KM
2393,1500,1700,DT,0,0,SORETRAK,,KM
2394,1900,2100,DT,0,0,SORETRAK,,KM
2395,3000,3300,DT,0,0,SORETRAK,,KM
2396,700,800,DT,0,0,SORETRAK,,KM
2397,800,900,DT,0,0,SORETRAK,,KM
2398,1100,1300,DT,0,0,SORETRAK,,KM
2399,1500,1700,DT,0,0,SORETRAK,,KM
2400,2600,2900,DT,0,0,SORETRAK,,KM
2401,700,800,DT,0,0,SORETRAK,,KM
2402,700,800,DT,0,0,SORETRAK,,KM
2403,1000,1100,DT,0,0,SORETRAK,,KM
2404,2100,2400,DT,0,0,SORETRAK,,KM
2405,700,800,DT,0,0,SORETRAK,,KM
2406,700,800,DT,0,0,SORETRAK,,KM
2407,1800,2000,DT,0,0,SORETRAK,,KM
2408,700,800,DT,0,0,SORETRAK,,KM
2409,1500,1700,DT,0,0,SORETRAK,,KM
2410,1200,1400,DT,0,0,SORETRAK,,KM
2411,800,900,DT,0,0,SORETRAK,,KM
2412,1100,1300,DT,0,0,SORETRAK,,KM
2413,1700,1900,DT,0,0,SORETRAK,,KM
2414,2000,2200,DT,0,0,SORETRAK,,KM
2415,2300,2600,DT,0,0,SORETRAK,,KM
2416,2500,2800,DT,0,0,SORETRAK,,KM
2417,2800,3100,DT,0,0,SORETRAK,,KM
2418,3200,3600,DT,0,0,SORETRAK,,KM
2419,3600,4000,DT,0,0,SORETRAK,,KM
2420,4300,4800,DT,0,0,SORETRAK,,KM
2421,4900,5400,DT,0,0,SORETRAK,,KM
2422,5200,5800,DT,0,0,SORETRAK,,KM
2423,5500,6100,DT,0,0,SORETRAK,,KM
2424,6100,6800,DT,0,0,SORETRAK,,KM
2425,6400,7100,DT,0,0,SORETRAK,,KM
2426,7300,8100,DT,0,0,SORETRAK,,KM
2427,700,800,DT,0,0,SORETRAK,,KM
2428,1000,1100,DT,0,0,SORETRAK,,KM
2429,1300,1500,DT,0,0,SORETRAK,,KM
2430,1500,1700,DT,0,0,SORETRAK,,KM
2431,1700,1900,DT,0,0,SORETRAK,,KM
2432,2100,2400,DT,0,0,SORETRAK,,KM
2433,2500,2800,DT,0,0,SORETRAK,,KM
2434,2800,3100,DT,0,0,SORETRAK,,KM
2435,3600,4000,DT,0,0,SORETRAK,,KM
2436,4200,4700,DT,0,0,SORETRAK,,KM
2437,4500,5000,DT,0,0,SORETRAK,,KM
2438,4800,5300,DT,0,0,SORETRAK,,KM
2439,5400,6000,DT,0,0,SORETRAK,,KM
2440,5700,6300,DT,0,0,SORETRAK,,KM
2441,6600,7300,DT,0,0,SORETRAK,,KM
2442,700,800,DT,0,0,SORETRAK,,KM
2443,1000,1100,DT,0,0,SORETRAK,,KM
2444,1200,1400,DT,0,0,SORETRAK,,KM
2445,1400,1600,DT,0,0,SORETRAK,,KM
2446,1800,2000,DT,0,0,SORETRAK,,KM
2447,2100,2400,DT,0,0,SORETRAK,,KM
2448,2500,2800,DT,0,0,SORETRAK,,KM
2449,3300,3700,DT,0,0,SORETRAK,,KM
2450,3900,4300,DT,0,0,SORETRAK,,KM
2451,4100,4600,DT,0,0,SORETRAK,,KM
2452,4500,5000,DT,0,0,SORETRAK,,KM
2453,5100,5700,DT,0,0,SORETRAK,,KM
2454,5400,6000,DT,0,0,SORETRAK,,KM
2455,6300,7000,DT,0,0,SORETRAK,,KM
2456,700,800,DT,0,0,SORETRAK,,KM
2457,700,800,DT,0,0,SORETRAK,,KM
2458,800,900,DT,0,0,SORETRAK,,KM
2459,1200,1400,DT,0,0,SORETRAK,,KM
2460,1500,1700,DT,0,0,SORETRAK,,KM
2461,1900,2100,DT,0,0,SORETRAK,,KM
2462,2700,3000,DT,0,0,SORETRAK,,KM
2463,3300,3700,DT,0,0,SORETRAK,,KM
2464,3600,4000,DT,0,0,SORETRAK,,KM
2465,3900,4300,DT,0,0,SORETRAK,,KM
2466,4500,5000,DT,0,0,SORETRAK,,KM
2467,4800,5300,DT,0,0,SORETRAK,,KM
2468,5700,6300,DT,0,0,SORETRAK,,KM
2469,700,800,DT,0,0,SORETRAK,,KM
2470,700,800,DT,0,0,SORETRAK,,KM
2471,900,1000,DT,0,0,SORETRAK,,KM
2472,1200,1400,DT,0,0,SORETRAK,,KM
2473,1600,1800,DT,0,0,SORETRAK,,KM
2474,2400,2700,DT,0,0,SORETRAK,,KM
2475,3000,3300,DT,0,0,SORETRAK,,KM
2476,3200,3600,DT,0,0,SORETRAK,,KM
2477,3600,4000,DT,0,0,SORETRAK,,KM
2478,4100,4600,DT,0,0,SORETRAK,,KM
2479,4500,5000,DT,0,0,SORETRAK,,KM
2480,5400,6000,DT,0,0,SORETRAK,,KM
2481,700,800,DT,0,0,SORETRAK,,KM
2482,700,800,DT,0,0,SORETRAK,,KM
2483,1000,1100,DT,0,0,SORETRAK,,KM
2484,1300,1500,DT,0,0,SORETRAK,,KM
2485,2100,2400,DT,0,0,SORETRAK,,KM
2486,2700,3000,DT,0,0,SORETRAK,,KM
2487,3000,3300,DT,0,0,SORETRAK,,KM
2488,3300,3700,DT,0,0,SORETRAK,,KM
2489,3900,4300,DT,0,0,SORETRAK,,KM
2490,4200,4700,DT,0,0,SORETRAK,,KM
2491,5100,5700,DT,0,0,SORETRAK,,KM
2492,700,800,DT,0,0,SORETRAK,,KM
2493,800,900,DT,0,0,SORETRAK,,KM
2494,1200,1400,DT,0,0,SORETRAK,,KM
2495,1900,2100,DT,0,0,SORETRAK,,KM
2496,2500,2800,DT,0,0,SORETRAK,,KM
2497,2800,3100,DT,0,0,SORETRAK,,KM
2498,3100,3500,DT,0,0,SORETRAK,,KM
2499,3700,4100,DT,0,0,SORETRAK,,KM
2500,4000,4400,DT,0,0,SORETRAK,,KM
2501,4900,5400,DT,0,0,SORETRAK,,KM
2502,700,800,DT,0,0,SORETRAK,,KM
2503,800,900,DT,0,0,SORETRAK,,KM
2504,1500,1700,DT,0,0,SORETRAK,,KM
2505,2100,2400,DT,0,0,SORETRAK,,KM
2506,2400,2700,DT,0,0,SORETRAK,,KM
2507,2700,3000,DT,0,0,SORETRAK,,KM
2508,3300,3700,DT,0,0,SORETRAK,,KM
2509,3600,4000,DT,0,0,SORETRAK,,KM
2510,4500,5000,DT,0,0,SORETRAK,,KM
2511,700,800,DT,0,0,SORETRAK,,KM
2512,1200,1400,DT,0,0,SORETRAK,,KM
2513,1800,2000,DT,0,0,SORETRAK,,KM
2514,2100,2400,DT,0,0,SORETRAK,,KM
2515,2400,2700,DT,0,0,SORETRAK,,KM
2516,3000,3300,DT,0,0,SORETRAK,,KM
2517,3300,3700,DT,0,0,SORETRAK,,KM
2518,4200,4700,DT,0,0,SORETRAK,,KM
2519,800,900,DT,0,0,SORETRAK,,KM
2520,1400,1600,DT,0,0,SORETRAK,,KM
2521,1700,1900,DT,0,0,SORETRAK,,KM
2522,2000,2200,DT,0,0,SORETRAK,,KM
2523,2600,2900,DT,0,0,SORETRAK,,KM
2524,2900,3200,DT,0,0,SORETRAK,,KM
2525,3800,4200,DT,0,0,SORETRAK,,KM
2526,700,800,DT,0,0,SORETRAK,,KM
2527,900,1000,DT,0,0,SORETRAK,,KM
2528,1200,1400,DT,0,0,SORETRAK,,KM
2529,1800,2000,DT,0,0,SORETRAK,,KM
2530,2100,2400,DT,0,0,SORETRAK,,KM
2531,3000,3300,DT,0,0,SORETRAK,,KM
2532,700,800,DT,0,0,SORETRAK,,KM
2533,700,800,DT,0,0,SORETRAK,,KM
2534,1200,1400,DT,0,0,SORETRAK,,KM
2535,1500,1700,DT,0,0,SORETRAK,,KM
2536,2500,2800,DT,0,0,SORETRAK,,KM
2537,700,800,DT,0,0,SORETRAK,,KM
2538,1000,1100,DT,0,0,SORETRAK,,KM
2539,1300,1500,DT,0,0,SORETRAK,,KM
2540,2200,2500,DT,0,0,SORETRAK,,KM
2541,700,800,DT,0,0,SORETRAK,,KM
2542,1000,1100,DT,0,0,SORETRAK,,KM
2543,1900,2100,DT,0,0,SORETRAK,,KM
2544,700,800,DT,0,0,SORETRAK,,KM
2545,1300,1500,DT,0,0,SORETRAK,,KM
2546,1000,1100,DT,0,0,SORETRAK,,KM
2547,800,900,DT,0,0,SORETRAK,,KM
2548,1100,1300,DT,0,0,SORETRAK,,KM
2549,1700,1900,DT,0,0,SORETRAK,,KM
2550,2000,2200,DT,0,0,SORETRAK,,KM
2551,2200,2500,DT,0,0,SORETRAK,,KM
2552,2700,3000,DT,0,0,SORETRAK,,KM
2553,3100,3500,DT,0,0,SORETRAK,,KM
2554,3600,4000,DT,0,0,SORETRAK,,KM
2555,4300,4800,DT,0,0,SORETRAK,,KM
2556,4900,5400,DT,0,0,SORETRAK,,KM
2557,5500,6100,DT,0,0,SORETRAK,,KM
2558,6000,6600,DT,0,0,SORETRAK,,KM
2559,6500,7200,DT,0,0,SORETRAK,,KM
2560,7200,8000,DT,0,0,SORETRAK,,KM
2561,7900,8700,DT,0,0,SORETRAK,,KM
2562,8400,9300,DT,0,0,SORETRAK,,KM
2563,8600,9500,DT,0,0,SORETRAK,,KM
2564,8900,9800,DT,0,0,SORETRAK,,KM
2565,9300,10300,DT,0,0,SORETRAK,,KM
2566,9900,10900,DT,0,0,SORETRAK,,KM
2567,700,800,DT,0,0,SORETRAK,,KM
2568,1000,1100,DT,0,0,SORETRAK,,KM
2569,1300,1500,DT,0,0,SORETRAK,,KM
2570,1500,1700,DT,0,0,SORETRAK,,KM
2571,2000,2200,DT,0,0,SORETRAK,,KM
2572,2400,2700,DT,0,0,SORETRAK,,KM
2573,2900,3200,DT,0,0,SORETRAK,,KM
2574,3600,4000,DT,0,0,SORETRAK,,KM
2575,4100,4600,DT,0,0,SORETRAK,,KM
2576,4800,5300,DT,0,0,SORETRAK,,KM
2577,5300,5900,DT,0,0,SORETRAK,,KM
2578,5800,6400,DT,0,0,SORETRAK,,KM
2579,6500,7200,DT,0,0,SORETRAK,,KM
2580,7200,8000,DT,0,0,SORETRAK,,KM
2581,7700,8500,DT,0,0,SORETRAK,,KM
2582,7800,8600,DT,0,0,SORETRAK,,KM
2583,8200,9100,DT,0,0,SORETRAK,,KM
2584,8600,9500,DT,0,0,SORETRAK,,KM
2585,9200,10200,DT,0,0,SORETRAK,,KM
2586,700,800,DT,0,0,SORETRAK,,KM
2587,1000,1100,DT,0,0,SORETRAK,,KM
2588,1200,1400,DT,0,0,SORETRAK,,KM
2589,1700,1900,DT,0,0,SORETRAK,,KM
2590,2100,2400,DT,0,0,SORETRAK,,KM
2591,2600,2900,DT,0,0,SORETRAK,,KM
2592,3300,3700,DT,0,0,SORETRAK,,KM
2593,3800,4200,DT,0,0,SORETRAK,,KM
2594,4500,5000,DT,0,0,SORETRAK,,KM
2595,5000,5500,DT,0,0,SORETRAK,,KM
2596,5500,6100,DT,0,0,SORETRAK,,KM
2597,6200,6900,DT,0,0,SORETRAK,,KM
2598,6900,7600,DT,0,0,SORETRAK,,KM
2599,7300,8100,DT,0,0,SORETRAK,,KM
2600,7500,8300,DT,0,0,SORETRAK,,KM
2601,7800,8600,DT,0,0,SORETRAK,,KM
2602,8200,9100,DT,0,0,SORETRAK,,KM
2603,8900,9800,DT,0,0,SORETRAK,,KM
2604,700,800,DT,0,0,SORETRAK,,KM
2605,700,800,DT,0,0,SORETRAK,,KM
2606,1100,1300,DT,0,0,SORETRAK,,KM
2607,1500,1700,DT,0,0,SORETRAK,,KM
2608,2000,2200,DT,0,0,SORETRAK,,KM
2609,2700,3000,DT,0,0,SORETRAK,,KM
2610,3200,3600,DT,0,0,SORETRAK,,KM
2611,3900,4300,DT,0,0,SORETRAK,,KM
2612,4400,4900,DT,0,0,SORETRAK,,KM
2613,4900,5400,DT,0,0,SORETRAK,,KM
2614,5600,6200,DT,0,0,SORETRAK,,KM
2615,6300,7000,DT,0,0,SORETRAK,,KM
2616,6700,7400,DT,0,0,SORETRAK,,KM
2617,6900,7600,DT,0,0,SORETRAK,,KM
2618,7300,8100,DT,0,0,SORETRAK,,KM
2619,7700,8500,DT,0,0,SORETRAK,,KM
2620,8300,9200,DT,0,0,SORETRAK,,KM
2621,700,800,DT,0,0,SORETRAK,,KM
2622,800,900,DT,0,0,SORETRAK,,KM
2623,1200,1400,DT,0,0,SORETRAK,,KM
2624,1700,1900,DT,0,0,SORETRAK,,KM
2625,2400,2700,DT,0,0,SORETRAK,,KM
2626,2900,3200,DT,0,0,SORETRAK,,KM
2627,3600,4000,DT,0,0,SORETRAK,,KM
2628,4100,4600,DT,0,0,SORETRAK,,KM
2629,4600,5100,DT,0,0,SORETRAK,,KM
2630,5200,5800,DT,0,0,SORETRAK,,KM
2631,6000,6600,DT,0,0,SORETRAK,,KM
2632,6400,7100,DT,0,0,SORETRAK,,KM
2633,6600,7300,DT,0,0,SORETRAK,,KM
2634,6900,7600,DT,0,0,SORETRAK,,KM
2635,7300,8100,DT,0,0,SORETRAK,,KM
2636,8000,8800,DT,0,0,SORETRAK,,KM
2637,700,800,DT,0,0,SORETRAK,,KM
2638,1000,1100,DT,0,0,SORETRAK,,KM
2639,1500,1700,DT,0,0,SORETRAK,,KM
2640,2200,2500,DT,0,0,SORETRAK,,KM
2641,2700,3000,DT,0,0,SORETRAK,,KM
2642,3400,3800,DT,0,0,SORETRAK,,KM
2643,3900,4300,DT,0,0,SORETRAK,,KM
2644,4400,4900,DT,0,0,SORETRAK,,KM
2645,5100,5700,DT,0,0,SORETRAK,,KM
2646,5800,6400,DT,0,0,SORETRAK,,KM
2647,6200,6900,DT,0,0,SORETRAK,,KM
2648,6400,7100,DT,0,0,SORETRAK,,KM
2649,6700,7400,DT,0,0,SORETRAK,,KM
2650,7100,7900,DT,0,0,SORETRAK,,KM
2651,7800,8600,DT,0,0,SORETRAK,,KM
2652,700,800,DT,0,0,SORETRAK,,KM
2653,1000,1100,DT,0,0,SORETRAK,,KM
2654,1700,1900,DT,0,0,SORETRAK,,KM
2655,2200,2500,DT,0,0,SORETRAK,,KM
2656,2800,3100,DT,0,0,SORETRAK,,KM
2657,3400,3800,DT,0,0,SORETRAK,,KM
2658,3900,4300,DT,0,0,SORETRAK,,KM
2659,4500,5000,DT,0,0,SORETRAK,,KM
2660,5200,5800,DT,0,0,SORETRAK,,KM
2661,5700,6300,DT,0,0,SORETRAK,,KM
2662,5900,6500,DT,0,0,SORETRAK,,KM
2663,6200,6900,DT,0,0,SORETRAK,,KM
2664,6600,7300,DT,0,0,SORETRAK,,KM
2665,7300,8100,DT,0,0,SORETRAK,,KM
2666,700,800,DT,0,0,SORETRAK,,KM
2667,1300,1500,DT,0,0,SORETRAK,,KM
2668,1800,2000,DT,0,0,SORETRAK,,KM
2669,2500,2800,DT,0,0,SORETRAK,,KM
2670,3000,3300,DT,0,0,SORETRAK,,KM
2671,3500,3900,DT,0,0,SORETRAK,,KM
2672,4100,4600,DT,0,0,SORETRAK,,KM
2673,4900,5400,DT,0,0,SORETRAK,,KM
2674,5300,5900,DT,0,0,SORETRAK,,KM
2675,5500,6100,DT,0,0,SORETRAK,,KM
2676,5800,6400,DT,0,0,SORETRAK,,KM
2677,6200,6900,DT,0,0,SORETRAK,,KM
2678,6900,7600,DT,0,0,SORETRAK,,KM
2679,800,900,DT,0,0,SORETRAK,,KM
2680,1300,1500,DT,0,0,SORETRAK,,KM
2681,1900,2100,DT,0,0,SORETRAK,,KM
2682,2500,2800,DT,0,0,SORETRAK,,KM
2683,3000,3300,DT,0,0,SORETRAK,,KM
2684,3600,4000,DT,0,0,SORETRAK,,KM
2685,4300,4800,DT,0,0,SORETRAK,,KM
2686,4800,5300,DT,0,0,SORETRAK,,KM
2687,5000,5500,DT,0,0,SORETRAK,,KM
2688,5300,5900,DT,0,0,SORETRAK,,KM
2689,5700,6300,DT,0,0,SORETRAK,,KM
2690,6400,7100,DT,0,0,SORETRAK,,KM
2691,700,800,DT,0,0,SORETRAK,,KM
2692,1200,1400,DT,0,0,SORETRAK,,KM
2693,1700,1900,DT,0,0,SORETRAK,,KM
2694,2300,2600,DT,0,0,SORETRAK,,KM
2695,2900,3200,DT,0,0,SORETRAK,,KM
2696,3600,4000,DT,0,0,SORETRAK,,KM
2697,4100,4600,DT,0,0,SORETRAK,,KM
2698,4300,4800,DT,0,0,SORETRAK,,KM
2699,4600,5100,DT,0,0,SORETRAK,,KM
2700,5000,5500,DT,0,0,SORETRAK,,KM
2701,5600,6200,DT,0,0,SORETRAK,,KM
2702,700,800,DT,0,0,SORETRAK,,KM
2703,1200,1400,DT,0,0,SORETRAK,,KM
2704,1700,1900,DT,0,0,SORETRAK,,KM
2705,2400,2700,DT,0,0,SORETRAK,,KM
2706,3100,3500,DT,0,0,SORETRAK,,KM
2707,3600,4000,DT,0,0,SORETRAK,,KM
2708,3800,4200,DT,0,0,SORETRAK,,KM
2709,4100,4600,DT,0,0,SORETRAK,,KM
2710,4500,5000,DT,0,0,SORETRAK,,KM
2711,5100,5700,DT,0,0,SORETRAK,,KM
2712,700,800,DT,0,0,SORETRAK,,KM
2713,1100,1300,DT,0,0,SORETRAK,,KM
2714,1700,1900,DT,0,0,SORETRAK,,KM
2715,2500,2800,DT,0,0,SORETRAK,,KM
2716,2900,3200,DT,0,0,SORETRAK,,KM
2717,3100,3500,DT,0,0,SORETRAK,,KM
2718,3400,3800,DT,0,0,SORETRAK,,KM
2719,3800,4200,DT,0,0,SORETRAK,,KM
2720,4500,5000,DT,0,0,SORETRAK,,KM
2721,700,800,DT,0,0,SORETRAK,,KM
2722,1200,1400,DT,0,0,SORETRAK,,KM
2723,1900,2100,DT,0,0,SORETRAK,,KM
2724,2400,2700,DT,0,0,SORETRAK,,KM
2725,2600,2900,DT,0,0,SORETRAK,,KM
2726,2900,3200,DT,0,0,SORETRAK,,KM
2727,3300,3700,DT,0,0,SORETRAK,,KM
2728,3900,4300,DT,0,0,SORETRAK,,KM
2729,700,800,DT,0,0,SORETRAK,,KM
2730,1400,1600,DT,0,0,SORETRAK,,KM
2731,1900,2100,DT,0,0,SORETRAK,,KM
2732,2100,2400,DT,0,0,SORETRAK,,KM
2733,2400,2700,DT,0,0,SORETRAK,,KM
2734,2800,3100,DT,0,0,SORETRAK,,KM
2735,3400,3800,DT,0,0,SORETRAK,,KM
2736,800,900,DT,0,0,SORETRAK,,KM
2737,1200,1400,DT,0,0,SORETRAK,,KM
2738,1400,1600,DT,0,0,SORETRAK,,KM
2739,1700,1900,DT,0,0,SORETRAK,,KM
2740,2100,2400,DT,0,0,SORETRAK,,KM
2741,2800,3100,DT,0,0,SORETRAK,,KM
2742,700,800,DT,0,0,SORETRAK,,KM
2743,700,800,DT,0,0,SORETRAK,,KM
2744,1000,1100,DT,0,0,SORETRAK,,KM
2745,1400,1600,DT,0,0,SORETRAK,,KM
2746,2100,2400,DT,0,0,SORETRAK,,KM
2747,700,800,DT,0,0,SORETRAK,,KM
2748,700,800,DT,0,0,SORETRAK,,KM
2749,1000,1100,DT,0,0,SORETRAK,,KM
2750,1600,1800,DT,0,0,SORETRAK,,KM
2751,700,800,DT,0,0,SORETRAK,,KM
2752,800,900,DT,0,0,SORETRAK,,KM
2753,1400,1600,DT,0,0,SORETRAK,,KM
2754,700,800,DT,0,0,SORETRAK,,KM
2755,1100,1300,DT,0,0,SORETRAK,,KM
2756,700,800,DT,0,0,SORETRAK,,KM
2757,800,900,DT,0,0,SORETRAK,,KM
2758,1100,1300,DT,0,0,SORETRAK,,KM
2759,1700,1900,DT,0,0,SORETRAK,,KM
2760,2000,2200,DT,0,0,SORETRAK,,KM
2761,2200,2500,DT,0,0,SORETRAK,,KM
2762,2700,3000,DT,0,0,SORETRAK,,KM
2763,3100,3500,DT,0,0,SORETRAK,,KM
2764,3600,4000,DT,0,0,SORETRAK,,KM
2765,4300,4800,DT,0,0,SORETRAK,,KM
2766,4900,5400,DT,0,0,SORETRAK,,KM
2767,5500,6100,DT,0,0,SORETRAK,,KM
2768,6000,6600,DT,0,0,SORETRAK,,KM
2769,6500,7200,DT,0,0,SORETRAK,,KM
2770,7500,8300,DT,0,0,SORETRAK,,KM
2771,8000,8800,DT,0,0,SORETRAK,,KM
2772,8500,9400,DT,0,0,SORETRAK,,KM
2773,9000,9900,DT,0,0,SORETRAK,,KM
2774,700,800,DT,0,0,SORETRAK,,KM
2775,1000,1100,DT,0,0,SORETRAK,,KM
2776,1300,1500,DT,0,0,SORETRAK,,KM
2777,1500,1700,DT,0,0,SORETRAK,,KM
2778,2000,2200,DT,0,0,SORETRAK,,KM
2779,2400,2700,DT,0,0,SORETRAK,,KM
2780,2900,3200,DT,0,0,SORETRAK,,KM
2781,3600,4000,DT,0,0,SORETRAK,,KM
2782,4100,4600,DT,0,0,SORETRAK,,KM
2783,4800,5300,DT,0,0,SORETRAK,,KM
2784,5300,5900,DT,0,0,SORETRAK,,KM
2785,5800,6400,DT,0,0,SORETRAK,,KM
2786,6700,7400,DT,0,0,SORETRAK,,KM
2787,7300,8100,DT,0,0,SORETRAK,,KM
2788,7800,8600,DT,0,0,SORETRAK,,KM
2789,8300,9200,DT,0,0,SORETRAK,,KM
2790,700,800,DT,0,0,SORETRAK,,KM
2791,1000,1100,DT,0,0,SORETRAK,,KM
2792,1200,1400,DT,0,0,SORETRAK,,KM
2793,1700,1900,DT,0,0,SORETRAK,,KM
2794,2100,2400,DT,0,0,SORETRAK,,KM
2795,2600,2900,DT,0,0,SORETRAK,,KM
2796,3300,3700,DT,0,0,SORETRAK,,KM
2797,3800,4200,DT,0,0,SORETRAK,,KM
2798,4500,5000,DT,0,0,SORETRAK,,KM
2799,5000,5500,DT,0,0,SORETRAK,,KM
2800,5400,6000,DT,0,0,SORETRAK,,KM
2801,6400,7100,DT,0,0,SORETRAK,,KM
2802,7000,7700,DT,0,0,SORETRAK,,KM
2803,7500,8300,DT,0,0,SORETRAK,,KM
2804,8000,8800,DT,0,0,SORETRAK,,KM
2805,700,800,DT,0,0,SORETRAK,,KM
2806,700,800,DT,0,0,SORETRAK,,KM
2807,1100,1300,DT,0,0,SORETRAK,,KM
2808,1500,1700,DT,0,0,SORETRAK,,KM
2809,2000,2200,DT,0,0,SORETRAK,,KM
2810,2700,3000,DT,0,0,SORETRAK,,KM
2811,3200,3600,DT,0,0,SORETRAK,,KM
2812,3900,4300,DT,0,0,SORETRAK,,KM
2813,4400,4900,DT,0,0,SORETRAK,,KM
2814,4900,5400,DT,0,0,SORETRAK,,KM
2815,5800,6400,DT,0,0,SORETRAK,,KM
2816,6400,7100,DT,0,0,SORETRAK,,KM
2817,6900,7600,DT,0,0,SORETRAK,,KM
2818,7400,8200,DT,0,0,SORETRAK,,KM
2819,700,800,DT,0,0,SORETRAK,,KM
2820,800,900,DT,0,0,SORETRAK,,KM
2821,1200,1400,DT,0,0,SORETRAK,,KM
2822,1700,1900,DT,0,0,SORETRAK,,KM
2823,2400,2700,DT,0,0,SORETRAK,,KM
2824,2900,3200,DT,0,0,SORETRAK,,KM
2825,3600,4000,DT,0,0,SORETRAK,,KM
2826,4100,4600,DT,0,0,SORETRAK,,KM
2827,4500,5000,DT,0,0,SORETRAK,,KM
2828,5500,6100,DT,0,0,SORETRAK,,KM
2829,6100,6800,DT,0,0,SORETRAK,,KM
2830,6500,7200,DT,0,0,SORETRAK,,KM
2831,7100,7900,DT,0,0,SORETRAK,,KM
2832,700,800,DT,0,0,SORETRAK,,KM
2833,1000,1100,DT,0,0,SORETRAK,,KM
2834,1500,1700,DT,0,0,SORETRAK,,KM
2835,2200,2500,DT,0,0,SORETRAK,,KM
2836,2700,3000,DT,0,0,SORETRAK,,KM
2837,3400,3800,DT,0,0,SORETRAK,,KM
2838,3900,4300,DT,0,0,SORETRAK,,KM
2839,4300,4800,DT,0,0,SORETRAK,,KM
2840,5300,5900,DT,0,0,SORETRAK,,KM
2841,5900,6500,DT,0,0,SORETRAK,,KM
2842,6400,7100,DT,0,0,SORETRAK,,KM
2843,6900,7600,DT,0,0,SORETRAK,,KM
2844,700,800,DT,0,0,SORETRAK,,KM
2845,1000,1100,DT,0,0,SORETRAK,,KM
2846,1700,1900,DT,0,0,SORETRAK,,KM
2847,2200,2500,DT,0,0,SORETRAK,,KM
2848,2800,3100,DT,0,0,SORETRAK,,KM
2849,3400,3800,DT,0,0,SORETRAK,,KM
2850,3800,4200,DT,0,0,SORETRAK,,KM
2851,4800,5300,DT,0,0,SORETRAK,,KM
2852,5400,6000,DT,0,0,SORETRAK,,KM
2853,5800,6400,DT,0,0,SORETRAK,,KM
2854,6400,7100,DT,0,0,SORETRAK,,KM
2855,700,800,DT,0,0,SORETRAK,,KM
2856,1300,1500,DT,0,0,SORETRAK,,KM
2857,1800,2000,DT,0,0,SORETRAK,,KM
2858,2500,2800,DT,0,0,SORETRAK,,KM
2859,3000,3300,DT,0,0,SORETRAK,,KM
2860,3400,3800,DT,0,0,SORETRAK,,KM
2861,4400,4900,DT,0,0,SORETRAK,,KM
2862,5000,5500,DT,0,0,SORETRAK,,KM
2863,5400,6000,DT,0,0,SORETRAK,,KM
2864,6000,6600,DT,0,0,SORETRAK,,KM
2865,800,900,DT,0,0,SORETRAK,,KM
2866,1300,1500,DT,0,0,SORETRAK,,KM
2867,1900,2100,DT,0,0,SORETRAK,,KM
2868,2500,2800,DT,0,0,SORETRAK,,KM
2869,2900,3200,DT,0,0,SORETRAK,,KM
2870,3900,4300,DT,0,0,SORETRAK,,KM
2871,4500,5000,DT,0,0,SORETRAK,,KM
2872,4900,5400,DT,0,0,SORETRAK,,KM
2873,5400,6000,DT,0,0,SORETRAK,,KM
2874,700,800,DT,0,0,SORETRAK,,KM
2875,1200,1400,DT,0,0,SORETRAK,,KM
2876,1700,1900,DT,0,0,SORETRAK,,KM
2877,2200,2500,DT,0,0,SORETRAK,,KM
2878,3200,3600,DT,0,0,SORETRAK,,KM
2879,3800,4200,DT,0,0,SORETRAK,,KM
2880,4200,4700,DT,0,0,SORETRAK,,KM
2881,4700,5200,DT,0,0,SORETRAK,,KM
2882,700,800,DT,0,0,SORETRAK,,KM
2883,1200,1400,DT,0,0,SORETRAK,,KM
2884,1700,1900,DT,0,0,SORETRAK,,KM
2885,2600,2900,DT,0,0,SORETRAK,,KM
2886,3200,3600,DT,0,0,SORETRAK,,KM
2887,3700,4100,DT,0,0,SORETRAK,,KM
2888,4200,4700,DT,0,0,SORETRAK,,KM
2889,700,800,DT,0,0,SORETRAK,,KM
2890,1000,1100,DT,0,0,SORETRAK,,KM
2891,2000,2200,DT,0,0,SORETRAK,,KM
2892,2600,2900,DT,0,0,SORETRAK,,KM
2893,3000,3300,DT,0,0,SORETRAK,,KM
2894,3600,4000,DT,0,0,SORETRAK,,KM
2895,700,800,DT,0,0,SORETRAK,,KM
2896,1500,1700,DT,0,0,SORETRAK,,KM
2897,2100,2400,DT,0,0,SORETRAK,,KM
2898,2500,2800,DT,0,0,SORETRAK,,KM
2899,3000,3300,DT,0,0,SORETRAK,,KM
2900,1000,1100,DT,0,0,SORETRAK,,KM
2901,1600,1800,DT,0,0,SORETRAK,,KM
2902,2100,2400,DT,0,0,SORETRAK,,KM
2903,2600,2900,DT,0,0,SORETRAK,,KM
2904,700,800,DT,0,0,SORETRAK,,KM
2905,1100,1300,DT,0,0,SORETRAK,,KM
2906,1600,1800,DT,0,0,SORETRAK,,KM
2907,700,800,DT,0,0,SORETRAK,,KM
2908,1000,1100,DT,0,0,SORETRAK,,KM
2909,700,800,DT,0,0,SORETRAK,,KM
2910,700,800,DT,0,0,SORETRAK,,KM
2911,1000,1100,DT,0,0,SORETRAK,,KM
2912,1100,1300,DT,0,0,SORETRAK,,KM
2913,1200,1400,DT,0,0,SORETRAK,,KM
2914,1400,1600,DT,0,0,SORETRAK,,KM
2915,1700,1900,DT,0,0,SORETRAK,,KM
2916,2300,2600,DT,0,0,SORETRAK,,KM
2917,3300,3700,DT,0,0,SORETRAK,,KM
2918,3800,4200,DT,0,0,SORETRAK,,KM
2919,4500,5000,DT,0,0,SORETRAK,,KM
2920,4700,5200,DT,0,0,SORETRAK,,KM
2921,5000,5500,DT,0,0,SORETRAK,,KM
2922,5400,6000,DT,0,0,SORETRAK,,KM
2923,5600,6200,DT,0,0,SORETRAK,,KM
2924,6200,6900,DT,0,0,SORETRAK,,KM
2925,6400,7100,DT,0,0,SORETRAK,,KM
2926,6900,7600,DT,0,0,SORETRAK,,KM
2927,7300,8100,DT,0,0,SORETRAK,,KM
2928,7800,8600,DT,0,0,SORETRAK,,KM
2929,8000,8800,DT,0,0,SORETRAK,,KM
2930,8900,9800,DT,0,0,SORETRAK,,KM
2931,700,800,DT,0,0,SORETRAK,,KM
2932,700,800,DT,0,0,SORETRAK,,KM
2933,700,800,DT,0,0,SORETRAK,,KM
2934,800,900,DT,0,0,SORETRAK,,KM
2935,1000,1100,DT,0,0,SORETRAK,,KM
2936,1700,1900,DT,0,0,SORETRAK,,KM
2937,2600,2900,DT,0,0,SORETRAK,,KM
2938,3200,3600,DT,0,0,SORETRAK,,KM
2939,3800,4200,DT,0,0,SORETRAK,,KM
2940,4100,4600,DT,0,0,SORETRAK,,KM
2941,4300,4800,DT,0,0,SORETRAK,,KM
2942,4800,5300,DT,0,0,SORETRAK,,KM
2943,5000,5500,DT,0,0,SORETRAK,,KM
2944,5500,6100,DT,0,0,SORETRAK,,KM
2945,5800,6400,DT,0,0,SORETRAK,,KM
2946,6300,7000,DT,0,0,SORETRAK,,KM
2947,6600,7300,DT,0,0,SORETRAK,,KM
2948,7100,7900,DT,0,0,SORETRAK,,KM
2949,7300,8100,DT,0,0,SORETRAK,,KM
2950,8200,9100,DT,0,0,SORETRAK,,KM
2951,700,800,DT,0,0,SORETRAK,,KM
2952,700,800,DT,0,0,SORETRAK,,KM
2953,700,800,DT,0,0,SORETRAK,,KM
2954,800,900,DT,0,0,SORETRAK,,KM
2955,1400,1600,DT,0,0,SORETRAK,,KM
2956,2400,2700,DT,0,0,SORETRAK,,KM
2957,2900,3200,DT,0,0,SORETRAK,,KM
2958,3600,4000,DT,0,0,SORETRAK,,KM
2959,3800,4200,DT,0,0,SORETRAK,,KM
2960,4100,4600,DT,0,0,SORETRAK,,KM
2961,4500,5000,DT,0,0,SORETRAK,,KM
2962,4700,5200,DT,0,0,SORETRAK,,KM
2963,5200,5800,DT,0,0,SORETRAK,,KM
2964,5500,6100,DT,0,0,SORETRAK,,KM
2965,6000,6600,DT,0,0,SORETRAK,,KM
2966,6400,7100,DT,0,0,SORETRAK,,KM
2967,6900,7600,DT,0,0,SORETRAK,,KM
2968,7100,7900,DT,0,0,SORETRAK,,KM
2969,8000,8800,DT,0,0,SORETRAK,,KM
2970,700,800,DT,0,0,SORETRAK,,KM
2971,700,800,DT,0,0,SORETRAK,,KM
2972,700,800,DT,0,0,SORETRAK,,KM
2973,1300,1500,DT,0,0,SORETRAK,,KM
2974,2300,2600,DT,0,0,SORETRAK,,KM
2975,2800,3100,DT,0,0,SORETRAK,,KM
2976,3400,3800,DT,0,0,SORETRAK,,KM
2977,3700,4100,DT,0,0,SORETRAK,,KM
2978,3900,4300,DT,0,0,SORETRAK,,KM
2979,4400,4900,DT,0,0,SORETRAK,,KM
2980,4600,5100,DT,0,0,SORETRAK,,KM
2981,5100,5700,DT,0,0,SORETRAK,,KM
2982,5400,6000,DT,0,0,SORETRAK,,KM
2983,5900,6500,DT,0,0,SORETRAK,,KM
2984,6200,6900,DT,0,0,SORETRAK,,KM
2985,6700,7400,DT,0,0,SORETRAK,,KM
2986,6900,7600,DT,0,0,SORETRAK,,KM
2987,7800,8600,DT,0,0,SORETRAK,,KM
2988,700,800,DT,0,0,SORETRAK,,KM
2989,700,800,DT,0,0,SORETRAK,,KM
2990,1200,1400,DT,0,0,SORETRAK,,KM
2991,2100,2400,DT,0,0,SORETRAK,,KM
2992,2600,2900,DT,0,0,SORETRAK,,KM
2993,3300,3700,DT,0,0,SORETRAK,,KM
2994,3600,4000,DT,0,0,SORETRAK,,KM
2995,3800,4200,DT,0,0,SORETRAK,,KM
2996,4300,4800,DT,0,0,SORETRAK,,KM
2997,4500,5000,DT,0,0,SORETRAK,,KM
2998,5000,5500,DT,0,0,SORETRAK,,KM
2999,5200,5800,DT,0,0,SORETRAK,,KM
3000,5800,6400,DT,0,0,SORETRAK,,KM
3001,6100,6800,DT,0,0,SORETRAK,,KM
3002,6600,7300,DT,0,0,SORETRAK,,KM
3003,6800,7500,DT,0,0,SORETRAK,,KM
3004,7700,8500,DT,0,0,SORETRAK,,KM
3005,700,800,DT,0,0,SORETRAK,,KM
3006,1000,1100,DT,0,0,SORETRAK,,KM
3007,1900,2100,DT,0,0,SORETRAK,,KM
3008,2500,2800,DT,0,0,SORETRAK,,KM
3009,3100,3500,DT,0,0,SORETRAK,,KM
3010,3400,3800,DT,0,0,SORETRAK,,KM
3011,3600,4000,DT,0,0,SORETRAK,,KM
3012,4100,4600,DT,0,0,SORETRAK,,KM
3013,4300,4800,DT,0,0,SORETRAK,,KM
3014,4800,5300,DT,0,0,SORETRAK,,KM
3015,5100,5700,DT,0,0,SORETRAK,,KM
3016,5600,6200,DT,0,0,SORETRAK,,KM
3017,5900,6500,DT,0,0,SORETRAK,,KM
3018,6400,7100,DT,0,0,SORETRAK,,KM
3019,6600,7300,DT,0,0,SORETRAK,,KM
3020,7500,8300,DT,0,0,SORETRAK,,KM
3021,700,800,DT,0,0,SORETRAK,,KM
3022,1700,1900,DT,0,0,SORETRAK,,KM
3023,2200,2500,DT,0,0,SORETRAK,,KM
3024,2800,3100,DT,0,0,SORETRAK,,KM
3025,3100,3500,DT,0,0,SORETRAK,,KM
3026,3400,3800,DT,0,0,SORETRAK,,KM
3027,3800,4200,DT,0,0,SORETRAK,,KM
3028,4000,4400,DT,0,0,SORETRAK,,KM
3029,4500,5000,DT,0,0,SORETRAK,,KM
3030,4800,5300,DT,0,0,SORETRAK,,KM
3031,5300,5900,DT,0,0,SORETRAK,,KM
3032,5600,6200,DT,0,0,SORETRAK,,KM
3033,6200,6900,DT,0,0,SORETRAK,,KM
3034,6400,7100,DT,0,0,SORETRAK,,KM
3035,7300,8100,DT,0,0,SORETRAK,,KM
3036,1000,1100,DT,0,0,SORETRAK,,KM
3037,1500,1700,DT,0,0,SORETRAK,,KM
3038,2200,2500,DT,0,0,SORETRAK,,KM
3039,2500,2800,DT,0,0,SORETRAK,,KM
3040,2700,3000,DT,0,0,SORETRAK,,KM
3041,3200,3600,DT,0,0,SORETRAK,,KM
3042,3400,3800,DT,0,0,SORETRAK,,KM
3043,3900,4300,DT,0,0,SORETRAK,,KM
3044,4100,4600,DT,0,0,SORETRAK,,KM
3045,4700,5200,DT,0,0,SORETRAK,,KM
3046,5000,5500,DT,0,0,SORETRAK,,KM
3047,5500,6100,DT,0,0,SORETRAK,,KM
3048,5700,6300,DT,0,0,SORETRAK,,KM
3049,6600,7300,DT,0,0,SORETRAK,,KM
3050,700,800,DT,0,0,SORETRAK,,KM
3051,1200,1400,DT,0,0,SORETRAK,,KM
3052,1500,1700,DT,0,0,SORETRAK,,KM
3053,1700,1900,DT,0,0,SORETRAK,,KM
3054,2200,2500,DT,0,0,SORETRAK,,KM
3055,2400,2700,DT,0,0,SORETRAK,,KM
3056,2900,3200,DT,0,0,SORETRAK,,KM
3057,3200,3600,DT,0,0,SORETRAK,,KM
3058,3700,4100,DT,0,0,SORETRAK,,KM
3059,4000,4400,DT,0,0,SORETRAK,,KM
3060,4500,5000,DT,0,0,SORETRAK,,KM
3061,4700,5200,DT,0,0,SORETRAK,,KM
3062,5600,6200,DT,0,0,SORETRAK,,KM
3063,700,800,DT,0,0,SORETRAK,,KM
3064,1000,1100,DT,0,0,SORETRAK,,KM
3065,1200,1400,DT,0,0,SORETRAK,,KM
3066,1700,1900,DT,0,0,SORETRAK,,KM
3067,1900,2100,DT,0,0,SORETRAK,,KM
3068,2400,2700,DT,0,0,SORETRAK,,KM
3069,2600,2900,DT,0,0,SORETRAK,,KM
3070,3200,3600,DT,0,0,SORETRAK,,KM
3071,3500,3900,DT,0,0,SORETRAK,,KM
3072,4000,4400,DT,0,0,SORETRAK,,KM
3073,4200,4700,DT,0,0,SORETRAK,,KM
3074,5100,5700,DT,0,0,SORETRAK,,KM
3075,700,800,DT,0,0,SORETRAK,,KM
3076,700,800,DT,0,0,SORETRAK,,KM
3077,1000,1100,DT,0,0,SORETRAK,,KM
3078,1200,1400,DT,0,0,SORETRAK,,KM
3079,1700,1900,DT,0,0,SORETRAK,,KM
3080,2000,2200,DT,0,0,SORETRAK,,KM
3081,2500,2800,DT,0,0,SORETRAK,,KM
3082,2800,3100,DT,0,0,SORETRAK,,KM
3083,3400,3800,DT,0,0,SORETRAK,,KM
3084,3600,4000,DT,0,0,SORETRAK,,KM
3085,4500,5000,DT,0,0,SORETRAK,,KM
3086,700,800,DT,0,0,SORETRAK,,KM
3087,800,900,DT,0,0,SORETRAK,,KM
3088,1000,1100,DT,0,0,SORETRAK,,KM
3089,1500,1700,DT,0,0,SORETRAK,,KM
3090,1700,1900,DT,0,0,SORETRAK,,KM
3091,2300,2600,DT,0,0,SORETRAK,,KM
3092,2600,2900,DT,0,0,SORETRAK,,KM
3093,3100,3500,DT,0,0,SORETRAK,,KM
3094,3300,3700,DT,0,0,SORETRAK,,KM
3095,4200,4700,DT,0,0,SORETRAK,,KM
3096,700,800,DT,0,0,SORETRAK,,KM
3097,700,800,DT,0,0,SORETRAK,,KM
3098,1200,1400,DT,0,0,SORETRAK,,KM
3099,1500,1700,DT,0,0,SORETRAK,,KM
3100,2000,2200,DT,0,0,SORETRAK,,KM
3101,2300,2600,DT,0,0,SORETRAK,,KM
3102,2800,3100,DT,0,0,SORETRAK,,KM
3103,3000,3300,DT,0,0,SORETRAK,,KM
3104,3900,4300,DT,0,0,SORETRAK,,KM
3105,700,800,DT,0,0,SORETRAK,,KM
3106,800,900,DT,0,0,SORETRAK,,KM
3107,1000,1100,DT,0,0,SORETRAK,,KM
3108,1500,1700,DT,0,0,SORETRAK,,KM
3109,1900,2100,DT,0,0,SORETRAK,,KM
3110,2400,2700,DT,0,0,SORETRAK,,KM
3111,2600,2900,DT,0,0,SORETRAK,,KM
3112,3500,3900,DT,0,0,SORETRAK,,KM
3113,700,800,DT,0,0,SORETRAK,,KM
3114,800,900,DT,0,0,SORETRAK,,KM
3115,1300,1500,DT,0,0,SORETRAK,,KM
3116,1700,1900,DT,0,0,SORETRAK,,KM
3117,2200,2500,DT,0,0,SORETRAK,,KM
3118,2400,2700,DT,0,0,SORETRAK,,KM
3119,3300,3700,DT,0,0,SORETRAK,,KM
3120,700,800,DT,0,0,SORETRAK,,KM
3121,800,900,DT,0,0,SORETRAK,,KM
3122,1200,1400,DT,0,0,SORETRAK,,KM
3123,1700,1900,DT,0,0,SORETRAK,,KM
3124,1900,2100,DT,0,0,SORETRAK,,KM
3125,2800,3100,DT,0,0,SORETRAK,,KM
3126,700,800,DT,0,0,SORETRAK,,KM
3127,900,1000,DT,0,0,SORETRAK,,KM
3128,1400,1600,DT,0,0,SORETRAK,,KM
3129,1600,1800,DT,0,0,SORETRAK,,KM
3130,2500,2800,DT,0,0,SORETRAK,,KM
3131,700,800,DT,0,0,SORETRAK,,KM
3132,900,1000,DT,0,0,SORETRAK,,KM
3133,1100,1300,DT,0,0,SORETRAK,,KM
3134,2000,2200,DT,0,0,SORETRAK,,KM
3135,700,800,DT,0,0,SORETRAK,,KM
3136,800,900,DT,0,0,SORETRAK,,KM
3137,1700,1900,DT,0,0,SORETRAK,,KM
3138,700,800,DT,0,0,SORETRAK,,KM
3139,1200,1400,DT,0,0,SORETRAK,,KM
3140,1000,1100,DT,0,0,SORETRAK,,KM
3141,700,800,DT,0,0,SORETRAK,,KM
3142,1000,1100,DT,0,0,SORETRAK,,KM
3143,1100,1300,DT,0,0,SORETRAK,,KM
3144,1200,1400,DT,0,0,SORETRAK,,KM
3145,1400,1600,DT,0,0,SORETRAK,,KM
3146,1700,1900,DT,0,0,SORETRAK,,KM
3147,2300,2600,DT,0,0,SORETRAK,,KM
3148,2600,2900,DT,0,0,SORETRAK,,KM
3149,3200,3600,DT,0,0,SORETRAK,,KM
3150,3500,3900,DT,0,0,SORETRAK,,KM
3151,4000,4400,DT,0,0,SORETRAK,,KM
3152,4500,5000,DT,0,0,SORETRAK,,KM
3153,4900,5400,DT,0,0,SORETRAK,,KM
3154,5200,5800,DT,0,0,SORETRAK,,KM
3155,5700,6300,DT,0,0,SORETRAK,,KM
3156,6200,6900,DT,0,0,SORETRAK,,KM
3157,6700,7400,DT,0,0,SORETRAK,,KM
3158,6900,7600,DT,0,0,SORETRAK,,KM
3159,7500,8300,DT,0,0,SORETRAK,,KM
3160,8300,9200,DT,0,0,SORETRAK,,KM
3161,8800,9700,DT,0,0,SORETRAK,,KM
3162,700,800,DT,0,0,SORETRAK,,KM
3163,700,800,DT,0,0,SORETRAK,,KM
3164,700,800,DT,0,0,SORETRAK,,KM
3165,800,900,DT,0,0,SORETRAK,,KM
3166,1000,1100,DT,0,0,SORETRAK,,KM
3167,1700,1900,DT,0,0,SORETRAK,,KM
3168,2000,2200,DT,0,0,SORETRAK,,KM
3169,2600,2900,DT,0,0,SORETRAK,,KM
3170,2800,3100,DT,0,0,SORETRAK,,KM
3171,3400,3800,DT,0,0,SORETRAK,,KM
3172,3800,4200,DT,0,0,SORETRAK,,KM
3173,4200,4700,DT,0,0,SORETRAK,,KM
3174,4600,5100,DT,0,0,SORETRAK,,KM
3175,5100,5700,DT,0,0,SORETRAK,,KM
3176,5500,6100,DT,0,0,SORETRAK,,KM
3177,6000,6600,DT,0,0,SORETRAK,,KM
3178,6200,6900,DT,0,0,SORETRAK,,KM
3179,6900,7600,DT,0,0,SORETRAK,,KM
3180,7700,8500,DT,0,0,SORETRAK,,KM
3181,8200,9100,DT,0,0,SORETRAK,,KM
3182,700,800,DT,0,0,SORETRAK,,KM
3183,700,800,DT,0,0,SORETRAK,,KM
3184,700,800,DT,0,0,SORETRAK,,KM
3185,800,900,DT,0,0,SORETRAK,,KM
3186,1400,1600,DT,0,0,SORETRAK,,KM
3187,1700,1900,DT,0,0,SORETRAK,,KM
3188,2300,2600,DT,0,0,SORETRAK,,KM
3189,2600,2900,DT,0,0,SORETRAK,,KM
3190,3100,3500,DT,0,0,SORETRAK,,KM
3191,3600,4000,DT,0,0,SORETRAK,,KM
3192,3900,4300,DT,0,0,SORETRAK,,KM
3193,4300,4800,DT,0,0,SORETRAK,,KM
3194,4800,5300,DT,0,0,SORETRAK,,KM
3195,5200,5800,DT,0,0,SORETRAK,,KM
3196,5800,6400,DT,0,0,SORETRAK,,KM
3197,6000,6600,DT,0,0,SORETRAK,,KM
3198,6600,7300,DT,0,0,SORETRAK,,KM
3199,7400,8200,DT,0,0,SORETRAK,,KM
3200,7900,8700,DT,0,0,SORETRAK,,KM
3201,700,800,DT,0,0,SORETRAK,,KM
3202,700,800,DT,0,0,SORETRAK,,KM
3203,700,800,DT,0,0,SORETRAK,,KM
3204,1300,1500,DT,0,0,SORETRAK,,KM
3205,1600,1800,DT,0,0,SORETRAK,,KM
3206,2200,2500,DT,0,0,SORETRAK,,KM
3207,2500,2800,DT,0,0,SORETRAK,,KM
3208,3000,3300,DT,0,0,SORETRAK,,KM
3209,3400,3800,DT,0,0,SORETRAK,,KM
3210,3800,4200,DT,0,0,SORETRAK,,KM
3211,4200,4700,DT,0,0,SORETRAK,,KM
3212,4700,5200,DT,0,0,SORETRAK,,KM
3213,5100,5700,DT,0,0,SORETRAK,,KM
3214,5600,6200,DT,0,0,SORETRAK,,KM
3215,5800,6400,DT,0,0,SORETRAK,,KM
3216,6500,7200,DT,0,0,SORETRAK,,KM
3217,7300,8100,DT,0,0,SORETRAK,,KM
3218,7800,8600,DT,0,0,SORETRAK,,KM
3219,700,800,DT,0,0,SORETRAK,,KM
3220,700,800,DT,0,0,SORETRAK,,KM
3221,1200,1400,DT,0,0,SORETRAK,,KM
3222,1500,1700,DT,0,0,SORETRAK,,KM
3223,2100,2400,DT,0,0,SORETRAK,,KM
3224,2300,2600,DT,0,0,SORETRAK,,KM
3225,2800,3100,DT,0,0,SORETRAK,,KM
3226,3300,3700,DT,0,0,SORETRAK,,KM
3227,3700,4100,DT,0,0,SORETRAK,,KM
3228,4100,4600,DT,0,0,SORETRAK,,KM
3229,4500,5000,DT,0,0,SORETRAK,,KM
3230,5000,5500,DT,0,0,SORETRAK,,KM
3231,5500,6100,DT,0,0,SORETRAK,,KM
3232,5700,6300,DT,0,0,SORETRAK,,KM
3233,6400,7100,DT,0,0,SORETRAK,,KM
3234,7100,7900,DT,0,0,SORETRAK,,KM
3235,7700,8500,DT,0,0,SORETRAK,,KM
3236,700,800,DT,0,0,SORETRAK,,KM
3237,1000,1100,DT,0,0,SORETRAK,,KM
3238,1300,1500,DT,0,0,SORETRAK,,KM
3239,1900,2100,DT,0,0,SORETRAK,,KM
3240,2100,2400,DT,0,0,SORETRAK,,KM
3241,2600,2900,DT,0,0,SORETRAK,,KM
3242,3100,3500,DT,0,0,SORETRAK,,KM
3243,3500,3900,DT,0,0,SORETRAK,,KM
3244,3900,4300,DT,0,0,SORETRAK,,KM
3245,4300,4800,DT,0,0,SORETRAK,,KM
3246,4800,5300,DT,0,0,SORETRAK,,KM
3247,5300,5900,DT,0,0,SORETRAK,,KM
3248,5500,6100,DT,0,0,SORETRAK,,KM
3249,6200,6900,DT,0,0,SORETRAK,,KM
3250,6900,7600,DT,0,0,SORETRAK,,KM
3251,7500,8300,DT,0,0,SORETRAK,,KM
3252,700,800,DT,0,0,SORETRAK,,KM
3253,1000,1100,DT,0,0,SORETRAK,,KM
3254,1600,1800,DT,0,0,SORETRAK,,KM
3255,1900,2100,DT,0,0,SORETRAK,,KM
3256,2400,2700,DT,0,0,SORETRAK,,KM
3257,2800,3100,DT,0,0,SORETRAK,,KM
3258,3200,3600,DT,0,0,SORETRAK,,KM
3259,3600,4000,DT,0,0,SORETRAK,,KM
3260,4100,4600,DT,0,0,SORETRAK,,KM
3261,4500,5000,DT,0,0,SORETRAK,,KM
3262,5100,5700,DT,0,0,SORETRAK,,KM
3263,5200,5800,DT,0,0,SORETRAK,,KM
3264,5900,6500,DT,0,0,SORETRAK,,KM
3265,6700,7400,DT,0,0,SORETRAK,,KM
3266,7200,8000,DT,0,0,SORETRAK,,KM
3267,700,800,DT,0,0,SORETRAK,,KM
3268,1000,1100,DT,0,0,SORETRAK,,KM
3269,1200,1400,DT,0,0,SORETRAK,,KM
3270,1700,1900,DT,0,0,SORETRAK,,KM
3271,2200,2500,DT,0,0,SORETRAK,,KM
3272,2600,2900,DT,0,0,SORETRAK,,KM
3273,3000,3300,DT,0,0,SORETRAK,,KM
3274,3400,3800,DT,0,0,SORETRAK,,KM
3275,3900,4300,DT,0,0,SORETRAK,,KM
3276,4400,4900,DT,0,0,SORETRAK,,KM
3277,4600,5100,DT,0,0,SORETRAK,,KM
3278,5200,5800,DT,0,0,SORETRAK,,KM
3279,6000,6600,DT,0,0,SORETRAK,,KM
3280,6500,7200,DT,0,0,SORETRAK,,KM
3281,700,800,DT,0,0,SORETRAK,,KM
3282,900,1000,DT,0,0,SORETRAK,,KM
3283,1400,1600,DT,0,0,SORETRAK,,KM
3284,1900,2100,DT,0,0,SORETRAK,,KM
3285,2300,2600,DT,0,0,SORETRAK,,KM
3286,2600,2900,DT,0,0,SORETRAK,,KM
3287,3100,3500,DT,0,0,SORETRAK,,KM
3288,3600,4000,DT,0,0,SORETRAK,,KM
3289,4100,4600,DT,0,0,SORETRAK,,KM
3290,4300,4800,DT,0,0,SORETRAK,,KM
3291,4900,5400,DT,0,0,SORETRAK,,KM
3292,5700,6300,DT,0,0,SORETRAK,,KM
3293,6200,6900,DT,0,0,SORETRAK,,KM
3294,700,800,DT,0,0,SORETRAK,,KM
3295,800,900,DT,0,0,SORETRAK,,KM
3296,1300,1500,DT,0,0,SORETRAK,,KM
3297,1700,1900,DT,0,0,SORETRAK,,KM
3298,2100,2400,DT,0,0,SORETRAK,,KM
3299,2500,2800,DT,0,0,SORETRAK,,KM
3300,3000,3300,DT,0,0,SORETRAK,,KM
3301,3500,3900,DT,0,0,SORETRAK,,KM
3302,3700,4100,DT,0,0,SORETRAK,,KM
3303,4300,4800,DT,0,0,SORETRAK,,KM
3304,5100,5700,DT,0,0,SORETRAK,,KM
3305,5600,6200,DT,0,0,SORETRAK,,KM
3306,700,800,DT,0,0,SORETRAK,,KM
3307,1000,1100,DT,0,0,SORETRAK,,KM
3308,1400,1600,DT,0,0,SORETRAK,,KM
3309,1800,2000,DT,0,0,SORETRAK,,KM
3310,2300,2600,DT,0,0,SORETRAK,,KM
3311,2700,3000,DT,0,0,SORETRAK,,KM
3312,3200,3600,DT,0,0,SORETRAK,,KM
3313,3400,3800,DT,0,0,SORETRAK,,KM
3314,4100,4600,DT,0,0,SORETRAK,,KM
3315,4900,5400,DT,0,0,SORETRAK,,KM
3316,5400,6000,DT,0,0,SORETRAK,,KM
3317,700,800,DT,0,0,SORETRAK,,KM
3318,900,1000,DT,0,0,SORETRAK,,KM
3319,1300,1500,DT,0,0,SORETRAK,,KM
3320,1700,1900,DT,0,0,SORETRAK,,KM
3321,2200,2500,DT,0,0,SORETRAK,,KM
3322,2700,3000,DT,0,0,SORETRAK,,KM
3323,2900,3200,DT,0,0,SORETRAK,,KM
3324,3600,4000,DT,0,0,SORETRAK,,KM
3325,4300,4800,DT,0,0,SORETRAK,,KM
3326,4900,5400,DT,0,0,SORETRAK,,KM
3327,700,800,DT,0,0,SORETRAK,,KM
3328,800,900,DT,0,0,SORETRAK,,KM
3329,1300,1500,DT,0,0,SORETRAK,,KM
3330,1700,1900,DT,0,0,SORETRAK,,KM
3331,2300,2600,DT,0,0,SORETRAK,,KM
3332,2500,2800,DT,0,0,SORETRAK,,KM
3333,3100,3500,DT,0,0,SORETRAK,,KM
3334,3900,4300,DT,0,0,SORETRAK,,KM
3335,4400,4900,DT,0,0,SORETRAK,,KM
3336,700,800,DT,0,0,SORETRAK,,KM
3337,900,1000,DT,0,0,SORETRAK,,KM
3338,1300,1500,DT,0,0,SORETRAK,,KM
3339,1900,2100,DT,0,0,SORETRAK,,KM
3340,2100,2400,DT,0,0,SORETRAK,,KM
3341,2700,3000,DT,0,0,SORETRAK,,KM
3342,3500,3900,DT,0,0,SORETRAK,,KM
3343,4000,4400,DT,0,0,SORETRAK,,KM
3344,700,800,DT,0,0,SORETRAK,,KM
3345,1000,1100,DT,0,0,SORETRAK,,KM
3346,1500,1700,DT,0,0,SORETRAK,,KM
3347,1700,1900,DT,0,0,SORETRAK,,KM
3348,2300,2600,DT,0,0,SORETRAK,,KM
3349,3100,3500,DT,0,0,SORETRAK,,KM
3350,3600,4000,DT,0,0,SORETRAK,,KM
3351,700,800,DT,0,0,SORETRAK,,KM
3352,1000,1100,DT,0,0,SORETRAK,,KM
3353,1200,1400,DT,0,0,SORETRAK,,KM
3354,1900,2100,DT,0,0,SORETRAK,,KM
3355,2600,2900,DT,0,0,SORETRAK,,KM
3356,3200,3600,DT,0,0,SORETRAK,,KM
3357,700,800,DT,0,0,SORETRAK,,KM
3358,800,900,DT,0,0,SORETRAK,,KM
3359,1400,1600,DT,0,0,SORETRAK,,KM
3360,2200,2500,DT,0,0,SORETRAK,,KM
3361,2700,3000,DT,0,0,SORETRAK,,KM
3362,700,800,DT,0,0,SORETRAK,,KM
3363,900,1000,DT,0,0,SORETRAK,,KM
3364,1700,1900,DT,0,0,SORETRAK,,KM
3365,2200,2500,DT,0,0,SORETRAK,,KM
3366,700,800,DT,0,0,SORETRAK,,KM
3367,1500,1700,DT,0,0,SORETRAK,,KM
3368,2000,2200,DT,0,0,SORETRAK,,KM
3369,800,900,DT,0,0,SORETRAK,,KM
3370,1300,1500,DT,0,0,SORETRAK,,KM
3371,700,800,DT,0,0,SORETRAK,,KM
3372,700,800,DT,0,0,SORETRAK,,KM
3373,1000,1100,DT,0,0,SORETRAK,,KM
3374,1100,1300,DT,0,0,SORETRAK,,KM
3375,1200,1400,DT,0,0,SORETRAK,,KM
3376,1400,1600,DT,0,0,SORETRAK,,KM
3377,1700,1900,DT,0,0,SORETRAK,,KM
3378,2300,2600,DT,0,0,SORETRAK,,KM
3379,700,800,DT,0,0,SORETRAK,,KM
3380,700,800,DT,0,0,SORETRAK,,KM
3381,700,800,DT,0,0,SORETRAK,,KM
3382,800,900,DT,0,0,SORETRAK,,KM
3383,1000,1100,DT,0,0,SORETRAK,,KM
3384,1700,1900,DT,0,0,SORETRAK,,KM
3385,700,800,DT,0,0,SORETRAK,,KM
3386,700,800,DT,0,0,SORETRAK,,KM
3387,700,800,DT,0,0,SORETRAK,,KM
3388,800,900,DT,0,0,SORETRAK,,KM
3389,1400,1600,DT,0,0,SORETRAK,,KM
3390,700,800,DT,0,0,SORETRAK,,KM
3391,700,800,DT,0,0,SORETRAK,,KM
3392,700,800,DT,0,0,SORETRAK,,KM
3393,1300,1500,DT,0,0,SORETRAK,,KM
3394,700,800,DT,0,0,SORETRAK,,KM
3395,700,800,DT,0,0,SORETRAK,,KM
3396,1200,1400,DT,0,0,SORETRAK,,KM
3397,700,800,DT,0,0,SORETRAK,,KM
3398,1000,1100,DT,0,0,SORETRAK,,KM
3399,700,800,DT,0,0,SORETRAK,,KM
3400,700,800,DT,0,0,SORETRAK,,KM
3401,1000,1100,DT,0,0,SORETRAK,,KM
3402,1100,1300,DT,0,0,SORETRAK,,KM
3403,1200,1400,DT,0,0,SORETRAK,,KM
3404,1400,1600,DT,0,0,SORETRAK,,KM
3405,700,800,DT,0,0,SORETRAK,,KM
3406,700,800,DT,0,0,SORETRAK,,KM
3407,700,800,DT,0,0,SORETRAK,,KM
3408,800,900,DT,0,0,SORETRAK,,KM
3409,700,800,DT,0,0,SORETRAK,,KM
3410,700,800,DT,0,0,SORETRAK,,KM
3411,700,800,DT,0,0,SORETRAK,,KM
3412,700,800,DT,0,0,SORETRAK,,KM
3413,700,800,DT,0,0,SORETRAK,,KM
3414,700,800,DT,0,0,SORETRAK,,KM
3415,700,800,DT,0,0,SORETRAK,,KM
3416,1000,1100,DT,0,0,SORETRAK,,KM
3417,700,800,DT,0,0,SORETRAK,,KM
3418,700,800,DT,0,0,SORETRAK,,KM
3419,1000,1100,DT,0,0,SORETRAK,,KM
3420,1100,1300,DT,0,0,SORETRAK,,KM
3421,1200,1400,DT,0,0,SORETRAK,,KM
3422,1600,1800,DT,0,0,SORETRAK,,KM
3423,2000,2200,DT,0,0,SORETRAK,,KM
3424,2300,2600,DT,0,0,SORETRAK,,KM
3425,2600,2900,DT,0,0,SORETRAK,,KM
3426,3300,3700,DT,0,0,SORETRAK,,KM
3427,700,800,DT,0,0,SORETRAK,,KM
3428,700,800,DT,0,0,SORETRAK,,KM
3429,700,800,DT,0,0,SORETRAK,,KM
3430,1000,1100,DT,0,0,SORETRAK,,KM
3431,1300,1500,DT,0,0,SORETRAK,,KM
3432,1700,1900,DT,0,0,SORETRAK,,KM
3433,2000,2200,DT,0,0,SORETRAK,,KM
3434,2600,2900,DT,0,0,SORETRAK,,KM
3435,700,800,DT,0,0,SORETRAK,,KM
3436,700,800,DT,0,0,SORETRAK,,KM
3437,700,800,DT,0,0,SORETRAK,,KM
3438,1100,1300,DT,0,0,SORETRAK,,KM
3439,1400,1600,DT,0,0,SORETRAK,,KM
3440,1700,1900,DT,0,0,SORETRAK,,KM
3441,2400,2700,DT,0,0,SORETRAK,,KM
3442,700,800,DT,0,0,SORETRAK,,KM
3443,700,800,DT,0,0,SORETRAK,,KM
3444,1000,1100,DT,0,0,SORETRAK,,KM
3445,1300,1500,DT,0,0,SORETRAK,,KM
3446,1600,1800,DT,0,0,SORETRAK,,KM
3447,2300,2600,DT,0,0,SORETRAK,,KM
3448,700,800,DT,0,0,SORETRAK,,KM
3449,800,900,DT,0,0,SORETRAK,,KM
3450,1200,1400,DT,0,0,SORETRAK,,KM
3451,1500,1700,DT,0,0,SORETRAK,,KM
3452,2100,2400,DT,0,0,SORETRAK,,KM
3453,700,800,DT,0,0,SORETRAK,,KM
3454,800,900,DT,0,0,SORETRAK,,KM
3455,1100,1300,DT,0,0,SORETRAK,,KM
3456,1700,1900,DT,0,0,SORETRAK,,KM
3457,700,800,DT,0,0,SORETRAK,,KM
3458,700,800,DT,0,0,SORETRAK,,KM
3459,1300,1500,DT,0,0,SORETRAK,,KM
3460,700,800,DT,0,0,SORETRAK,,KM
3461,1000,1100,DT,0,0,SORETRAK,,KM
3462,700,800,DT,0,0,SORETRAK,,KM
3463,700,800,DT,0,0,SORETRAK,,KM
3464,700,800,DT,0,0,SORETRAK,,KM
3465,1200,1400,DT,0,0,SORETRAK,,KM
3466,1500,1700,DT,0,0,SORETRAK,,KM
3467,1700,1900,DT,0,0,SORETRAK,,KM
3468,2200,2500,DT,0,0,SORETRAK,,KM
3469,2600,2900,DT,0,0,SORETRAK,,KM
3470,3100,3500,DT,0,0,SORETRAK,,KM
3471,3400,3800,DT,0,0,SORETRAK,,KM
3472,3800,4200,DT,0,0,SORETRAK,,KM
3473,4300,4800,DT,0,0,SORETRAK,,KM
3474,700,800,DT,0,0,SORETRAK,,KM
3475,800,900,DT,0,0,SORETRAK,,KM
3476,1000,1100,DT,0,0,SORETRAK,,KM
3477,1500,1700,DT,0,0,SORETRAK,,KM
3478,1900,2100,DT,0,0,SORETRAK,,KM
3479,2500,2800,DT,0,0,SORETRAK,,KM
3480,2800,3100,DT,0,0,SORETRAK,,KM
3481,3200,3600,DT,0,0,SORETRAK,,KM
3482,3700,4100,DT,0,0,SORETRAK,,KM
3483,700,800,DT,0,0,SORETRAK,,KM
3484,700,800,DT,0,0,SORETRAK,,KM
3485,1100,1300,DT,0,0,SORETRAK,,KM
3486,1500,1700,DT,0,0,SORETRAK,,KM
3487,2000,2200,DT,0,0,SORETRAK,,KM
3488,2300,2600,DT,0,0,SORETRAK,,KM
3489,2700,3000,DT,0,0,SORETRAK,,KM
3490,3200,3600,DT,0,0,SORETRAK,,KM
3491,700,800,DT,0,0,SORETRAK,,KM
3492,800,900,DT,0,0,SORETRAK,,KM
3493,1200,1400,DT,0,0,SORETRAK,,KM
3494,1700,1900,DT,0,0,SORETRAK,,KM
3495,2000,2200,DT,0,0,SORETRAK,,KM
3496,2400,2700,DT,0,0,SORETRAK,,KM
3497,2900,3200,DT,0,0,SORETRAK,,KM
3498,700,800,DT,0,0,SORETRAK,,KM
3499,1000,1100,DT,0,0,SORETRAK,,KM
3500,1500,1700,DT,0,0,SORETRAK,,KM
3501,1800,2000,DT,0,0,SORETRAK,,KM
3502,2200,2500,DT,0,0,SORETRAK,,KM
3503,2700,3000,DT,0,0,SORETRAK,,KM
3504,700,800,DT,0,0,SORETRAK,,KM
3505,1000,1100,DT,0,0,SORETRAK,,KM
3506,1300,1500,DT,0,0,SORETRAK,,KM
3507,1700,1900,DT,0,0,SORETRAK,,KM
3508,2200,2500,DT,0,0,SORETRAK,,KM
3509,700,800,DT,0,0,SORETRAK,,KM
3510,900,1000,DT,0,0,SORETRAK,,KM
3511,1300,1500,DT,0,0,SORETRAK,,KM
3512,1800,2000,DT,0,0,SORETRAK,,KM
3513,700,800,DT,0,0,SORETRAK,,KM
3514,800,900,DT,0,0,SORETRAK,,KM
3515,1300,1500,DT,0,0,SORETRAK,,KM
3516,700,800,DT,0,0,SORETRAK,,KM
3517,1000,1100,DT,0,0,SORETRAK,,KM
3518,700,800,DT,0,0,SORETRAK,,KM
3519,700,800,DT,0,0,SORETRAK,,KM
3520,800,900,DT,0,0,SORETRAK,,KM
3521,700,800,DT,0,0,SORETRAK,,KM
3522,800,900,DT,0,0,SORETRAK,,KM
3523,1000,1100,DT,0,0,SORETRAK,,KM
3524,1100,1300,DT,0,0,SORETRAK,,KM
3525,1300,1500,DT,0,0,SORETRAK,,KM
3526,1400,1600,DT,0,0,SORETRAK,,KM
3527,1500,1700,DT,0,0,SORETRAK,,KM
3528,1800,2000,DT,0,0,SORETRAK,,KM
3529,2300,2600,DT,0,0,SORETRAK,,KM
3530,700,800,DT,0,0,SORETRAK,,KM
3531,700,800,DT,0,0,SORETRAK,,KM
3532,700,800,DT,0,0,SORETRAK,,KM
3533,700,800,DT,0,0,SORETRAK,,KM
3534,800,900,DT,0,0,SORETRAK,,KM
3535,1100,1300,DT,0,0,SORETRAK,,KM
3536,1600,1800,DT,0,0,SORETRAK,,KM
3537,700,800,DT,0,0,SORETRAK,,KM
3538,700,800,DT,0,0,SORETRAK,,KM
3539,700,800,DT,0,0,SORETRAK,,KM
3540,700,800,DT,0,0,SORETRAK,,KM
3541,900,1000,DT,0,0,SORETRAK,,KM
3542,1400,1600,DT,0,0,SORETRAK,,KM
3543,700,800,DT,0,0,SORETRAK,,KM
3544,700,800,DT,0,0,SORETRAK,,KM
3545,700,800,DT,0,0,SORETRAK,,KM
3546,800,900,DT,0,0,SORETRAK,,KM
3547,1300,1500,DT,0,0,SORETRAK,,KM
3548,700,800,DT,0,0,SORETRAK,,KM
3549,700,800,DT,0,0,SORETRAK,,KM
3550,700,800,DT,0,0,SORETRAK,,KM
3551,1100,1300,DT,0,0,SORETRAK,,KM
3552,700,800,DT,0,0,SORETRAK,,KM
3553,700,800,DT,0,0,SORETRAK,,KM
3554,1000,1100,DT,0,0,SORETRAK,,KM
3555,700,800,DT,0,0,SORETRAK,,KM
3556,800,900,DT,0,0,SORETRAK,,KM
3557,700,800,DT,0,0,SORETRAK,,KM
3558,700,800,DT,0,0,SORETRAK,,KM
3559,1200,1400,DT,0,0,SORETRAK,,KM
3560,1500,1700,DT,0,0,SORETRAK,,KM
3561,1700,1900,DT,0,0,SORETRAK,,KM
3562,2200,2500,DT,0,0,SORETRAK,,KM
3563,2600,2900,DT,0,0,SORETRAK,,KM
3564,3100,3500,DT,0,0,SORETRAK,,KM
3565,700,800,DT,0,0,SORETRAK,,KM
3566,800,900,DT,0,0,SORETRAK,,KM
3567,1000,1100,DT,0,0,SORETRAK,,KM
3568,1500,1700,DT,0,0,SORETRAK,,KM
3569,1900,2100,DT,0,0,SORETRAK,,KM
3570,2500,2800,DT,0,0,SORETRAK,,KM
3571,700,800,DT,0,0,SORETRAK,,KM
3572,700,800,DT,0,0,SORETRAK,,KM
3573,1100,1300,DT,0,0,SORETRAK,,KM
3574,1500,1700,DT,0,0,SORETRAK,,KM
3575,2000,2200,DT,0,0,SORETRAK,,KM
3576,700,800,DT,0,0,SORETRAK,,KM
3577,800,900,DT,0,0,SORETRAK,,KM
3578,1200,1400,DT,0,0,SORETRAK,,KM
3579,1700,1900,DT,0,0,SORETRAK,,KM
3580,700,800,DT,0,0,SORETRAK,,KM
3581,1000,1100,DT,0,0,SORETRAK,,KM
3582,1500,1700,DT,0,0,SORETRAK,,KM
3583,700,800,DT,0,0,SORETRAK,,KM
3584,1000,1100,DT,0,0,SORETRAK,,KM
3585,700,800,DT,0,0,SORETRAK,,KM
3586,700,800,DT,0,0,SORETRAK,,KM
3587,800,900,DT,0,0,SORETRAK,,KM
3588,900,1000,DT,0,0,SORETRAK,,KM
3589,1300,1500,DT,0,0,SORETRAK,,KM
3590,700,800,DT,0,0,SORETRAK,,KM
3591,700,800,DT,0,0,SORETRAK,,KM
3592,800,900,DT,0,0,SORETRAK,,KM
3593,700,800,DT,0,0,SORETRAK,,KM
3594,700,800,DT,0,0,SORETRAK,,KM
3595,700,800,DT,0,0,SORETRAK,,KM
3596,900,1000,DT,0,0,SORETRAK,,KM
3597,1500,1700,DT,0,0,SORETRAK,,KM
3598,1700,1900,DT,0,0,SORETRAK,,KM
3599,700,800,DT,0,0,SORETRAK,,KM
3600,800,900,DT,0,0,SORETRAK,,KM
3601,700,800,DT,0,0,SORETRAK,,KM
3602,900,1000,DT,0,0,SORETRAK,,KM
3603,1000,1100,DT,0,0,SORETRAK,,KM
3604,1200,1400,DT,0,0,SORETRAK,,KM
3605,1500,1700,DT,0,0,SORETRAK,,KM
3606,1700,1900,DT,0,0,SORETRAK,,KM
3607,700,800,DT,0,0,SORETRAK,,KM
3608,700,800,DT,0,0,SORETRAK,,KM
3609,700,800,DT,0,0,SORETRAK,,KM
3610,800,900,DT,0,0,SORETRAK,,KM
3611,700,800,DT,0,0,SORETRAK,,KM
3612,700,800,DT,0,0,SORETRAK,,KM
3613,700,800,DT,0,0,SORETRAK,,KM
3614,700,800,DT,0,0,SORETRAK,,KM
3615,700,800,DT,0,0,SORETRAK,,KM
3616,700,800,DT,0,0,SORETRAK,,KM
3617,700,800,DT,0,0,SORETRAK,,KM
3618,1000,1100,DT,0,0,SORETRAK,,KM
3619,1100,1300,DT,0,0,SORETRAK,,KM
3620,1300,1500,DT,0,0,SORETRAK,,KM
3621,1600,1800,DT,0,0,SORETRAK,,KM
3622,1700,1900,DT,0,0,SORETRAK,,KM
3623,700,800,DT,0,0,SORETRAK,,KM
3624,700,800,DT,0,0,SORETRAK,,KM
3625,700,800,DT,0,0,SORETRAK,,KM
3626,1000,1100,DT,0,0,SORETRAK,,KM
3627,1000,1100,DT,0,0,SORETRAK,,KM
3628,700,800,DT,0,0,SORETRAK,,KM
3629,700,800,DT,0,0,SORETRAK,,KM
3630,700,800,DT,0,0,SORETRAK,,KM
3631,800,900,DT,0,0,SORETRAK,,KM
3632,700,800,DT,0,0,SORETRAK,,KM
3633,700,800,DT,0,0,SORETRAK,,KM
3634,700,800,DT,0,0,SORETRAK,,KM
3635,700,800,DT,0,0,SORETRAK,,KM
3636,700,800,DT,0,0,SORETRAK,,KM
3637,700,800,DT,0,0,SORETRAK,,KM
3638,700,800,DT,0,0,SORETRAK,,KM
3639,1000,1100,DT,0,0,SORETRAK,,KM
3640,1200,1400,DT,0,0,SORETRAK,,KM
3641,1400,1600,DT,0,0,SORETRAK,,KM
3642,700,800,DT,0,0,SORETRAK,,KM
3643,700,800,DT,0,0,SORETRAK,,KM
3644,800,900,DT,0,0,SORETRAK,,KM
3645,700,800,DT,0,0,SORETRAK,,KM
3646,700,800,DT,0,0,SORETRAK,,KM
3647,700,800,DT,0,0,SORETRAK,,KM
3648,900,1000,DT,0,0,SORETRAK,,KM
3649,1200,1400,DT,0,0,SORETRAK,,KM
3650,1800,2000,DT,0,0,SORETRAK,,KM
3651,700,800,DT,0,0,SORETRAK,,KM
3652,1000,1100,DT,0,0,SORETRAK,,KM
3653,700,800,DT,0,0,SORETRAK,,KM
3654,700,800,DT,0,0,SORETRAK,,KM
3655,1000,1100,DT,0,0,SORETRAK,,KM
3656,1100,1300,DT,0,0,SORETRAK,,KM
3657,1200,1400,DT,0,0,SORETRAK,,KM
3658,1600,1800,DT,0,0,SORETRAK,,KM
3659,2000,2200,DT,0,0,SORETRAK,,KM
3660,2300,2600,DT,0,0,SORETRAK,,KM
3661,700,800,DT,0,0,SORETRAK,,KM
3662,700,800,DT,0,0,SORETRAK,,KM
3663,700,800,DT,0,0,SORETRAK,,KM
3664,1000,1100,DT,0,0,SORETRAK,,KM
3665,1300,1500,DT,0,0,SORETRAK,,KM
3666,1700,1900,DT,0,0,SORETRAK,,KM
3667,700,800,DT,0,0,SORETRAK,,KM
3668,700,800,DT,0,0,SORETRAK,,KM
3669,700,800,DT,0,0,SORETRAK,,KM
3670,1100,1300,DT,0,0,SORETRAK,,KM
3671,1400,1600,DT,0,0,SORETRAK,,KM
3672,700,800,DT,0,0,SORETRAK,,KM
3673,700,800,DT,0,0,SORETRAK,,KM
3674,1000,1100,DT,0,0,SORETRAK,,KM
3675,1300,1500,DT,0,0,SORETRAK,,KM
3676,700,800,DT,0,0,SORETRAK,,KM
3677,800,900,DT,0,0,SORETRAK,,KM
3678,1200,1400,DT,0,0,SORETRAK,,KM
3679,700,800,DT,0,0,SORETRAK,,KM
3680,800,900,DT,0,0,SORETRAK,,KM
3681,700,800,DT,0,0,SORETRAK,,KM
3682,700,800,DT,0,0,SORETRAK,,KM
3683,800,900,DT,0,0,SORETRAK,,KM
3684,1300,1500,DT,0,0,SORETRAK,,KM
3685,1500,1700,DT,0,0,SORETRAK,,KM
3686,2000,2200,DT,0,0,SORETRAK,,KM
3687,2300,2600,DT,0,0,SORETRAK,,KM
3688,700,800,DT,0,0,SORETRAK,,KM
3689,700,800,DT,0,0,SORETRAK,,KM
3690,900,1000,DT,0,0,SORETRAK,,KM
3691,1300,1500,DT,0,0,SORETRAK,,KM
3692,1700,1900,DT,0,0,SORETRAK,,KM
3693,700,800,DT,0,0,SORETRAK,,KM
3694,800,900,DT,0,0,SORETRAK,,KM
3695,1200,1400,DT,0,0,SORETRAK,,KM
3696,1500,1700,DT,0,0,SORETRAK,,KM
3697,700,800,DT,0,0,SORETRAK,,KM
3698,700,800,DT,0,0,SORETRAK,,KM
3699,1000,1100,DT,0,0,SORETRAK,,KM
3700,700,800,DT,0,0,SORETRAK,,KM
3701,800,900,DT,0,0,SORETRAK,,KM
3702,700,800,DT,0,0,SORETRAK,,KM
3703,1200,1400,DT,0,0,SORETRAK,,KM
3704,1400,1600,DT,0,0,SORETRAK,,KM
3705,1700,1900,DT,0,0,SORETRAK,,KM
3706,1800,2000,DT,0,0,SORETRAK,,KM
3707,2300,2600,DT,0,0,SORETRAK,,KM
3708,2500,2800,DT,0,0,SORETRAK,,KM
3709,2600,2900,DT,0,0,SORETRAK,,KM
3710,3300,3700,DT,0,0,SORETRAK,,KM
3711,3400,3800,DT,0,0,SORETRAK,,KM
3712,3600,4000,DT,0,0,SORETRAK,,KM
3713,3900,4300,DT,0,0,SORETRAK,,KM
3714,4000,4400,DT,0,0,SORETRAK,,KM
3715,4300,4800,DT,0,0,SORETRAK,,KM
3716,4800,5300,DT,0,0,SORETRAK,,KM
3717,700,800,DT,0,0,SORETRAK,,KM
3718,700,800,DT,0,0,SORETRAK,,KM
3719,700,800,DT,0,0,SORETRAK,,KM
3720,1200,1400,DT,0,0,SORETRAK,,KM
3721,1300,1500,DT,0,0,SORETRAK,,KM
3722,1500,1700,DT,0,0,SORETRAK,,KM
3723,2200,2500,DT,0,0,SORETRAK,,KM
3724,2300,2600,DT,0,0,SORETRAK,,KM
3725,2500,2800,DT,0,0,SORETRAK,,KM
3726,2800,3100,DT,0,0,SORETRAK,,KM
3727,2900,3200,DT,0,0,SORETRAK,,KM
3728,3200,3600,DT,0,0,SORETRAK,,KM
3729,3700,4100,DT,0,0,SORETRAK,,KM
3730,700,800,DT,0,0,SORETRAK,,KM
3731,700,800,DT,0,0,SORETRAK,,KM
3732,1000,1100,DT,0,0,SORETRAK,,KM
3733,1100,1300,DT,0,0,SORETRAK,,KM
3734,1300,1500,DT,0,0,SORETRAK,,KM
3735,1900,2100,DT,0,0,SORETRAK,,KM
3736,2000,2200,DT,0,0,SORETRAK,,KM
3737,2200,2500,DT,0,0,SORETRAK,,KM
3738,2500,2800,DT,0,0,SORETRAK,,KM
3739,2600,2900,DT,0,0,SORETRAK,,KM
3740,3000,3300,DT,0,0,SORETRAK,,KM
3741,3400,3800,DT,0,0,SORETRAK,,KM
3742,700,800,DT,0,0,SORETRAK,,KM
3743,700,800,DT,0,0,SORETRAK,,KM
3744,800,900,DT,0,0,SORETRAK,,KM
3745,1000,1100,DT,0,0,SORETRAK,,KM
3746,1700,1900,DT,0,0,SORETRAK,,KM
3747,1700,1900,DT,0,0,SORETRAK,,KM
3748,1900,2100,DT,0,0,SORETRAK,,KM
3749,2300,2600,DT,0,0,SORETRAK,,KM
3750,2400,2700,DT,0,0,SORETRAK,,KM
3751,2700,3000,DT,0,0,SORETRAK,,KM
3752,3200,3600,DT,0,0,SORETRAK,,KM
3753,700,800,DT,0,0,SORETRAK,,KM
3754,700,800,DT,0,0,SORETRAK,,KM
3755,900,1000,DT,0,0,SORETRAK,,KM
3756,1500,1700,DT,0,0,SORETRAK,,KM
3757,1600,1800,DT,0,0,SORETRAK,,KM
3758,1800,2000,DT,0,0,SORETRAK,,KM
3759,2100,2400,DT,0,0,SORETRAK,,KM
3760,2300,2600,DT,0,0,SORETRAK,,KM
3761,2600,2900,DT,0,0,SORETRAK,,KM
3762,3000,3300,DT,0,0,SORETRAK,,KM
3763,700,800,DT,0,0,SORETRAK,,KM
3764,700,800,DT,0,0,SORETRAK,,KM
3765,1000,1100,DT,0,0,SORETRAK,,KM
3766,1100,1300,DT,0,0,SORETRAK,,KM
3767,1300,1500,DT,0,0,SORETRAK,,KM
3768,1600,1800,DT,0,0,SORETRAK,,KM
3769,1700,1900,DT,0,0,SORETRAK,,KM
3770,2100,2400,DT,0,0,SORETRAK,,KM
3771,2500,2800,DT,0,0,SORETRAK,,KM
3772,700,800,DT,0,0,SORETRAK,,KM
3773,900,1000,DT,0,0,SORETRAK,,KM
3774,1000,1100,DT,0,0,SORETRAK,,KM
3775,1200,1400,DT,0,0,SORETRAK,,KM
3776,1500,1700,DT,0,0,SORETRAK,,KM
3777,1600,1800,DT,0,0,SORETRAK,,KM
3778,1900,2100,DT,0,0,SORETRAK,,KM
3779,2400,2700,DT,0,0,SORETRAK,,KM
3780,700,800,DT,0,0,SORETRAK,,KM
3781,800,900,DT,0,0,SORETRAK,,KM
3782,1000,1100,DT,0,0,SORETRAK,,KM
3783,1300,1500,DT,0,0,SORETRAK,,KM
3784,1400,1600,DT,0,0,SORETRAK,,KM
3785,1700,1900,DT,0,0,SORETRAK,,KM
3786,2200,2500,DT,0,0,SORETRAK,,KM
3787,700,800,DT,0,0,SORETRAK,,KM
3788,700,800,DT,0,0,SORETRAK,,KM
3789,700,800,DT,0,0,SORETRAK,,KM
3790,800,900,DT,0,0,SORETRAK,,KM
3791,1100,1300,DT,0,0,SORETRAK,,KM
3792,1500,1700,DT,0,0,SORETRAK,,KM
3793,700,800,DT,0,0,SORETRAK,,KM
3794,700,800,DT,0,0,SORETRAK,,KM
3795,700,800,DT,0,0,SORETRAK,,KM
3796,1000,1100,DT,0,0,SORETRAK,,KM
3797,1500,1700,DT,0,0,SORETRAK,,KM
3798,700,800,DT,0,0,SORETRAK,,KM
3799,700,800,DT,0,0,SORETRAK,,KM
3800,800,900,DT,0,0,SORETRAK,,KM
3801,1300,1500,DT,0,0,SORETRAK,,KM
3802,700,800,DT,0,0,SORETRAK,,KM
3803,700,800,DT,0,0,SORETRAK,,KM
3804,1000,1100,DT,0,0,SORETRAK,,KM
3805,700,800,DT,0,0,SORETRAK,,KM
3806,800,900,DT,0,0,SORETRAK,,KM
3807,700,800,DT,0,0,SORETRAK,,KM
3808,700,800,DT,0,0,SORETRAK,,KM
3809,1000,1100,DT,0,0,SORETRAK,,KM
3810,1400,1600,DT,0,0,SORETRAK,,KM
3811,1800,2000,DT,0,0,SORETRAK,,KM
3812,2000,2200,DT,0,0,SORETRAK,,KM
3813,700,800,DT,0,0,SORETRAK,,KM
3814,800,900,DT,0,0,SORETRAK,,KM
3815,1200,1400,DT,0,0,SORETRAK,,KM
3816,1300,1500,DT,0,0,SORETRAK,,KM
3817,700,800,DT,0,0,SORETRAK,,KM
3818,800,900,DT,0,0,SORETRAK,,KM
3819,1000,1100,DT,0,0,SORETRAK,,KM
3820,700,800,DT,0,0,SORETRAK,,KM
3821,700,800,DT,0,0,SORETRAK,,KM
3822,700,800,DT,0,0,SORETRAK,,KM
3823,700,800,DT,0,0,SORETRAK,,KM
3824,1200,1400,DT,0,0,SORETRAK,,KM
3825,1300,1500,DT,0,0,SORETRAK,,KM
3826,1600,1800,DT,0,0,SORETRAK,,KM
3827,2000,2200,DT,0,0,SORETRAK,,KM
3828,2200,2500,DT,0,0,SORETRAK,,KM
3829,2400,2700,DT,0,0,SORETRAK,,KM
3830,900,1000,DT,0,0,SORETRAK,,KM
3831,900,1000,DT,0,0,SORETRAK,,KM
3832,1300,1500,DT,0,0,SORETRAK,,KM
3833,1600,1800,DT,0,0,SORETRAK,,KM
3834,1800,2000,DT,0,0,SORETRAK,,KM
3835,2100,2400,DT,0,0,SORETRAK,,KM
3836,700,800,DT,0,0,SORETRAK,,KM
3837,700,800,DT,0,0,SORETRAK,,KM
3838,800,900,DT,0,0,SORETRAK,,KM
3839,1000,1100,DT,0,0,SORETRAK,,KM
3840,1300,1500,DT,0,0,SORETRAK,,KM
3841,700,800,DT,0,0,SORETRAK,,KM
3842,800,900,DT,0,0,SORETRAK,,KM
3843,1000,1100,DT,0,0,SORETRAK,,KM
3844,1200,1400,DT,0,0,SORETRAK,,KM
3845,700,800,DT,0,0,SORETRAK,,KM
3846,700,800,DT,0,0,SORETRAK,,KM
3847,900,1000,DT,0,0,SORETRAK,,KM
3848,700,800,DT,0,0,SORETRAK,,KM
3849,700,800,DT,0,0,SORETRAK,,KM
3850,700,800,DT,0,0,SORETRAK,,KM
3851,700,800,DT,0,0,SORETRAK,,KM
3852,1000,1100,DT,0,0,SORETRAK,,KM
3853,1100,1300,DT,0,0,SORETRAK,,KM
3854,1200,1400,DT,0,0,SORETRAK,,KM
3855,1400,1600,DT,0,0,SORETRAK,,KM
3856,1700,1900,DT,0,0,SORETRAK,,KM
3857,2300,2600,DT,0,0,SORETRAK,,KM
3858,2600,2900,DT,0,0,SORETRAK,,KM
3859,3200,3600,DT,0,0,SORETRAK,,KM
3860,3500,3900,DT,0,0,SORETRAK,,KM
3861,4000,4400,DT,0,0,SORETRAK,,KM
3862,4500,5000,DT,0,0,SORETRAK,,KM
3863,700,800,DT,0,0,SORETRAK,,KM
3864,700,800,DT,0,0,SORETRAK,,KM
3865,700,800,DT,0,0,SORETRAK,,KM
3866,800,900,DT,0,0,SORETRAK,,KM
3867,1000,1100,DT,0,0,SORETRAK,,KM
3868,1700,1900,DT,0,0,SORETRAK,,KM
3869,2000,2200,DT,0,0,SORETRAK,,KM
3870,2600,2900,DT,0,0,SORETRAK,,KM
3871,2800,3100,DT,0,0,SORETRAK,,KM
3872,3400,3800,DT,0,0,SORETRAK,,KM
3873,3800,4200,DT,0,0,SORETRAK,,KM
3874,700,800,DT,0,0,SORETRAK,,KM
3875,700,800,DT,0,0,SORETRAK,,KM
3876,700,800,DT,0,0,SORETRAK,,KM
3877,800,900,DT,0,0,SORETRAK,,KM
3878,1400,1600,DT,0,0,SORETRAK,,KM
3879,1700,1900,DT,0,0,SORETRAK,,KM
3880,2300,2600,DT,0,0,SORETRAK,,KM
3881,2600,2900,DT,0,0,SORETRAK,,KM
3882,3100,3500,DT,0,0,SORETRAK,,KM
3883,3600,4000,DT,0,0,SORETRAK,,KM
3884,700,800,DT,0,0,SORETRAK,,KM
3885,700,800,DT,0,0,SORETRAK,,KM
3886,700,800,DT,0,0,SORETRAK,,KM
3887,1300,1500,DT,0,0,SORETRAK,,KM
3888,1600,1800,DT,0,0,SORETRAK,,KM
3889,2200,2500,DT,0,0,SORETRAK,,KM
3890,2500,2800,DT,0,0,SORETRAK,,KM
3891,3000,3300,DT,0,0,SORETRAK,,KM
3892,3400,3800,DT,0,0,SORETRAK,,KM
3893,700,800,DT,0,0,SORETRAK,,KM
3894,700,800,DT,0,0,SORETRAK,,KM
3895,1200,1400,DT,0,0,SORETRAK,,KM
3896,1500,1700,DT,0,0,SORETRAK,,KM
3897,2100,2400,DT,0,0,SORETRAK,,KM
3898,2300,2600,DT,0,0,SORETRAK,,KM
3899,2800,3100,DT,0,0,SORETRAK,,KM
3900,3300,3700,DT,0,0,SORETRAK,,KM
3901,700,800,DT,0,0,SORETRAK,,KM
3902,1000,1100,DT,0,0,SORETRAK,,KM
3903,1300,1500,DT,0,0,SORETRAK,,KM
3904,1900,2100,DT,0,0,SORETRAK,,KM
3905,2100,2400,DT,0,0,SORETRAK,,KM
3906,2600,2900,DT,0,0,SORETRAK,,KM
3907,3100,3500,DT,0,0,SORETRAK,,KM
3908,700,800,DT,0,0,SORETRAK,,KM
3909,1000,1100,DT,0,0,SORETRAK,,KM
3910,1600,1800,DT,0,0,SORETRAK,,KM
3911,1900,2100,DT,0,0,SORETRAK,,KM
3912,2400,2700,DT,0,0,SORETRAK,,KM
3913,2800,3100,DT,0,0,SORETRAK,,KM
3914,700,800,DT,0,0,SORETRAK,,KM
3915,1000,1100,DT,0,0,SORETRAK,,KM
3916,1200,1400,DT,0,0,SORETRAK,,KM
3917,1700,1900,DT,0,0,SORETRAK,,KM
3918,2200,2500,DT,0,0,SORETRAK,,KM
3919,700,800,DT,0,0,SORETRAK,,KM
3920,900,1000,DT,0,0,SORETRAK,,KM
3921,1400,1600,DT,0,0,SORETRAK,,KM
3922,1900,2100,DT,0,0,SORETRAK,,KM
3923,700,800,DT,0,0,SORETRAK,,KM
3924,800,900,DT,0,0,SORETRAK,,KM
3925,1300,1500,DT,0,0,SORETRAK,,KM
3926,700,800,DT,0,0,SORETRAK,,KM
3927,1000,1100,DT,0,0,SORETRAK,,KM
3928,700,800,DT,0,0,SORETRAK,,KM
3929,700,800,DT,0,0,SORETRAK,,KM
3930,700,800,DT,0,0,SORETRAK,,KM
3931,2300,2600,DT,0,0,SORETRAK,,KM
3932,3300,3700,DT,0,0,SORETRAK,,KM
3933,4000,4400,DT,0,0,SORETRAK,,KM
3934,6500,7200,DT,0,0,SORETRAK,,KM
3935,7700,8500,DT,0,0,SORETRAK,,KM
3936,8400,9300,DT,0,0,SORETRAK,,KM
3937,9500,10500,DT,0,0,SORETRAK,,KM
3938,9700,10700,DT,0,0,SORETRAK,,KM
3939,10600,11700,DT,0,0,SORETRAK,,KM
3940,1700,1900,DT,0,0,SORETRAK,,KM
3941,2600,2900,DT,0,0,SORETRAK,,KM
3942,3400,3800,DT,0,0,SORETRAK,,KM
3943,5800,6400,DT,0,0,SORETRAK,,KM
3944,7100,7900,DT,0,0,SORETRAK,,KM
3945,7700,8500,DT,0,0,SORETRAK,,KM
3946,8800,9700,DT,0,0,SORETRAK,,KM
3947,9000,9900,DT,0,0,SORETRAK,,KM
3948,10100,11200,DT,0,0,SORETRAK,,KM
3949,1000,1100,DT,0,0,SORETRAK,,KM
3950,1700,1900,DT,0,0,SORETRAK,,KM
3951,4200,4700,DT,0,0,SORETRAK,,KM
3952,5400,6000,DT,0,0,SORETRAK,,KM
3953,6100,6800,DT,0,0,SORETRAK,,KM
3954,7200,8000,DT,0,0,SORETRAK,,KM
3955,7400,8200,DT,0,0,SORETRAK,,KM
3956,8500,9400,DT,0,0,SORETRAK,,KM
3957,800,900,DT,0,0,SORETRAK,,KM
3958,3200,3600,DT,0,0,SORETRAK,,KM
3959,4500,5000,DT,0,0,SORETRAK,,KM
3960,5100,5700,DT,0,0,SORETRAK,,KM
3961,6200,6900,DT,0,0,SORETRAK,,KM
3962,6400,7100,DT,0,0,SORETRAK,,KM
3963,7500,8300,DT,0,0,SORETRAK,,KM
3964,2500,2800,DT,0,0,SORETRAK,,KM
3965,3800,4200,DT,0,0,SORETRAK,,KM
3966,4400,4900,DT,0,0,SORETRAK,,KM
3967,5500,6100,DT,0,0,SORETRAK,,KM
3968,5700,6300,DT,0,0,SORETRAK,,KM
3969,6800,7500,DT,0,0,SORETRAK,,KM
3970,1300,1500,DT,0,0,SORETRAK,,KM
3971,1900,2100,DT,0,0,SORETRAK,,KM
3972,3000,3300,DT,0,0,SORETRAK,,KM
3973,3200,3600,DT,0,0,SORETRAK,,KM
3974,4300,4800,DT,0,0,SORETRAK,,KM
3975,700,800,DT,0,0,SORETRAK,,KM
3976,1800,2000,DT,0,0,SORETRAK,,KM
3977,2000,2200,DT,0,0,SORETRAK,,KM
3978,3100,3500,DT,0,0,SORETRAK,,KM
3979,1200,1400,DT,0,0,SORETRAK,,KM
3980,1300,1500,DT,0,0,SORETRAK,,KM
3981,2500,2800,DT,0,0,SORETRAK,,KM
3982,700,800,DT,0,0,SORETRAK,,KM
3983,1300,1500,DT,0,0,SORETRAK,,KM
3984,1200,1400,DT,0,0,SORETRAK,,KM
3985,800,900,DT,0,0,SORETRAK,,KM
3986,1100,1300,DT,0,0,SORETRAK,,KM
3987,1700,1900,DT,0,0,SORETRAK,,KM
3988,700,800,DT,0,0,SORETRAK,,KM
3989,1000,1100,DT,0,0,SORETRAK,,KM
3990,700,800,DT,0,0,SORETRAK,,KM
3991,700,800,DT,0,0,SORETRAK,,KM
3992,800,900,DT,0,0,SORETRAK,,KM
3993,900,1000,DT,0,0,SORETRAK,,KM
3994,1300,1500,DT,0,0,SORETRAK,,KM
3995,1900,2100,DT,0,0,SORETRAK,,KM
3996,2300,2600,DT,0,0,SORETRAK,,KM
3997,3800,4200,DT,0,0,SORETRAK,,KM
3998,5300,5900,DT,0,0,SORETRAK,,KM
3999,700,800,DT,0,0,SORETRAK,,KM
4000,700,800,DT,0,0,SORETRAK,,KM
4001,800,900,DT,0,0,SORETRAK,,KM
4002,1300,1500,DT,0,0,SORETRAK,,KM
4003,1700,1900,DT,0,0,SORETRAK,,KM
4004,3200,3600,DT,0,0,SORETRAK,,KM
4005,4800,5300,DT,0,0,SORETRAK,,KM
4006,700,800,DT,0,0,SORETRAK,,KM
4007,700,800,DT,0,0,SORETRAK,,KM
4008,1200,1400,DT,0,0,SORETRAK,,KM
4009,1500,1700,DT,0,0,SORETRAK,,KM
4010,3000,3300,DT,0,0,SORETRAK,,KM
4011,4600,5100,DT,0,0,SORETRAK,,KM
4012,700,800,DT,0,0,SORETRAK,,KM
4013,1000,1100,DT,0,0,SORETRAK,,KM
4014,1400,1600,DT,0,0,SORETRAK,,KM
4015,2900,3200,DT,0,0,SORETRAK,,KM
4016,4500,5000,DT,0,0,SORETRAK,,KM
4017,700,800,DT,0,0,SORETRAK,,KM
4018,1000,1100,DT,0,0,SORETRAK,,KM
4019,2500,2800,DT,0,0,SORETRAK,,KM
4020,4000,4400,DT,0,0,SORETRAK,,KM
4021,700,800,DT,0,0,SORETRAK,,KM
4022,1900,2100,DT,0,0,SORETRAK,,KM
4023,3500,3900,DT,0,0,SORETRAK,,KM
4024,1500,1700,DT,0,0,SORETRAK,,KM
4025,3100,3500,DT,0,0,SORETRAK,,KM
4026,1600,1800,DT,0,0,SORETRAK,,KM
4027,1000,1100,DT,0,0,SORETRAK,,KM
4028,1500,1700,DT,0,0,SORETRAK,,KM
4029,1700,1900,DT,0,0,SORETRAK,,KM
4030,2500,2800,DT,0,0,SORETRAK,,KM
4031,2900,3200,DT,0,0,SORETRAK,,KM
4032,3400,3800,DT,0,0,SORETRAK,,KM
4033,4100,4600,DT,0,0,SORETRAK,,KM
4034,4600,5100,DT,0,0,SORETRAK,,KM
4035,5000,5500,DT,0,0,SORETRAK,,KM
4036,5600,6200,DT,0,0,SORETRAK,,KM
4037,6200,6900,DT,0,0,SORETRAK,,KM
4038,6500,7200,DT,0,0,SORETRAK,,KM
4039,6900,7600,DT,0,0,SORETRAK,,KM
4040,7500,8300,DT,0,0,SORETRAK,,KM
4041,8200,9100,DT,0,0,SORETRAK,,KM
4042,8500,9400,DT,0,0,SORETRAK,,KM
4043,9400,10400,DT,0,0,SORETRAK,,KM
4044,10300,11400,DT,0,0,SORETRAK,,KM
4045,700,800,DT,0,0,SORETRAK,,KM
4046,700,800,DT,0,0,SORETRAK,,KM
4047,1500,1700,DT,0,0,SORETRAK,,KM
4048,1900,2100,DT,0,0,SORETRAK,,KM
4049,2400,2700,DT,0,0,SORETRAK,,KM
4050,3200,3600,DT,0,0,SORETRAK,,KM
4051,3600,4000,DT,0,0,SORETRAK,,KM
4052,4000,4400,DT,0,0,SORETRAK,,KM
4053,4600,5100,DT,0,0,SORETRAK,,KM
4054,5200,5800,DT,0,0,SORETRAK,,KM
4055,5600,6200,DT,0,0,SORETRAK,,KM
4056,5900,6500,DT,0,0,SORETRAK,,KM
4057,6500,7200,DT,0,0,SORETRAK,,KM
4058,7200,8000,DT,0,0,SORETRAK,,KM
4059,7500,8300,DT,0,0,SORETRAK,,KM
4060,8400,9300,DT,0,0,SORETRAK,,KM
4061,9500,10500,DT,0,0,SORETRAK,,KM
4062,700,800,DT,0,0,SORETRAK,,KM
4063,1100,1300,DT,0,0,SORETRAK,,KM
4064,1500,1700,DT,0,0,SORETRAK,,KM
4065,1900,2100,DT,0,0,SORETRAK,,KM
4066,2700,3000,DT,0,0,SORETRAK,,KM
4067,3200,3600,DT,0,0,SORETRAK,,KM
4068,3600,4000,DT,0,0,SORETRAK,,KM
4069,4100,4600,DT,0,0,SORETRAK,,KM
4070,4700,5200,DT,0,0,SORETRAK,,KM
4071,5100,5700,DT,0,0,SORETRAK,,KM
4072,5400,6000,DT,0,0,SORETRAK,,KM
4073,6100,6800,DT,0,0,SORETRAK,,KM
4074,6700,7400,DT,0,0,SORETRAK,,KM
4075,7100,7900,DT,0,0,SORETRAK,,KM
4076,8000,8800,DT,0,0,SORETRAK,,KM
4077,9000,9900,DT,0,0,SORETRAK,,KM
4078,900,1000,DT,0,0,SORETRAK,,KM
4079,1300,1500,DT,0,0,SORETRAK,,KM
4080,1700,1900,DT,0,0,SORETRAK,,KM
4081,2500,2800,DT,0,0,SORETRAK,,KM
4082,3000,3300,DT,0,0,SORETRAK,,KM
4083,3400,3800,DT,0,0,SORETRAK,,KM
4084,3900,4300,DT,0,0,SORETRAK,,KM
4085,4500,5000,DT,0,0,SORETRAK,,KM
4086,4900,5400,DT,0,0,SORETRAK,,KM
4087,5200,5800,DT,0,0,SORETRAK,,KM
4088,5900,6500,DT,0,0,SORETRAK,,KM
4089,6500,7200,DT,0,0,SORETRAK,,KM
4090,6900,7600,DT,0,0,SORETRAK,,KM
4091,7800,8600,DT,0,0,SORETRAK,,KM
4092,8800,9700,DT,0,0,SORETRAK,,KM
4093,700,800,DT,0,0,SORETRAK,,KM
4094,900,1000,DT,0,0,SORETRAK,,KM
4095,1700,1900,DT,0,0,SORETRAK,,KM
4096,2100,2400,DT,0,0,SORETRAK,,KM
4097,2500,2800,DT,0,0,SORETRAK,,KM
4098,3100,3500,DT,0,0,SORETRAK,,KM
4099,3700,4100,DT,0,0,SORETRAK,,KM
4100,4100,4600,DT,0,0,SORETRAK,,KM
4101,4400,4900,DT,0,0,SORETRAK,,KM
4102,5100,5700,DT,0,0,SORETRAK,,KM
4103,5700,6300,DT,0,0,SORETRAK,,KM
4104,6000,6600,DT,0,0,SORETRAK,,KM
4105,6900,7600,DT,0,0,SORETRAK,,KM
4106,8000,8800,DT,0,0,SORETRAK,,KM
4107,700,800,DT,0,0,SORETRAK,,KM
4108,1300,1500,DT,0,0,SORETRAK,,KM
4109,1700,1900,DT,0,0,SORETRAK,,KM
4110,2100,2400,DT,0,0,SORETRAK,,KM
4111,2700,3000,DT,0,0,SORETRAK,,KM
4112,3300,3700,DT,0,0,SORETRAK,,KM
4113,3700,4100,DT,0,0,SORETRAK,,KM
4114,4000,4400,DT,0,0,SORETRAK,,KM
4115,4700,5200,DT,0,0,SORETRAK,,KM
4116,5300,5900,DT,0,0,SORETRAK,,KM
4117,5600,6200,DT,0,0,SORETRAK,,KM
4118,6500,7200,DT,0,0,SORETRAK,,KM
4119,7600,8400,DT,0,0,SORETRAK,,KM
4120,800,900,DT,0,0,SORETRAK,,KM
4121,1300,1500,DT,0,0,SORETRAK,,KM
4122,1700,1900,DT,0,0,SORETRAK,,KM
4123,2300,2600,DT,0,0,SORETRAK,,KM
4124,2800,3100,DT,0,0,SORETRAK,,KM
4125,3200,3600,DT,0,0,SORETRAK,,KM
4126,3600,4000,DT,0,0,SORETRAK,,KM
4127,4200,4700,DT,0,0,SORETRAK,,KM
4128,4900,5400,DT,0,0,SORETRAK,,KM
4129,5200,5800,DT,0,0,SORETRAK,,KM
4130,6100,6800,DT,0,0,SORETRAK,,KM
4131,7100,7900,DT,0,0,SORETRAK,,KM
4132,700,800,DT,0,0,SORETRAK,,KM
4133,900,1000,DT,0,0,SORETRAK,,KM
4134,1500,1700,DT,0,0,SORETRAK,,KM
4135,2100,2400,DT,0,0,SORETRAK,,KM
4136,2500,2800,DT,0,0,SORETRAK,,KM
4137,2800,3100,DT,0,0,SORETRAK,,KM
4138,3400,3800,DT,0,0,SORETRAK,,KM
4139,4100,4600,DT,0,0,SORETRAK,,KM
4140,4400,4900,DT,0,0,SORETRAK,,KM
4141,5300,5900,DT,0,0,SORETRAK,,KM
4142,6400,7100,DT,0,0,SORETRAK,,KM
4143,700,800,DT,0,0,SORETRAK,,KM
4144,1000,1100,DT,0,0,SORETRAK,,KM
4145,1600,1800,DT,0,0,SORETRAK,,KM
4146,2000,2200,DT,0,0,SORETRAK,,KM
4147,2300,2600,DT,0,0,SORETRAK,,KM
4148,3000,3300,DT,0,0,SORETRAK,,KM
4149,3600,4000,DT,0,0,SORETRAK,,KM
4150,3900,4300,DT,0,0,SORETRAK,,KM
4151,4900,5400,DT,0,0,SORETRAK,,KM
4152,5900,6500,DT,0,0,SORETRAK,,KM
4153,700,800,DT,0,0,SORETRAK,,KM
4154,1200,1400,DT,0,0,SORETRAK,,KM
4155,1600,1800,DT,0,0,SORETRAK,,KM
4156,1900,2100,DT,0,0,SORETRAK,,KM
4157,2600,2900,DT,0,0,SORETRAK,,KM
4158,3200,3600,DT,0,0,SORETRAK,,KM
4159,3600,4000,DT,0,0,SORETRAK,,KM
4160,4500,5000,DT,0,0,SORETRAK,,KM
4161,5500,6100,DT,0,0,SORETRAK,,KM
4162,700,800,DT,0,0,SORETRAK,,KM
4163,1000,1100,DT,0,0,SORETRAK,,KM
4164,1300,1500,DT,0,0,SORETRAK,,KM
4165,2000,2200,DT,0,0,SORETRAK,,KM
4166,2600,2900,DT,0,0,SORETRAK,,KM
4167,3000,3300,DT,0,0,SORETRAK,,KM
4168,3900,4300,DT,0,0,SORETRAK,,KM
4169,4900,5400,DT,0,0,SORETRAK,,KM
4170,700,800,DT,0,0,SORETRAK,,KM
4171,800,900,DT,0,0,SORETRAK,,KM
4172,1400,1600,DT,0,0,SORETRAK,,KM
4173,2100,2400,DT,0,0,SORETRAK,,KM
4174,2400,2700,DT,0,0,SORETRAK,,KM
4175,3300,3700,DT,0,0,SORETRAK,,KM
4176,4300,4800,DT,0,0,SORETRAK,,KM
4177,700,800,DT,0,0,SORETRAK,,KM
4178,1000,1100,DT,0,0,SORETRAK,,KM
4179,1700,1900,DT,0,0,SORETRAK,,KM
4180,2000,2200,DT,0,0,SORETRAK,,KM
4181,2900,3200,DT,0,0,SORETRAK,,KM
4182,3900,4300,DT,0,0,SORETRAK,,KM
4183,700,800,DT,0,0,SORETRAK,,KM
4184,1300,1500,DT,0,0,SORETRAK,,KM
4185,1700,1900,DT,0,0,SORETRAK,,KM
4186,2600,2900,DT,0,0,SORETRAK,,KM
4187,3600,4000,DT,0,0,SORETRAK,,KM
4188,700,800,DT,0,0,SORETRAK,,KM
4189,1000,1100,DT,0,0,SORETRAK,,KM
4190,1900,2100,DT,0,0,SORETRAK,,KM
4191,3000,3300,DT,0,0,SORETRAK,,KM
4192,700,800,DT,0,0,SORETRAK,,KM
4193,1300,1500,DT,0,0,SORETRAK,,KM
4194,2300,2600,DT,0,0,SORETRAK,,KM
4195,1000,1100,DT,0,0,SORETRAK,,KM
4196,2000,2200,DT,0,0,SORETRAK,,KM
4197,1100,1300,DT,0,0,SORETRAK,,KM
4198,1000,1100,DT,0,0,SORETRAK,,KM
4199,1600,1800,DT,0,0,SORETRAK,,KM
4200,2100,2400,DT,0,0,SORETRAK,,KM
4201,2400,2700,DT,0,0,SORETRAK,,KM
4202,2600,2900,DT,0,0,SORETRAK,,KM
4203,3200,3600,DT,0,0,SORETRAK,,KM
4204,3400,3800,DT,0,0,SORETRAK,,KM
4205,3800,4200,DT,0,0,SORETRAK,,KM
4206,4100,4600,DT,0,0,SORETRAK,,KM
4207,4300,4800,DT,0,0,SORETRAK,,KM
4208,4800,5300,DT,0,0,SORETRAK,,KM
4209,5400,6000,DT,0,0,SORETRAK,,KM
4210,5600,6200,DT,0,0,SORETRAK,,KM
4211,6000,6600,DT,0,0,SORETRAK,,KM
4212,6300,7000,DT,0,0,SORETRAK,,KM
4213,6900,7600,DT,0,0,SORETRAK,,KM
4214,7700,8500,DT,0,0,SORETRAK,,KM
4215,700,800,DT,0,0,SORETRAK,,KM
4216,1100,1300,DT,0,0,SORETRAK,,KM
4217,1400,1600,DT,0,0,SORETRAK,,KM
4218,1700,1900,DT,0,0,SORETRAK,,KM
4219,2200,2500,DT,0,0,SORETRAK,,KM
4220,2500,2800,DT,0,0,SORETRAK,,KM
4221,2800,3100,DT,0,0,SORETRAK,,KM
4222,3100,3500,DT,0,0,SORETRAK,,KM
4223,3300,3700,DT,0,0,SORETRAK,,KM
4224,3800,4200,DT,0,0,SORETRAK,,KM
4225,4400,4900,DT,0,0,SORETRAK,,KM
4226,4700,5200,DT,0,0,SORETRAK,,KM
4227,5000,5500,DT,0,0,SORETRAK,,KM
4228,5300,5900,DT,0,0,SORETRAK,,KM
4229,5900,6500,DT,0,0,SORETRAK,,KM
4230,6700,7400,DT,0,0,SORETRAK,,KM
4231,700,800,DT,0,0,SORETRAK,,KM
4232,800,900,DT,0,0,SORETRAK,,KM
4233,1100,1300,DT,0,0,SORETRAK,,KM
4234,1600,1800,DT,0,0,SORETRAK,,KM
4235,1900,2100,DT,0,0,SORETRAK,,KM
4236,2200,2500,DT,0,0,SORETRAK,,KM
4237,2500,2800,DT,0,0,SORETRAK,,KM
4238,2700,3000,DT,0,0,SORETRAK,,KM
4239,3200,3600,DT,0,0,SORETRAK,,KM
4240,3800,4200,DT,0,0,SORETRAK,,KM
4241,4100,4600,DT,0,0,SORETRAK,,KM
4242,4400,4900,DT,0,0,SORETRAK,,KM
4243,4700,5200,DT,0,0,SORETRAK,,KM
4244,5300,5900,DT,0,0,SORETRAK,,KM
4245,6100,6800,DT,0,0,SORETRAK,,KM
4246,700,800,DT,0,0,SORETRAK,,KM
4247,700,800,DT,0,0,SORETRAK,,KM
4248,1200,1400,DT,0,0,SORETRAK,,KM
4249,1400,1600,DT,0,0,SORETRAK,,KM
4250,1700,1900,DT,0,0,SORETRAK,,KM
4251,2100,2400,DT,0,0,SORETRAK,,KM
4252,2300,2600,DT,0,0,SORETRAK,,KM
4253,2800,3100,DT,0,0,SORETRAK,,KM
4254,3400,3800,DT,0,0,SORETRAK,,KM
4255,3600,4000,DT,0,0,SORETRAK,,KM
4256,3900,4300,DT,0,0,SORETRAK,,KM
4257,4300,4800,DT,0,0,SORETRAK,,KM
4258,4900,5400,DT,0,0,SORETRAK,,KM
4259,5600,6200,DT,0,0,SORETRAK,,KM
4260,700,800,DT,0,0,SORETRAK,,KM
4261,800,900,DT,0,0,SORETRAK,,KM
4262,1100,1300,DT,0,0,SORETRAK,,KM
4263,1400,1600,DT,0,0,SORETRAK,,KM
4264,1700,1900,DT,0,0,SORETRAK,,KM
4265,1900,2100,DT,0,0,SORETRAK,,KM
4266,2500,2800,DT,0,0,SORETRAK,,KM
4267,3000,3300,DT,0,0,SORETRAK,,KM
4268,3300,3700,DT,0,0,SORETRAK,,KM
4269,3600,4000,DT,0,0,SORETRAK,,KM
4270,3900,4300,DT,0,0,SORETRAK,,KM
4271,4500,5000,DT,0,0,SORETRAK,,KM
4272,5300,5900,DT,0,0,SORETRAK,,KM
4273,700,800,DT,0,0,SORETRAK,,KM
4274,800,900,DT,0,0,SORETRAK,,KM
4275,1200,1400,DT,0,0,SORETRAK,,KM
4276,1500,1700,DT,0,0,SORETRAK,,KM
4277,1700,1900,DT,0,0,SORETRAK,,KM
4278,2200,2500,DT,0,0,SORETRAK,,KM
4279,2800,3100,DT,0,0,SORETRAK,,KM
4280,3000,3300,DT,0,0,SORETRAK,,KM
4281,3400,3800,DT,0,0,SORETRAK,,KM
4282,3700,4100,DT,0,0,SORETRAK,,KM
4283,4300,4800,DT,0,0,SORETRAK,,KM
4284,5100,5700,DT,0,0,SORETRAK,,KM
4285,700,800,DT,0,0,SORETRAK,,KM
4286,700,800,DT,0,0,SORETRAK,,KM
4287,1000,1100,DT,0,0,SORETRAK,,KM
4288,1200,1400,DT,0,0,SORETRAK,,KM
4289,1700,1900,DT,0,0,SORETRAK,,KM
4290,2300,2600,DT,0,0,SORETRAK,,KM
4291,2500,2800,DT,0,0,SORETRAK,,KM
4292,2800,3100,DT,0,0,SORETRAK,,KM
4293,3200,3600,DT,0,0,SORETRAK,,KM
4294,3800,4200,DT,0,0,SORETRAK,,KM
4295,4500,5000,DT,0,0,SORETRAK,,KM
4296,700,800,DT,0,0,SORETRAK,,KM
4297,700,800,DT,0,0,SORETRAK,,KM
4298,900,1000,DT,0,0,SORETRAK,,KM
4299,1400,1600,DT,0,0,SORETRAK,,KM
4300,2000,2200,DT,0,0,SORETRAK,,KM
4301,2300,2600,DT,0,0,SORETRAK,,KM
4302,2600,2900,DT,0,0,SORETRAK,,KM
4303,2900,3200,DT,0,0,SORETRAK,,KM
4304,3500,3900,DT,0,0,SORETRAK,,KM
4305,4300,4800,DT,0,0,SORETRAK,,KM
4306,700,800,DT,0,0,SORETRAK,,KM
4307,700,800,DT,0,0,SORETRAK,,KM
4308,1100,1300,DT,0,0,SORETRAK,,KM
4309,1700,1900,DT,0,0,SORETRAK,,KM
4310,1900,2100,DT,0,0,SORETRAK,,KM
4311,2300,2600,DT,0,0,SORETRAK,,KM
4312,2600,2900,DT,0,0,SORETRAK,,KM
4313,3200,3600,DT,0,0,SORETRAK,,KM
4314,3900,4300,DT,0,0,SORETRAK,,KM
4315,700,800,DT,0,0,SORETRAK,,KM
4316,800,900,DT,0,0,SORETRAK,,KM
4317,1300,1500,DT,0,0,SORETRAK,,KM
4318,1600,1800,DT,0,0,SORETRAK,,KM
4319,1900,2100,DT,0,0,SORETRAK,,KM
4320,2300,2600,DT,0,0,SORETRAK,,KM
4321,2800,3100,DT,0,0,SORETRAK,,KM
4322,3600,4000,DT,0,0,SORETRAK,,KM
4323,700,800,DT,0,0,SORETRAK,,KM
4324,1200,1400,DT,0,0,SORETRAK,,KM
4325,1400,1600,DT,0,0,SORETRAK,,KM
4326,1700,1900,DT,0,0,SORETRAK,,KM
4327,2100,2400,DT,0,0,SORETRAK,,KM
4328,2600,2900,DT,0,0,SORETRAK,,KM
4329,3400,3800,DT,0,0,SORETRAK,,KM
4330,700,800,DT,0,0,SORETRAK,,KM
4331,900,1000,DT,0,0,SORETRAK,,KM
4332,1200,1400,DT,0,0,SORETRAK,,KM
4333,1500,1700,DT,0,0,SORETRAK,,KM
4334,2100,2400,DT,0,0,SORETRAK,,KM
4335,2900,3200,DT,0,0,SORETRAK,,KM
4336,700,800,DT,0,0,SORETRAK,,KM
4337,700,800,DT,0,0,SORETRAK,,KM
4338,1000,1100,DT,0,0,SORETRAK,,KM
4339,1500,1700,DT,0,0,SORETRAK,,KM
4340,2300,2600,DT,0,0,SORETRAK,,KM
4341,700,800,DT,0,0,SORETRAK,,KM
4342,700,800,DT,0,0,SORETRAK,,KM
4343,1300,1500,DT,0,0,SORETRAK,,KM
4344,2100,2400,DT,0,0,SORETRAK,,KM
4345,700,800,DT,0,0,SORETRAK,,KM
4346,1000,1100,DT,0,0,SORETRAK,,KM
4347,1700,1900,DT,0,0,SORETRAK,,KM
4348,700,800,DT,0,0,SORETRAK,,KM
4349,1400,1600,DT,0,0,SORETRAK,,KM
4350,800,900,DT,0,0,SORETRAK,,KM
4351,1200,1400,DT,0,0,SORETRAK,,KM
4352,1700,1900,DT,0,0,SORETRAK,,KM
4353,2300,2600,DT,0,0,SORETRAK,,KM
4354,2800,3100,DT,0,0,SORETRAK,,KM
4355,3000,3300,DT,0,0,SORETRAK,,KM
4356,3200,3600,DT,0,0,SORETRAK,,KM
4357,3600,4000,DT,0,0,SORETRAK,,KM
4358,4100,4600,DT,0,0,SORETRAK,,KM
4359,4500,5000,DT,0,0,SORETRAK,,KM
4360,5200,5800,DT,0,0,SORETRAK,,KM
4361,5600,6200,DT,0,0,SORETRAK,,KM
4362,6000,6600,DT,0,0,SORETRAK,,KM
4363,700,800,DT,0,0,SORETRAK,,KM
4364,1200,1400,DT,0,0,SORETRAK,,KM
4365,1700,1900,DT,0,0,SORETRAK,,KM
4366,1900,2100,DT,0,0,SORETRAK,,KM
4367,2100,2400,DT,0,0,SORETRAK,,KM
4368,2500,2800,DT,0,0,SORETRAK,,KM
4369,3000,3300,DT,0,0,SORETRAK,,KM
4370,3400,3800,DT,0,0,SORETRAK,,KM
4371,4100,4600,DT,0,0,SORETRAK,,KM
4372,4500,5000,DT,0,0,SORETRAK,,KM
4373,4900,5400,DT,0,0,SORETRAK,,KM
4374,700,800,DT,0,0,SORETRAK,,KM
4375,1200,1400,DT,0,0,SORETRAK,,KM
4376,1400,1600,DT,0,0,SORETRAK,,KM
4377,1500,1700,DT,0,0,SORETRAK,,KM
4378,2000,2200,DT,0,0,SORETRAK,,KM
4379,2500,2800,DT,0,0,SORETRAK,,KM
4380,2900,3200,DT,0,0,SORETRAK,,KM
4381,3600,4000,DT,0,0,SORETRAK,,KM
4382,3900,4300,DT,0,0,SORETRAK,,KM
4383,4400,4900,DT,0,0,SORETRAK,,KM
4384,700,800,DT,0,0,SORETRAK,,KM
4385,800,900,DT,0,0,SORETRAK,,KM
4386,900,1000,DT,0,0,SORETRAK,,KM
4387,1300,1500,DT,0,0,SORETRAK,,KM
4388,1900,2100,DT,0,0,SORETRAK,,KM
4389,2300,2600,DT,0,0,SORETRAK,,KM
4390,3000,3300,DT,0,0,SORETRAK,,KM
4391,3300,3700,DT,0,0,SORETRAK,,KM
4392,3800,4200,DT,0,0,SORETRAK,,KM
4393,700,800,DT,0,0,SORETRAK,,KM
4394,700,800,DT,0,0,SORETRAK,,KM
4395,800,900,DT,0,0,SORETRAK,,KM
4396,1300,1500,DT,0,0,SORETRAK,,KM
4397,1700,1900,DT,0,0,SORETRAK,,KM
4398,2500,2800,DT,0,0,SORETRAK,,KM
4399,2800,3100,DT,0,0,SORETRAK,,KM
4400,3200,3600,DT,0,0,SORETRAK,,KM
4401,700,800,DT,0,0,SORETRAK,,KM
4402,700,800,DT,0,0,SORETRAK,,KM
4403,1200,1400,DT,0,0,SORETRAK,,KM
4404,1500,1700,DT,0,0,SORETRAK,,KM
4405,2300,2600,DT,0,0,SORETRAK,,KM
4406,2600,2900,DT,0,0,SORETRAK,,KM
4407,3000,3300,DT,0,0,SORETRAK,,KM
4408,700,800,DT,0,0,SORETRAK,,KM
4409,1000,1100,DT,0,0,SORETRAK,,KM
4410,1400,1600,DT,0,0,SORETRAK,,KM
4411,2100,2400,DT,0,0,SORETRAK,,KM
4412,2500,2800,DT,0,0,SORETRAK,,KM
4413,2900,3200,DT,0,0,SORETRAK,,KM
4414,700,800,DT,0,0,SORETRAK,,KM
4415,1000,1100,DT,0,0,SORETRAK,,KM
4416,1700,1900,DT,0,0,SORETRAK,,KM
4417,2000,2200,DT,0,0,SORETRAK,,KM
4418,2500,2800,DT,0,0,SORETRAK,,KM
4419,700,800,DT,0,0,SORETRAK,,KM
4420,1200,1400,DT,0,0,SORETRAK,,KM
4421,1500,1700,DT,0,0,SORETRAK,,KM
4422,1900,2100,DT,0,0,SORETRAK,,KM
4423,800,900,DT,0,0,SORETRAK,,KM
4424,1100,1300,DT,0,0,SORETRAK,,KM
4425,1500,1700,DT,0,0,SORETRAK,,KM
4426,700,800,DT,0,0,SORETRAK,,KM
4427,800,900,DT,0,0,SORETRAK,,KM
4428,700,800,DT,0,0,SORETRAK,,KM
4429,800,900,DT,0,0,SORETRAK,,KM
4430,1100,1300,DT,0,0,SORETRAK,,KM
4431,1700,1900,DT,0,0,SORETRAK,,KM
4432,2000,2200,DT,0,0,SORETRAK,,KM
4433,2200,2500,DT,0,0,SORETRAK,,KM
4434,2700,3000,DT,0,0,SORETRAK,,KM
4435,3100,3500,DT,0,0,SORETRAK,,KM
4436,3600,4000,DT,0,0,SORETRAK,,KM
4437,4300,4800,DT,0,0,SORETRAK,,KM
4438,4900,5400,DT,0,0,SORETRAK,,KM
4439,5500,6100,DT,0,0,SORETRAK,,KM
4440,6000,6600,DT,0,0,SORETRAK,,KM
4441,6500,7200,DT,0,0,SORETRAK,,KM
4442,7200,8000,DT,0,0,SORETRAK,,KM
4443,7900,8700,DT,0,0,SORETRAK,,KM
4444,8400,9300,DT,0,0,SORETRAK,,KM
4445,8600,9500,DT,0,0,SORETRAK,,KM
4446,8900,9800,DT,0,0,SORETRAK,,KM
4447,9300,10300,DT,0,0,SORETRAK,,KM
4448,9900,10900,DT,0,0,SORETRAK,,KM
4449,700,800,DT,0,0,SORETRAK,,KM
4450,1000,1100,DT,0,0,SORETRAK,,KM
4451,1300,1500,DT,0,0,SORETRAK,,KM
4452,1500,1700,DT,0,0,SORETRAK,,KM
4453,2000,2200,DT,0,0,SORETRAK,,KM
4454,2400,2700,DT,0,0,SORETRAK,,KM
4455,2900,3200,DT,0,0,SORETRAK,,KM
4456,3600,4000,DT,0,0,SORETRAK,,KM
4457,4100,4600,DT,0,0,SORETRAK,,KM
4458,4800,5300,DT,0,0,SORETRAK,,KM
4459,5300,5900,DT,0,0,SORETRAK,,KM
4460,5800,6400,DT,0,0,SORETRAK,,KM
4461,6500,7200,DT,0,0,SORETRAK,,KM
4462,7200,8000,DT,0,0,SORETRAK,,KM
4463,7700,8500,DT,0,0,SORETRAK,,KM
4464,7800,8600,DT,0,0,SORETRAK,,KM
4465,8200,9100,DT,0,0,SORETRAK,,KM
4466,8600,9500,DT,0,0,SORETRAK,,KM
4467,9200,10200,DT,0,0,SORETRAK,,KM
4468,700,800,DT,0,0,SORETRAK,,KM
4469,1000,1100,DT,0,0,SORETRAK,,KM
4470,1200,1400,DT,0,0,SORETRAK,,KM
4471,1700,1900,DT,0,0,SORETRAK,,KM
4472,2100,2400,DT,0,0,SORETRAK,,KM
4473,2600,2900,DT,0,0,SORETRAK,,KM
4474,3300,3700,DT,0,0,SORETRAK,,KM
4475,3800,4200,DT,0,0,SORETRAK,,KM
4476,4500,5000,DT,0,0,SORETRAK,,KM
4477,5000,5500,DT,0,0,SORETRAK,,KM
4478,5500,6100,DT,0,0,SORETRAK,,KM
4479,6200,6900,DT,0,0,SORETRAK,,KM
4480,6900,7600,DT,0,0,SORETRAK,,KM
4481,7300,8100,DT,0,0,SORETRAK,,KM
4482,7500,8300,DT,0,0,SORETRAK,,KM
4483,7800,8600,DT,0,0,SORETRAK,,KM
4484,8200,9100,DT,0,0,SORETRAK,,KM
4485,8900,9800,DT,0,0,SORETRAK,,KM
4486,700,800,DT,0,0,SORETRAK,,KM
4487,700,800,DT,0,0,SORETRAK,,KM
4488,1100,1300,DT,0,0,SORETRAK,,KM
4489,1500,1700,DT,0,0,SORETRAK,,KM
4490,2000,2200,DT,0,0,SORETRAK,,KM
4491,2700,3000,DT,0,0,SORETRAK,,KM
4492,3200,3600,DT,0,0,SORETRAK,,KM
4493,3900,4300,DT,0,0,SORETRAK,,KM
4494,4400,4900,DT,0,0,SORETRAK,,KM
4495,4900,5400,DT,0,0,SORETRAK,,KM
4496,5600,6200,DT,0,0,SORETRAK,,KM
4497,6300,7000,DT,0,0,SORETRAK,,KM
4498,6700,7400,DT,0,0,SORETRAK,,KM
4499,6900,7600,DT,0,0,SORETRAK,,KM
4500,7300,8100,DT,0,0,SORETRAK,,KM
4501,7700,8500,DT,0,0,SORETRAK,,KM
4502,8300,9200,DT,0,0,SORETRAK,,KM
4503,700,800,DT,0,0,SORETRAK,,KM
4504,800,900,DT,0,0,SORETRAK,,KM
4505,1200,1400,DT,0,0,SORETRAK,,KM
4506,1700,1900,DT,0,0,SORETRAK,,KM
4507,2400,2700,DT,0,0,SORETRAK,,KM
4508,2900,3200,DT,0,0,SORETRAK,,KM
4509,3600,4000,DT,0,0,SORETRAK,,KM
4510,4100,4600,DT,0,0,SORETRAK,,KM
4511,4600,5100,DT,0,0,SORETRAK,,KM
4512,5200,5800,DT,0,0,SORETRAK,,KM
4513,6000,6600,DT,0,0,SORETRAK,,KM
4514,6400,7100,DT,0,0,SORETRAK,,KM
4515,6600,7300,DT,0,0,SORETRAK,,KM
4516,6900,7600,DT,0,0,SORETRAK,,KM
4517,7300,8100,DT,0,0,SORETRAK,,KM
4518,8000,8800,DT,0,0,SORETRAK,,KM
4519,700,800,DT,0,0,SORETRAK,,KM
4520,1000,1100,DT,0,0,SORETRAK,,KM
4521,1500,1700,DT,0,0,SORETRAK,,KM
4522,2200,2500,DT,0,0,SORETRAK,,KM
4523,2700,3000,DT,0,0,SORETRAK,,KM
4524,3400,3800,DT,0,0,SORETRAK,,KM
4525,3900,4300,DT,0,0,SORETRAK,,KM
4526,4400,4900,DT,0,0,SORETRAK,,KM
4527,5100,5700,DT,0,0,SORETRAK,,KM
4528,5800,6400,DT,0,0,SORETRAK,,KM
4529,6200,6900,DT,0,0,SORETRAK,,KM
4530,6400,7100,DT,0,0,SORETRAK,,KM
4531,6700,7400,DT,0,0,SORETRAK,,KM
4532,7100,7900,DT,0,0,SORETRAK,,KM
4533,7800,8600,DT,0,0,SORETRAK,,KM
4534,700,800,DT,0,0,SORETRAK,,KM
4535,1000,1100,DT,0,0,SORETRAK,,KM
4536,1700,1900,DT,0,0,SORETRAK,,KM
4537,2200,2500,DT,0,0,SORETRAK,,KM
4538,2800,3100,DT,0,0,SORETRAK,,KM
4539,3400,3800,DT,0,0,SORETRAK,,KM
4540,3900,4300,DT,0,0,SORETRAK,,KM
4541,4500,5000,DT,0,0,SORETRAK,,KM
4542,5200,5800,DT,0,0,SORETRAK,,KM
4543,5700,6300,DT,0,0,SORETRAK,,KM
4544,5900,6500,DT,0,0,SORETRAK,,KM
4545,6200,6900,DT,0,0,SORETRAK,,KM
4546,6600,7300,DT,0,0,SORETRAK,,KM
4547,7300,8100,DT,0,0,SORETRAK,,KM
4548,700,800,DT,0,0,SORETRAK,,KM
4549,1300,1500,DT,0,0,SORETRAK,,KM
4550,1800,2000,DT,0,0,SORETRAK,,KM
4551,2500,2800,DT,0,0,SORETRAK,,KM
4552,3000,3300,DT,0,0,SORETRAK,,KM
4553,3500,3900,DT,0,0,SORETRAK,,KM
4554,4100,4600,DT,0,0,SORETRAK,,KM
4555,4900,5400,DT,0,0,SORETRAK,,KM
4556,5300,5900,DT,0,0,SORETRAK,,KM
4557,5500,6100,DT,0,0,SORETRAK,,KM
4558,5800,6400,DT,0,0,SORETRAK,,KM
4559,6200,6900,DT,0,0,SORETRAK,,KM
4560,6900,7600,DT,0,0,SORETRAK,,KM
4561,800,900,DT,0,0,SORETRAK,,KM
4562,1300,1500,DT,0,0,SORETRAK,,KM
4563,1900,2100,DT,0,0,SORETRAK,,KM
4564,2500,2800,DT,0,0,SORETRAK,,KM
4565,3000,3300,DT,0,0,SORETRAK,,KM
4566,3600,4000,DT,0,0,SORETRAK,,KM
4567,4300,4800,DT,0,0,SORETRAK,,KM
4568,4800,5300,DT,0,0,SORETRAK,,KM
4569,5000,5500,DT,0,0,SORETRAK,,KM
4570,5300,5900,DT,0,0,SORETRAK,,KM
4571,5700,6300,DT,0,0,SORETRAK,,KM
4572,6400,7100,DT,0,0,SORETRAK,,KM
4573,700,800,DT,0,0,SORETRAK,,KM
4574,1200,1400,DT,0,0,SORETRAK,,KM
4575,1700,1900,DT,0,0,SORETRAK,,KM
4576,2300,2600,DT,0,0,SORETRAK,,KM
4577,2900,3200,DT,0,0,SORETRAK,,KM
4578,3600,4000,DT,0,0,SORETRAK,,KM
4579,4100,4600,DT,0,0,SORETRAK,,KM
4580,4300,4800,DT,0,0,SORETRAK,,KM
4581,4600,5100,DT,0,0,SORETRAK,,KM
4582,5000,5500,DT,0,0,SORETRAK,,KM
4583,5600,6200,DT,0,0,SORETRAK,,KM
4584,700,800,DT,0,0,SORETRAK,,KM
4585,1200,1400,DT,0,0,SORETRAK,,KM
4586,1700,1900,DT,0,0,SORETRAK,,KM
4587,2400,2700,DT,0,0,SORETRAK,,KM
4588,3100,3500,DT,0,0,SORETRAK,,KM
4589,3600,4000,DT,0,0,SORETRAK,,KM
4590,3800,4200,DT,0,0,SORETRAK,,KM
4591,4100,4600,DT,0,0,SORETRAK,,KM
4592,4500,5000,DT,0,0,SORETRAK,,KM
4593,5100,5700,DT,0,0,SORETRAK,,KM
4594,700,800,DT,0,0,SORETRAK,,KM
4595,1100,1300,DT,0,0,SORETRAK,,KM
4596,1700,1900,DT,0,0,SORETRAK,,KM
4597,2500,2800,DT,0,0,SORETRAK,,KM
4598,2900,3200,DT,0,0,SORETRAK,,KM
4599,3100,3500,DT,0,0,SORETRAK,,KM
4600,3400,3800,DT,0,0,SORETRAK,,KM
4601,3800,4200,DT,0,0,SORETRAK,,KM
4602,4500,5000,DT,0,0,SORETRAK,,KM
4603,700,800,DT,0,0,SORETRAK,,KM
4604,1200,1400,DT,0,0,SORETRAK,,KM
4605,1900,2100,DT,0,0,SORETRAK,,KM
4606,2400,2700,DT,0,0,SORETRAK,,KM
4607,2600,2900,DT,0,0,SORETRAK,,KM
4608,2900,3200,DT,0,0,SORETRAK,,KM
4609,3300,3700,DT,0,0,SORETRAK,,KM
4610,3900,4300,DT,0,0,SORETRAK,,KM
4611,700,800,DT,0,0,SORETRAK,,KM
4612,1400,1600,DT,0,0,SORETRAK,,KM
4613,1900,2100,DT,0,0,SORETRAK,,KM
4614,2100,2400,DT,0,0,SORETRAK,,KM
4615,2400,2700,DT,0,0,SORETRAK,,KM
4616,2800,3100,DT,0,0,SORETRAK,,KM
4617,3400,3800,DT,0,0,SORETRAK,,KM
4618,800,900,DT,0,0,SORETRAK,,KM
4619,1200,1400,DT,0,0,SORETRAK,,KM
4620,1400,1600,DT,0,0,SORETRAK,,KM
4621,1700,1900,DT,0,0,SORETRAK,,KM
4622,2100,2400,DT,0,0,SORETRAK,,KM
4623,2800,3100,DT,0,0,SORETRAK,,KM
4624,700,800,DT,0,0,SORETRAK,,KM
4625,700,800,DT,0,0,SORETRAK,,KM
4626,1000,1100,DT,0,0,SORETRAK,,KM
4627,1400,1600,DT,0,0,SORETRAK,,KM
4628,2100,2400,DT,0,0,SORETRAK,,KM
4629,700,800,DT,0,0,SORETRAK,,KM
4630,700,800,DT,0,0,SORETRAK,,KM
4631,1000,1100,DT,0,0,SORETRAK,,KM
4632,1600,1800,DT,0,0,SORETRAK,,KM
4633,700,800,DT,0,0,SORETRAK,,KM
4634,800,900,DT,0,0,SORETRAK,,KM
4635,1400,1600,DT,0,0,SORETRAK,,KM
4636,700,800,DT,0,0,SORETRAK,,KM
4637,1100,1300,DT,0,0,SORETRAK,,KM
4638,700,800,DT,0,0,SORETRAK,,KM
4639,800,900,DT,0,0,SORETRAK,,KM
4640,1100,1300,DT,0,0,SORETRAK,,KM
4641,1700,1900,DT,0,0,SORETRAK,,KM
4642,2000,2200,DT,0,0,SORETRAK,,KM
4643,2200,2500,DT,0,0,SORETRAK,,KM
4644,2700,3000,DT,0,0,SORETRAK,,KM
4645,3100,3500,DT,0,0,SORETRAK,,KM
4646,3600,4000,DT,0,0,SORETRAK,,KM
4647,4300,4800,DT,0,0,SORETRAK,,KM
4648,4900,5400,DT,0,0,SORETRAK,,KM
4649,5500,6100,DT,0,0,SORETRAK,,KM
4650,6000,6600,DT,0,0,SORETRAK,,KM
4651,6500,7200,DT,0,0,SORETRAK,,KM
4652,7500,8300,DT,0,0,SORETRAK,,KM
4653,8000,8800,DT,0,0,SORETRAK,,KM
4654,8500,9400,DT,0,0,SORETRAK,,KM
4655,9000,9900,DT,0,0,SORETRAK,,KM
4656,700,800,DT,0,0,SORETRAK,,KM
4657,1000,1100,DT,0,0,SORETRAK,,KM
4658,1300,1500,DT,0,0,SORETRAK,,KM
4659,1500,1700,DT,0,0,SORETRAK,,KM
4660,2000,2200,DT,0,0,SORETRAK,,KM
4661,2400,2700,DT,0,0,SORETRAK,,KM
4662,2900,3200,DT,0,0,SORETRAK,,KM
4663,3600,4000,DT,0,0,SORETRAK,,KM
4664,4100,4600,DT,0,0,SORETRAK,,KM
4665,4800,5300,DT,0,0,SORETRAK,,KM
4666,5300,5900,DT,0,0,SORETRAK,,KM
4667,5800,6400,DT,0,0,SORETRAK,,KM
4668,6700,7400,DT,0,0,SORETRAK,,KM
4669,7300,8100,DT,0,0,SORETRAK,,KM
4670,7800,8600,DT,0,0,SORETRAK,,KM
4671,8300,9200,DT,0,0,SORETRAK,,KM
4672,700,800,DT,0,0,SORETRAK,,KM
4673,1000,1100,DT,0,0,SORETRAK,,KM
4674,1200,1400,DT,0,0,SORETRAK,,KM
4675,1700,1900,DT,0,0,SORETRAK,,KM
4676,2100,2400,DT,0,0,SORETRAK,,KM
4677,2600,2900,DT,0,0,SORETRAK,,KM
4678,3300,3700,DT,0,0,SORETRAK,,KM
4679,3800,4200,DT,0,0,SORETRAK,,KM
4680,4500,5000,DT,0,0,SORETRAK,,KM
4681,5000,5500,DT,0,0,SORETRAK,,KM
4682,5400,6000,DT,0,0,SORETRAK,,KM
4683,6400,7100,DT,0,0,SORETRAK,,KM
4684,7000,7700,DT,0,0,SORETRAK,,KM
4685,7500,8300,DT,0,0,SORETRAK,,KM
4686,8000,8800,DT,0,0,SORETRAK,,KM
4687,700,800,DT,0,0,SORETRAK,,KM
4688,700,800,DT,0,0,SORETRAK,,KM
4689,1100,1300,DT,0,0,SORETRAK,,KM
4690,1500,1700,DT,0,0,SORETRAK,,KM
4691,2000,2200,DT,0,0,SORETRAK,,KM
4692,2700,3000,DT,0,0,SORETRAK,,KM
4693,3200,3600,DT,0,0,SORETRAK,,KM
4694,3900,4300,DT,0,0,SORETRAK,,KM
4695,4400,4900,DT,0,0,SORETRAK,,KM
4696,4900,5400,DT,0,0,SORETRAK,,KM
4697,5800,6400,DT,0,0,SORETRAK,,KM
4698,6400,7100,DT,0,0,SORETRAK,,KM
4699,6900,7600,DT,0,0,SORETRAK,,KM
4700,7400,8200,DT,0,0,SORETRAK,,KM
4701,700,800,DT,0,0,SORETRAK,,KM
4702,800,900,DT,0,0,SORETRAK,,KM
4703,1200,1400,DT,0,0,SORETRAK,,KM
4704,1700,1900,DT,0,0,SORETRAK,,KM
4705,2400,2700,DT,0,0,SORETRAK,,KM
4706,2900,3200,DT,0,0,SORETRAK,,KM
4707,3600,4000,DT,0,0,SORETRAK,,KM
4708,4100,4600,DT,0,0,SORETRAK,,KM
4709,4500,5000,DT,0,0,SORETRAK,,KM
4710,5500,6100,DT,0,0,SORETRAK,,KM
4711,6100,6800,DT,0,0,SORETRAK,,KM
4712,6500,7200,DT,0,0,SORETRAK,,KM
4713,7100,7900,DT,0,0,SORETRAK,,KM
4714,700,800,DT,0,0,SORETRAK,,KM
4715,1000,1100,DT,0,0,SORETRAK,,KM
4716,1500,1700,DT,0,0,SORETRAK,,KM
4717,2200,2500,DT,0,0,SORETRAK,,KM
4718,2700,3000,DT,0,0,SORETRAK,,KM
4719,3400,3800,DT,0,0,SORETRAK,,KM
4720,3900,4300,DT,0,0,SORETRAK,,KM
4721,4300,4800,DT,0,0,SORETRAK,,KM
4722,5300,5900,DT,0,0,SORETRAK,,KM
4723,5900,6500,DT,0,0,SORETRAK,,KM
4724,6400,7100,DT,0,0,SORETRAK,,KM
4725,6900,7600,DT,0,0,SORETRAK,,KM
4726,700,800,DT,0,0,SORETRAK,,KM
4727,1000,1100,DT,0,0,SORETRAK,,KM
4728,1700,1900,DT,0,0,SORETRAK,,KM
4729,2200,2500,DT,0,0,SORETRAK,,KM
4730,2800,3100,DT,0,0,SORETRAK,,KM
4731,3400,3800,DT,0,0,SORETRAK,,KM
4732,3800,4200,DT,0,0,SORETRAK,,KM
4733,4800,5300,DT,0,0,SORETRAK,,KM
4734,5400,6000,DT,0,0,SORETRAK,,KM
4735,5800,6400,DT,0,0,SORETRAK,,KM
4736,6400,7100,DT,0,0,SORETRAK,,KM
4737,700,800,DT,0,0,SORETRAK,,KM
4738,1300,1500,DT,0,0,SORETRAK,,KM
4739,1800,2000,DT,0,0,SORETRAK,,KM
4740,2500,2800,DT,0,0,SORETRAK,,KM
4741,3000,3300,DT,0,0,SORETRAK,,KM
4742,3400,3800,DT,0,0,SORETRAK,,KM
4743,4400,4900,DT,0,0,SORETRAK,,KM
4744,5000,5500,DT,0,0,SORETRAK,,KM
4745,5400,6000,DT,0,0,SORETRAK,,KM
4746,6000,6600,DT,0,0,SORETRAK,,KM
4747,800,900,DT,0,0,SORETRAK,,KM
4748,1300,1500,DT,0,0,SORETRAK,,KM
4749,1900,2100,DT,0,0,SORETRAK,,KM
4750,2500,2800,DT,0,0,SORETRAK,,KM
4751,2900,3200,DT,0,0,SORETRAK,,KM
4752,3900,4300,DT,0,0,SORETRAK,,KM
4753,4500,5000,DT,0,0,SORETRAK,,KM
4754,4900,5400,DT,0,0,SORETRAK,,KM
4755,5400,6000,DT,0,0,SORETRAK,,KM
4756,700,800,DT,0,0,SORETRAK,,KM
4757,1200,1400,DT,0,0,SORETRAK,,KM
4758,1700,1900,DT,0,0,SORETRAK,,KM
4759,2200,2500,DT,0,0,SORETRAK,,KM
4760,3200,3600,DT,0,0,SORETRAK,,KM
4761,3800,4200,DT,0,0,SORETRAK,,KM
4762,4200,4700,DT,0,0,SORETRAK,,KM
4763,4700,5200,DT,0,0,SORETRAK,,KM
4764,700,800,DT,0,0,SORETRAK,,KM
4765,1200,1400,DT,0,0,SORETRAK,,KM
4766,1700,1900,DT,0,0,SORETRAK,,KM
4767,2600,2900,DT,0,0,SORETRAK,,KM
4768,3200,3600,DT,0,0,SORETRAK,,KM
4769,3700,4100,DT,0,0,SORETRAK,,KM
4770,4200,4700,DT,0,0,SORETRAK,,KM
4771,700,800,DT,0,0,SORETRAK,,KM
4772,1000,1100,DT,0,0,SORETRAK,,KM
4773,2000,2200,DT,0,0,SORETRAK,,KM
4774,2600,2900,DT,0,0,SORETRAK,,KM
4775,3000,3300,DT,0,0,SORETRAK,,KM
4776,3600,4000,DT,0,0,SORETRAK,,KM
4777,700,800,DT,0,0,SORETRAK,,KM
4778,1500,1700,DT,0,0,SORETRAK,,KM
4779,2100,2400,DT,0,0,SORETRAK,,KM
4780,2500,2800,DT,0,0,SORETRAK,,KM
4781,3000,3300,DT,0,0,SORETRAK,,KM
4782,1000,1100,DT,0,0,SORETRAK,,KM
4783,1600,1800,DT,0,0,SORETRAK,,KM
4784,2100,2400,DT,0,0,SORETRAK,,KM
4785,2600,2900,DT,0,0,SORETRAK,,KM
4786,700,800,DT,0,0,SORETRAK,,KM
4787,1100,1300,DT,0,0,SORETRAK,,KM
4788,1600,1800,DT,0,0,SORETRAK,,KM
4789,700,800,DT,0,0,SORETRAK,,KM
4790,1000,1100,DT,0,0,SORETRAK,,KM
4791,700,800,DT,0,0,SORETRAK,,KM
4792,1000,1100,DT,0,0,SORETRAK,,KM
4793,1500,1700,DT,0,0,SORETRAK,,KM
4794,2200,2500,DT,0,0,SORETRAK,,KM
4795,2500,2800,DT,0,0,SORETRAK,,KM
4796,2700,3000,DT,0,0,SORETRAK,,KM
4797,3200,3600,DT,0,0,SORETRAK,,KM
4798,3400,3800,DT,0,0,SORETRAK,,KM
4799,3900,4300,DT,0,0,SORETRAK,,KM
4800,4100,4600,DT,0,0,SORETRAK,,KM
4801,4700,5200,DT,0,0,SORETRAK,,KM
4802,5000,5500,DT,0,0,SORETRAK,,KM
4803,5500,6100,DT,0,0,SORETRAK,,KM
4804,5700,6300,DT,0,0,SORETRAK,,KM
4805,6600,7300,DT,0,0,SORETRAK,,KM
4806,700,800,DT,0,0,SORETRAK,,KM
4807,1200,1400,DT,0,0,SORETRAK,,KM
4808,1500,1700,DT,0,0,SORETRAK,,KM
4809,1700,1900,DT,0,0,SORETRAK,,KM
4810,2200,2500,DT,0,0,SORETRAK,,KM
4811,2400,2700,DT,0,0,SORETRAK,,KM
4812,2900,3200,DT,0,0,SORETRAK,,KM
4813,3200,3600,DT,0,0,SORETRAK,,KM
4814,3700,4100,DT,0,0,SORETRAK,,KM
4815,4000,4400,DT,0,0,SORETRAK,,KM
4816,4500,5000,DT,0,0,SORETRAK,,KM
4817,4700,5200,DT,0,0,SORETRAK,,KM
4818,5600,6200,DT,0,0,SORETRAK,,KM
4819,700,800,DT,0,0,SORETRAK,,KM
4820,1000,1100,DT,0,0,SORETRAK,,KM
4821,1200,1400,DT,0,0,SORETRAK,,KM
4822,1700,1900,DT,0,0,SORETRAK,,KM
4823,1900,2100,DT,0,0,SORETRAK,,KM
4824,2400,2700,DT,0,0,SORETRAK,,KM
4825,2600,2900,DT,0,0,SORETRAK,,KM
4826,3200,3600,DT,0,0,SORETRAK,,KM
4827,3500,3900,DT,0,0,SORETRAK,,KM
4828,4000,4400,DT,0,0,SORETRAK,,KM
4829,4200,4700,DT,0,0,SORETRAK,,KM
4830,5100,5700,DT,0,0,SORETRAK,,KM
4831,700,800,DT,0,0,SORETRAK,,KM
4832,700,800,DT,0,0,SORETRAK,,KM
4833,1000,1100,DT,0,0,SORETRAK,,KM
4834,1200,1400,DT,0,0,SORETRAK,,KM
4835,1700,1900,DT,0,0,SORETRAK,,KM
4836,2000,2200,DT,0,0,SORETRAK,,KM
4837,2500,2800,DT,0,0,SORETRAK,,KM
4838,2800,3100,DT,0,0,SORETRAK,,KM
4839,3400,3800,DT,0,0,SORETRAK,,KM
4840,3600,4000,DT,0,0,SORETRAK,,KM
4841,4500,5000,DT,0,0,SORETRAK,,KM
4842,700,800,DT,0,0,SORETRAK,,KM
4843,800,900,DT,0,0,SORETRAK,,KM
4844,1000,1100,DT,0,0,SORETRAK,,KM
4845,1500,1700,DT,0,0,SORETRAK,,KM
4846,1700,1900,DT,0,0,SORETRAK,,KM
4847,2300,2600,DT,0,0,SORETRAK,,KM
4848,2600,2900,DT,0,0,SORETRAK,,KM
4849,3100,3500,DT,0,0,SORETRAK,,KM
4850,3300,3700,DT,0,0,SORETRAK,,KM
4851,4200,4700,DT,0,0,SORETRAK,,KM
4852,700,800,DT,0,0,SORETRAK,,KM
4853,700,800,DT,0,0,SORETRAK,,KM
4854,1200,1400,DT,0,0,SORETRAK,,KM
4855,1500,1700,DT,0,0,SORETRAK,,KM
4856,2000,2200,DT,0,0,SORETRAK,,KM
4857,2300,2600,DT,0,0,SORETRAK,,KM
4858,2800,3100,DT,0,0,SORETRAK,,KM
4859,3000,3300,DT,0,0,SORETRAK,,KM
4860,3900,4300,DT,0,0,SORETRAK,,KM
4861,700,800,DT,0,0,SORETRAK,,KM
4862,800,900,DT,0,0,SORETRAK,,KM
4863,1000,1100,DT,0,0,SORETRAK,,KM
4864,1500,1700,DT,0,0,SORETRAK,,KM
4865,1900,2100,DT,0,0,SORETRAK,,KM
4866,2400,2700,DT,0,0,SORETRAK,,KM
4867,2600,2900,DT,0,0,SORETRAK,,KM
4868,3500,3900,DT,0,0,SORETRAK,,KM
4869,700,800,DT,0,0,SORETRAK,,KM
4870,800,900,DT,0,0,SORETRAK,,KM
4871,1300,1500,DT,0,0,SORETRAK,,KM
4872,1700,1900,DT,0,0,SORETRAK,,KM
4873,2200,2500,DT,0,0,SORETRAK,,KM
4874,2400,2700,DT,0,0,SORETRAK,,KM
4875,3300,3700,DT,0,0,SORETRAK,,KM
4876,700,800,DT,0,0,SORETRAK,,KM
4877,800,900,DT,0,0,SORETRAK,,KM
4878,1200,1400,DT,0,0,SORETRAK,,KM
4879,1700,1900,DT,0,0,SORETRAK,,KM
4880,1900,2100,DT,0,0,SORETRAK,,KM
4881,2800,3100,DT,0,0,SORETRAK,,KM
4882,700,800,DT,0,0,SORETRAK,,KM
4883,900,1000,DT,0,0,SORETRAK,,KM
4884,1400,1600,DT,0,0,SORETRAK,,KM
4885,1600,1800,DT,0,0,SORETRAK,,KM
4886,2500,2800,DT,0,0,SORETRAK,,KM
4887,700,800,DT,0,0,SORETRAK,,KM
4888,900,1000,DT,0,0,SORETRAK,,KM
4889,1100,1300,DT,0,0,SORETRAK,,KM
4890,2000,2200,DT,0,0,SORETRAK,,KM
4891,700,800,DT,0,0,SORETRAK,,KM
4892,800,900,DT,0,0,SORETRAK,,KM
4893,1700,1900,DT,0,0,SORETRAK,,KM
4894,700,800,DT,0,0,SORETRAK,,KM
4895,1200,1400,DT,0,0,SORETRAK,,KM
4896,1000,1100,DT,0,0,SORETRAK,,KM
4897,9200,10200,DT,0,0,SORETRAK,,KM
4898,11900,13100,DT,0,0,SORETRAK,,KM
4899,14500,16000,DT,0,0,SORETRAK,,KM
4900,3100,3500,DT,0,0,SORETRAK,,KM
4901,6200,6900,DT,0,0,SORETRAK,,KM
4902,3100,3500,DT,0,0,SORETRAK,,KM
4903,1700,1900,DT,0,0,SORETRAK,,KM
4904,2000,2200,DT,0,0,SORETRAK,,KM
4905,3600,4000,DT,0,0,SORETRAK,,KM
4906,4900,5400,DT,0,0,SORETRAK,,KM
4907,6000,6600,DT,0,0,SORETRAK,,KM
4908,6500,7200,DT,0,0,SORETRAK,,KM
4909,7500,8300,DT,0,0,SORETRAK,,KM
4910,9000,9900,DT,0,0,SORETRAK,,KM
4911,10800,11900,DT,0,0,SORETRAK,,KM
4912,11200,12400,DT,0,0,SORETRAK,,KM
4913,14600,16100,DT,0,0,SORETRAK,,KM
4914,700,800,DT,0,0,SORETRAK,,KM
4915,2000,2200,DT,0,0,SORETRAK,,KM
4916,3200,3600,DT,0,0,SORETRAK,,KM
4917,4400,4900,DT,0,0,SORETRAK,,KM
4918,4900,5400,DT,0,0,SORETRAK,,KM
4919,5800,6400,DT,0,0,SORETRAK,,KM
4920,7400,8200,DT,0,0,SORETRAK,,KM
4921,9300,10300,DT,0,0,SORETRAK,,KM
4922,9900,10900,DT,0,0,SORETRAK,,KM
4923,13300,14700,DT,0,0,SORETRAK,,KM
4924,1700,1900,DT,0,0,SORETRAK,,KM
4925,2900,3200,DT,0,0,SORETRAK,,KM
4926,4100,4600,DT,0,0,SORETRAK,,KM
4927,4500,5000,DT,0,0,SORETRAK,,KM
4928,5500,6100,DT,0,0,SORETRAK,,KM
4929,7100,7900,DT,0,0,SORETRAK,,KM
4930,9000,9900,DT,0,0,SORETRAK,,KM
4931,9500,10500,DT,0,0,SORETRAK,,KM
4932,13000,14300,DT,0,0,SORETRAK,,KM
4933,1300,1500,DT,0,0,SORETRAK,,KM
4934,2500,2800,DT,0,0,SORETRAK,,KM
4935,2900,3200,DT,0,0,SORETRAK,,KM
4936,3900,4300,DT,0,0,SORETRAK,,KM
4937,5400,6000,DT,0,0,SORETRAK,,KM
4938,7400,8200,DT,0,0,SORETRAK,,KM
4939,7900,8700,DT,0,0,SORETRAK,,KM
4940,11600,12800,DT,0,0,SORETRAK,,KM
4941,1200,1400,DT,0,0,SORETRAK,,KM
4942,1700,1900,DT,0,0,SORETRAK,,KM
4943,2600,2900,DT,0,0,SORETRAK,,KM
4944,4200,4700,DT,0,0,SORETRAK,,KM
4945,6200,6900,DT,0,0,SORETRAK,,KM
4946,6700,7400,DT,0,0,SORETRAK,,KM
4947,10600,11700,DT,0,0,SORETRAK,,KM
4948,700,800,DT,0,0,SORETRAK,,KM
4949,1500,1700,DT,0,0,SORETRAK,,KM
4950,3000,3300,DT,0,0,SORETRAK,,KM
4951,5000,5500,DT,0,0,SORETRAK,,KM
4952,5500,6100,DT,0,0,SORETRAK,,KM
4953,9500,10500,DT,0,0,SORETRAK,,KM
4954,1000,1100,DT,0,0,SORETRAK,,KM
4955,2600,2900,DT,0,0,SORETRAK,,KM
4956,4500,5000,DT,0,0,SORETRAK,,KM
4957,5100,5700,DT,0,0,SORETRAK,,KM
4958,9100,10100,DT,0,0,SORETRAK,,KM
4959,1600,1800,DT,0,0,SORETRAK,,KM
4960,3600,4000,DT,0,0,SORETRAK,,KM
4961,4100,4600,DT,0,0,SORETRAK,,KM
4962,8100,9000,DT,0,0,SORETRAK,,KM
4963,2000,2200,DT,0,0,SORETRAK,,KM
4964,2500,2800,DT,0,0,SORETRAK,,KM
4965,6500,7200,DT,0,0,SORETRAK,,KM
4966,700,800,DT,0,0,SORETRAK,,KM
4967,4600,5100,DT,0,0,SORETRAK,,KM
4968,4100,4600,DT,0,0,SORETRAK,,KM
4969,2300,2600,DT,0,0,SORETRAK,,KM
4970,4500,5000,DT,0,0,SORETRAK,,KM
4971,7100,7900,DT,0,0,SORETRAK,,KM
4972,10300,11400,DT,0,0,SORETRAK,,KM
4973,13100,14500,DT,0,0,SORETRAK,,KM
4974,2200,2500,DT,0,0,SORETRAK,,KM
4975,4800,5300,DT,0,0,SORETRAK,,KM
4976,8200,9100,DT,0,0,SORETRAK,,KM
4977,11200,12400,DT,0,0,SORETRAK,,KM
4978,2600,2900,DT,0,0,SORETRAK,,KM
4979,6000,6600,DT,0,0,SORETRAK,,KM
4980,9300,10300,DT,0,0,SORETRAK,,KM
4981,3400,3800,DT,0,0,SORETRAK,,KM
4982,6700,7400,DT,0,0,SORETRAK,,KM
4983,3300,3700,DT,0,0,SORETRAK,,KM
4984,4900,5400,DT,0,0,SORETRAK,,KM
4985,6500,7200,DT,0,0,SORETRAK,,KM
4986,7500,8300,DT,0,0,SORETRAK,,KM
4987,8800,9700,DT,0,0,SORETRAK,,KM
4988,13100,14500,DT,0,0,SORETRAK,,KM
4989,1700,1900,DT,0,0,SORETRAK,,KM
4990,2600,2900,DT,0,0,SORETRAK,,KM
4991,3900,4300,DT,0,0,SORETRAK,,KM
4992,8900,9800,DT,0,0,SORETRAK,,KM
4993,1000,1100,DT,0,0,SORETRAK,,KM
4994,2300,2600,DT,0,0,SORETRAK,,KM
4995,7300,8100,DT,0,0,SORETRAK,,KM
4996,1300,1500,DT,0,0,SORETRAK,,KM
4997,6300,7000,DT,0,0,SORETRAK,,KM
4998,5000,5500,DT,0,0,SORETRAK,,KM
4999,800,900,DT,0,0,SORETRAK,,KM
5000,1100,1300,DT,0,0,SORETRAK,,KM
5001,1700,1900,DT,0,0,SORETRAK,,KM
5002,2000,2200,DT,0,0,SORETRAK,,KM
5003,2200,2500,DT,0,0,SORETRAK,,KM
5004,2700,3000,DT,0,0,SORETRAK,,KM
5005,3100,3500,DT,0,0,SORETRAK,,KM
5006,3600,4000,DT,0,0,SORETRAK,,KM
5007,4300,4800,DT,0,0,SORETRAK,,KM
5008,4900,5400,DT,0,0,SORETRAK,,KM
5009,5500,6100,DT,0,0,SORETRAK,,KM
5010,6000,6600,DT,0,0,SORETRAK,,KM
5011,6500,7200,DT,0,0,SORETRAK,,KM
5012,7500,8300,DT,0,0,SORETRAK,,KM
5013,8000,8800,DT,0,0,SORETRAK,,KM
5014,8500,9400,DT,0,0,SORETRAK,,KM
5015,9000,9900,DT,0,0,SORETRAK,,KM
5016,700,800,DT,0,0,SORETRAK,,KM
5017,1000,1100,DT,0,0,SORETRAK,,KM
5018,1300,1500,DT,0,0,SORETRAK,,KM
5019,1500,1700,DT,0,0,SORETRAK,,KM
5020,2000,2200,DT,0,0,SORETRAK,,KM
5021,2400,2700,DT,0,0,SORETRAK,,KM
5022,2900,3200,DT,0,0,SORETRAK,,KM
5023,3600,4000,DT,0,0,SORETRAK,,KM
5024,4100,4600,DT,0,0,SORETRAK,,KM
5025,4800,5300,DT,0,0,SORETRAK,,KM
5026,5300,5900,DT,0,0,SORETRAK,,KM
5027,5800,6400,DT,0,0,SORETRAK,,KM
5028,6700,7400,DT,0,0,SORETRAK,,KM
5029,7300,8100,DT,0,0,SORETRAK,,KM
5030,7800,8600,DT,0,0,SORETRAK,,KM
5031,8300,9200,DT,0,0,SORETRAK,,KM
5032,700,800,DT,0,0,SORETRAK,,KM
5033,1000,1100,DT,0,0,SORETRAK,,KM
5034,1200,1400,DT,0,0,SORETRAK,,KM
5035,1700,1900,DT,0,0,SORETRAK,,KM
5036,2100,2400,DT,0,0,SORETRAK,,KM
5037,2600,2900,DT,0,0,SORETRAK,,KM
5038,3300,3700,DT,0,0,SORETRAK,,KM
5039,3800,4200,DT,0,0,SORETRAK,,KM
5040,4500,5000,DT,0,0,SORETRAK,,KM
5041,5000,5500,DT,0,0,SORETRAK,,KM
5042,5400,6000,DT,0,0,SORETRAK,,KM
5043,6400,7100,DT,0,0,SORETRAK,,KM
5044,7000,7700,DT,0,0,SORETRAK,,KM
5045,7500,8300,DT,0,0,SORETRAK,,KM
5046,8000,8800,DT,0,0,SORETRAK,,KM
5047,700,800,DT,0,0,SORETRAK,,KM
5048,700,800,DT,0,0,SORETRAK,,KM
5049,1100,1300,DT,0,0,SORETRAK,,KM
5050,1500,1700,DT,0,0,SORETRAK,,KM
5051,2000,2200,DT,0,0,SORETRAK,,KM
5052,2700,3000,DT,0,0,SORETRAK,,KM
5053,3200,3600,DT,0,0,SORETRAK,,KM
5054,3900,4300,DT,0,0,SORETRAK,,KM
5055,4400,4900,DT,0,0,SORETRAK,,KM
5056,4900,5400,DT,0,0,SORETRAK,,KM
5057,5800,6400,DT,0,0,SORETRAK,,KM
5058,6400,7100,DT,0,0,SORETRAK,,KM
5059,6900,7600,DT,0,0,SORETRAK,,KM
5060,7400,8200,DT,0,0,SORETRAK,,KM
5061,700,800,DT,0,0,SORETRAK,,KM
5062,800,900,DT,0,0,SORETRAK,,KM
5063,1200,1400,DT,0,0,SORETRAK,,KM
5064,1700,1900,DT,0,0,SORETRAK,,KM
5065,2400,2700,DT,0,0,SORETRAK,,KM
5066,2900,3200,DT,0,0,SORETRAK,,KM
5067,3600,4000,DT,0,0,SORETRAK,,KM
5068,4100,4600,DT,0,0,SORETRAK,,KM
5069,4500,5000,DT,0,0,SORETRAK,,KM
5070,5500,6100,DT,0,0,SORETRAK,,KM
5071,6100,6800,DT,0,0,SORETRAK,,KM
5072,6500,7200,DT,0,0,SORETRAK,,KM
5073,7100,7900,DT,0,0,SORETRAK,,KM
5074,700,800,DT,0,0,SORETRAK,,KM
5075,1000,1100,DT,0,0,SORETRAK,,KM
5076,1500,1700,DT,0,0,SORETRAK,,KM
5077,2200,2500,DT,0,0,SORETRAK,,KM
5078,2700,3000,DT,0,0,SORETRAK,,KM
5079,3400,3800,DT,0,0,SORETRAK,,KM
5080,3900,4300,DT,0,0,SORETRAK,,KM
5081,4300,4800,DT,0,0,SORETRAK,,KM
5082,5300,5900,DT,0,0,SORETRAK,,KM
5083,5900,6500,DT,0,0,SORETRAK,,KM
5084,6400,7100,DT,0,0,SORETRAK,,KM
5085,6900,7600,DT,0,0,SORETRAK,,KM
5086,700,800,DT,0,0,SORETRAK,,KM
5087,1000,1100,DT,0,0,SORETRAK,,KM
5088,1700,1900,DT,0,0,SORETRAK,,KM
5089,2200,2500,DT,0,0,SORETRAK,,KM
5090,2800,3100,DT,0,0,SORETRAK,,KM
5091,3400,3800,DT,0,0,SORETRAK,,KM
5092,3800,4200,DT,0,0,SORETRAK,,KM
5093,4800,5300,DT,0,0,SORETRAK,,KM
5094,5400,6000,DT,0,0,SORETRAK,,KM
5095,5800,6400,DT,0,0,SORETRAK,,KM
5096,6400,7100,DT,0,0,SORETRAK,,KM
5097,700,800,DT,0,0,SORETRAK,,KM
5098,1300,1500,DT,0,0,SORETRAK,,KM
5099,1800,2000,DT,0,0,SORETRAK,,KM
5100,2500,2800,DT,0,0,SORETRAK,,KM
5101,3000,3300,DT,0,0,SORETRAK,,KM
5102,3400,3800,DT,0,0,SORETRAK,,KM
5103,4400,4900,DT,0,0,SORETRAK,,KM
5104,5000,5500,DT,0,0,SORETRAK,,KM
5105,5400,6000,DT,0,0,SORETRAK,,KM
5106,6000,6600,DT,0,0,SORETRAK,,KM
5107,800,900,DT,0,0,SORETRAK,,KM
5108,1300,1500,DT,0,0,SORETRAK,,KM
5109,1900,2100,DT,0,0,SORETRAK,,KM
5110,2500,2800,DT,0,0,SORETRAK,,KM
5111,2900,3200,DT,0,0,SORETRAK,,KM
5112,3900,4300,DT,0,0,SORETRAK,,KM
5113,4500,5000,DT,0,0,SORETRAK,,KM
5114,4900,5400,DT,0,0,SORETRAK,,KM
5115,5400,6000,DT,0,0,SORETRAK,,KM
5116,700,800,DT,0,0,SORETRAK,,KM
5117,1200,1400,DT,0,0,SORETRAK,,KM
5118,1700,1900,DT,0,0,SORETRAK,,KM
5119,2200,2500,DT,0,0,SORETRAK,,KM
5120,3200,3600,DT,0,0,SORETRAK,,KM
5121,3800,4200,DT,0,0,SORETRAK,,KM
5122,4200,4700,DT,0,0,SORETRAK,,KM
5123,4700,5200,DT,0,0,SORETRAK,,KM
5124,700,800,DT,0,0,SORETRAK,,KM
5125,1200,1400,DT,0,0,SORETRAK,,KM
5126,1700,1900,DT,0,0,SORETRAK,,KM
5127,2600,2900,DT,0,0,SORETRAK,,KM
5128,3200,3600,DT,0,0,SORETRAK,,KM
5129,3700,4100,DT,0,0,SORETRAK,,KM
5130,4200,4700,DT,0,0,SORETRAK,,KM
5131,700,800,DT,0,0,SORETRAK,,KM
5132,1000,1100,DT,0,0,SORETRAK,,KM
5133,2000,2200,DT,0,0,SORETRAK,,KM
5134,2600,2900,DT,0,0,SORETRAK,,KM
5135,3000,3300,DT,0,0,SORETRAK,,KM
5136,3600,4000,DT,0,0,SORETRAK,,KM
5137,700,800,DT,0,0,SORETRAK,,KM
5138,1500,1700,DT,0,0,SORETRAK,,KM
5139,2100,2400,DT,0,0,SORETRAK,,KM
5140,2500,2800,DT,0,0,SORETRAK,,KM
5141,3000,3300,DT,0,0,SORETRAK,,KM
5142,1000,1100,DT,0,0,SORETRAK,,KM
5143,1600,1800,DT,0,0,SORETRAK,,KM
5144,2100,2400,DT,0,0,SORETRAK,,KM
5145,2600,2900,DT,0,0,SORETRAK,,KM
5146,700,800,DT,0,0,SORETRAK,,KM
5147,1100,1300,DT,0,0,SORETRAK,,KM
5148,1600,1800,DT,0,0,SORETRAK,,KM
5149,700,800,DT,0,0,SORETRAK,,KM
5150,1000,1100,DT,0,0,SORETRAK,,KM
5151,700,800,DT,0,0,SORETRAK,,KM
5152,700,800,DT,0,0,SORETRAK,,KM
5153,800,900,DT,0,0,SORETRAK,,KM
5154,900,1000,DT,0,0,SORETRAK,,KM
5155,1300,1500,DT,0,0,SORETRAK,,KM
5156,1900,2100,DT,0,0,SORETRAK,,KM
5157,2300,2600,DT,0,0,SORETRAK,,KM
5158,3000,3300,DT,0,0,SORETRAK,,KM
5159,3300,3700,DT,0,0,SORETRAK,,KM
5160,3800,4200,DT,0,0,SORETRAK,,KM
5161,700,800,DT,0,0,SORETRAK,,KM
5162,700,800,DT,0,0,SORETRAK,,KM
5163,800,900,DT,0,0,SORETRAK,,KM
5164,1300,1500,DT,0,0,SORETRAK,,KM
5165,1700,1900,DT,0,0,SORETRAK,,KM
5166,2500,2800,DT,0,0,SORETRAK,,KM
5167,2800,3100,DT,0,0,SORETRAK,,KM
5168,3200,3600,DT,0,0,SORETRAK,,KM
5169,700,800,DT,0,0,SORETRAK,,KM
5170,700,800,DT,0,0,SORETRAK,,KM
5171,1200,1400,DT,0,0,SORETRAK,,KM
5172,1500,1700,DT,0,0,SORETRAK,,KM
5173,2300,2600,DT,0,0,SORETRAK,,KM
5174,2600,2900,DT,0,0,SORETRAK,,KM
5175,3000,3300,DT,0,0,SORETRAK,,KM
5176,700,800,DT,0,0,SORETRAK,,KM
5177,1000,1100,DT,0,0,SORETRAK,,KM
5178,1400,1600,DT,0,0,SORETRAK,,KM
5179,2100,2400,DT,0,0,SORETRAK,,KM
5180,2500,2800,DT,0,0,SORETRAK,,KM
5181,2900,3200,DT,0,0,SORETRAK,,KM
5182,700,800,DT,0,0,SORETRAK,,KM
5183,1000,1100,DT,0,0,SORETRAK,,KM
5184,1700,1900,DT,0,0,SORETRAK,,KM
5185,2000,2200,DT,0,0,SORETRAK,,KM
5186,2500,2800,DT,0,0,SORETRAK,,KM
5187,700,800,DT,0,0,SORETRAK,,KM
5188,1200,1400,DT,0,0,SORETRAK,,KM
5189,1500,1700,DT,0,0,SORETRAK,,KM
5190,1900,2100,DT,0,0,SORETRAK,,KM
5191,800,900,DT,0,0,SORETRAK,,KM
5192,1100,1300,DT,0,0,SORETRAK,,KM
5193,1500,1700,DT,0,0,SORETRAK,,KM
5194,700,800,DT,0,0,SORETRAK,,KM
5195,800,900,DT,0,0,SORETRAK,,KM
5196,700,800,DT,0,0,SORETRAK,,KM
5197,1100,1300,DT,0,0,SORETRAK,,KM
5198,1500,1700,DT,0,0,SORETRAK,,KM
5199,1700,1900,DT,0,0,SORETRAK,,KM
5200,2600,2900,DT,0,0,SORETRAK,,KM
5201,3000,3300,DT,0,0,SORETRAK,,KM
5202,3400,3800,DT,0,0,SORETRAK,,KM
5203,4200,4700,DT,0,0,SORETRAK,,KM
5204,4700,5200,DT,0,0,SORETRAK,,KM
5205,5100,5700,DT,0,0,SORETRAK,,KM
5206,5600,6200,DT,0,0,SORETRAK,,KM
5207,6200,6900,DT,0,0,SORETRAK,,KM
5208,6600,7300,DT,0,0,SORETRAK,,KM
5209,7000,7700,DT,0,0,SORETRAK,,KM
5210,7500,8300,DT,0,0,SORETRAK,,KM
5211,7900,8700,DT,0,0,SORETRAK,,KM
5212,700,800,DT,0,0,SORETRAK,,KM
5213,700,800,DT,0,0,SORETRAK,,KM
5214,1500,1700,DT,0,0,SORETRAK,,KM
5215,1900,2100,DT,0,0,SORETRAK,,KM
5216,2400,2700,DT,0,0,SORETRAK,,KM
5217,3200,3600,DT,0,0,SORETRAK,,KM
5218,3600,4000,DT,0,0,SORETRAK,,KM
5219,4000,4400,DT,0,0,SORETRAK,,KM
5220,4600,5100,DT,0,0,SORETRAK,,KM
5221,5200,5800,DT,0,0,SORETRAK,,KM
5222,5600,6200,DT,0,0,SORETRAK,,KM
5223,6000,6600,DT,0,0,SORETRAK,,KM
5224,6500,7200,DT,0,0,SORETRAK,,KM
5225,6900,7600,DT,0,0,SORETRAK,,KM
5226,700,800,DT,0,0,SORETRAK,,KM
5227,1100,1300,DT,0,0,SORETRAK,,KM
5228,1500,1700,DT,0,0,SORETRAK,,KM
5229,1900,2100,DT,0,0,SORETRAK,,KM
5230,2700,3000,DT,0,0,SORETRAK,,KM
5231,3200,3600,DT,0,0,SORETRAK,,KM
5232,3600,4000,DT,0,0,SORETRAK,,KM
5233,4100,4600,DT,0,0,SORETRAK,,KM
5234,4700,5200,DT,0,0,SORETRAK,,KM
5235,5100,5700,DT,0,0,SORETRAK,,KM
5236,5500,6100,DT,0,0,SORETRAK,,KM
5237,6000,6600,DT,0,0,SORETRAK,,KM
5238,6400,7100,DT,0,0,SORETRAK,,KM
5239,900,1000,DT,0,0,SORETRAK,,KM
5240,1300,1500,DT,0,0,SORETRAK,,KM
5241,1700,1900,DT,0,0,SORETRAK,,KM
5242,2500,2800,DT,0,0,SORETRAK,,KM
5243,3000,3300,DT,0,0,SORETRAK,,KM
5244,3400,3800,DT,0,0,SORETRAK,,KM
5245,3900,4300,DT,0,0,SORETRAK,,KM
5246,4500,5000,DT,0,0,SORETRAK,,KM
5247,4900,5400,DT,0,0,SORETRAK,,KM
5248,5300,5900,DT,0,0,SORETRAK,,KM
5249,5800,6400,DT,0,0,SORETRAK,,KM
5250,6200,6900,DT,0,0,SORETRAK,,KM
5251,700,800,DT,0,0,SORETRAK,,KM
5252,900,1000,DT,0,0,SORETRAK,,KM
5253,1700,1900,DT,0,0,SORETRAK,,KM
5254,2100,2400,DT,0,0,SORETRAK,,KM
5255,2500,2800,DT,0,0,SORETRAK,,KM
5256,3100,3500,DT,0,0,SORETRAK,,KM
5257,3700,4100,DT,0,0,SORETRAK,,KM
5258,4100,4600,DT,0,0,SORETRAK,,KM
5259,4500,5000,DT,0,0,SORETRAK,,KM
5260,5000,5500,DT,0,0,SORETRAK,,KM
5261,5400,6000,DT,0,0,SORETRAK,,KM
5262,700,800,DT,0,0,SORETRAK,,KM
5263,1300,1500,DT,0,0,SORETRAK,,KM
5264,1700,1900,DT,0,0,SORETRAK,,KM
5265,2100,2400,DT,0,0,SORETRAK,,KM
5266,2700,3000,DT,0,0,SORETRAK,,KM
5267,3300,3700,DT,0,0,SORETRAK,,KM
5268,3700,4100,DT,0,0,SORETRAK,,KM
5269,4100,4600,DT,0,0,SORETRAK,,KM
5270,4600,5100,DT,0,0,SORETRAK,,KM
5271,5000,5500,DT,0,0,SORETRAK,,KM
5272,800,900,DT,0,0,SORETRAK,,KM
5273,1300,1500,DT,0,0,SORETRAK,,KM
5274,1700,1900,DT,0,0,SORETRAK,,KM
5275,2300,2600,DT,0,0,SORETRAK,,KM
5276,2800,3100,DT,0,0,SORETRAK,,KM
5277,3200,3600,DT,0,0,SORETRAK,,KM
5278,3600,4000,DT,0,0,SORETRAK,,KM
5279,4100,4600,DT,0,0,SORETRAK,,KM
5280,4500,5000,DT,0,0,SORETRAK,,KM
5281,700,800,DT,0,0,SORETRAK,,KM
5282,900,1000,DT,0,0,SORETRAK,,KM
5283,1500,1700,DT,0,0,SORETRAK,,KM
5284,2100,2400,DT,0,0,SORETRAK,,KM
5285,2500,2800,DT,0,0,SORETRAK,,KM
5286,2800,3100,DT,0,0,SORETRAK,,KM
5287,3400,3800,DT,0,0,SORETRAK,,KM
5288,3800,4200,DT,0,0,SORETRAK,,KM
5289,700,800,DT,0,0,SORETRAK,,KM
5290,1000,1100,DT,0,0,SORETRAK,,KM
5291,1600,1800,DT,0,0,SORETRAK,,KM
5292,2000,2200,DT,0,0,SORETRAK,,KM
5293,2400,2700,DT,0,0,SORETRAK,,KM
5294,2900,3200,DT,0,0,SORETRAK,,KM
5295,3300,3700,DT,0,0,SORETRAK,,KM
5296,700,800,DT,0,0,SORETRAK,,KM
5297,1200,1400,DT,0,0,SORETRAK,,KM
5298,1600,1800,DT,0,0,SORETRAK,,KM
5299,2000,2200,DT,0,0,SORETRAK,,KM
5300,2500,2800,DT,0,0,SORETRAK,,KM
5301,2900,3200,DT,0,0,SORETRAK,,KM
5302,700,800,DT,0,0,SORETRAK,,KM
5303,1000,1100,DT,0,0,SORETRAK,,KM
5304,1400,1600,DT,0,0,SORETRAK,,KM
5305,1900,2100,DT,0,0,SORETRAK,,KM
5306,2300,2600,DT,0,0,SORETRAK,,KM
5307,700,800,DT,0,0,SORETRAK,,KM
5308,800,900,DT,0,0,SORETRAK,,KM
5309,1300,1500,DT,0,0,SORETRAK,,KM
5310,1700,1900,DT,0,0,SORETRAK,,KM
5311,700,800,DT,0,0,SORETRAK,,KM
5312,1000,1100,DT,0,0,SORETRAK,,KM
5313,1300,1500,DT,0,0,SORETRAK,,KM
5314,700,800,DT,0,0,SORETRAK,,KM
5315,1000,1100,DT,0,0,SORETRAK,,KM
5316,700,800,DT,0,0,SORETRAK,,KM
5317,800,900,DT,0,0,SORETRAK,,KM
5318,900,1000,DT,0,0,SORETRAK,,KM
5319,1300,1500,DT,0,0,SORETRAK,,KM
5320,1500,1700,DT,0,0,SORETRAK,,KM
5321,1700,1900,DT,0,0,SORETRAK,,KM
5322,2300,2600,DT,0,0,SORETRAK,,KM
5323,2600,2900,DT,0,0,SORETRAK,,KM
5324,3000,3300,DT,0,0,SORETRAK,,KM
5325,3200,3600,DT,0,0,SORETRAK,,KM
5326,3500,3900,DT,0,0,SORETRAK,,KM
5327,4100,4600,DT,0,0,SORETRAK,,KM
5328,4600,5100,DT,0,0,SORETRAK,,KM
5329,5200,5800,DT,0,0,SORETRAK,,KM
5330,5700,6300,DT,0,0,SORETRAK,,KM
5331,6200,6900,DT,0,0,SORETRAK,,KM
5332,7000,7700,DT,0,0,SORETRAK,,KM
5333,700,800,DT,0,0,SORETRAK,,KM
5334,700,800,DT,0,0,SORETRAK,,KM
5335,800,900,DT,0,0,SORETRAK,,KM
5336,1000,1100,DT,0,0,SORETRAK,,KM
5337,1500,1700,DT,0,0,SORETRAK,,KM
5338,1900,2100,DT,0,0,SORETRAK,,KM
5339,2300,2600,DT,0,0,SORETRAK,,KM
5340,2500,2800,DT,0,0,SORETRAK,,KM
5341,2800,3100,DT,0,0,SORETRAK,,KM
5342,3400,3800,DT,0,0,SORETRAK,,KM
5343,3900,4300,DT,0,0,SORETRAK,,KM
5344,4500,5000,DT,0,0,SORETRAK,,KM
5345,5000,5500,DT,0,0,SORETRAK,,KM
5346,5500,6100,DT,0,0,SORETRAK,,KM
5347,6300,7000,DT,0,0,SORETRAK,,KM
5348,700,800,DT,0,0,SORETRAK,,KM
5349,700,800,DT,0,0,SORETRAK,,KM
5350,800,900,DT,0,0,SORETRAK,,KM
5351,1400,1600,DT,0,0,SORETRAK,,KM
5352,1700,1900,DT,0,0,SORETRAK,,KM
5353,2200,2500,DT,0,0,SORETRAK,,KM
5354,2400,2700,DT,0,0,SORETRAK,,KM
5355,2600,2900,DT,0,0,SORETRAK,,KM
5356,3200,3600,DT,0,0,SORETRAK,,KM
5357,3800,4200,DT,0,0,SORETRAK,,KM
5358,4300,4800,DT,0,0,SORETRAK,,KM
5359,4900,5400,DT,0,0,SORETRAK,,KM
5360,5400,6000,DT,0,0,SORETRAK,,KM
5361,6200,6900,DT,0,0,SORETRAK,,KM
5362,700,800,DT,0,0,SORETRAK,,KM
5363,700,800,DT,0,0,SORETRAK,,KM
5364,1000,1100,DT,0,0,SORETRAK,,KM
5365,1300,1500,DT,0,0,SORETRAK,,KM
5366,1700,1900,DT,0,0,SORETRAK,,KM
5367,1900,2100,DT,0,0,SORETRAK,,KM
5368,2200,2500,DT,0,0,SORETRAK,,KM
5369,2800,3100,DT,0,0,SORETRAK,,KM
5370,3300,3700,DT,0,0,SORETRAK,,KM
5371,3900,4300,DT,0,0,SORETRAK,,KM
5372,4400,4900,DT,0,0,SORETRAK,,KM
5373,4900,5400,DT,0,0,SORETRAK,,KM
5374,5700,6300,DT,0,0,SORETRAK,,KM
5375,700,800,DT,0,0,SORETRAK,,KM
5376,800,900,DT,0,0,SORETRAK,,KM
5377,1200,1400,DT,0,0,SORETRAK,,KM
5378,1600,1800,DT,0,0,SORETRAK,,KM
5379,1800,2000,DT,0,0,SORETRAK,,KM
5380,2100,2400,DT,0,0,SORETRAK,,KM
5381,2600,2900,DT,0,0,SORETRAK,,KM
5382,3200,3600,DT,0,0,SORETRAK,,KM
5383,3800,4200,DT,0,0,SORETRAK,,KM
5384,4300,4800,DT,0,0,SORETRAK,,KM
5385,4800,5300,DT,0,0,SORETRAK,,KM
5386,5600,6200,DT,0,0,SORETRAK,,KM
5387,700,800,DT,0,0,SORETRAK,,KM
5388,1000,1100,DT,0,0,SORETRAK,,KM
5389,1400,1600,DT,0,0,SORETRAK,,KM
5390,1600,1800,DT,0,0,SORETRAK,,KM
5391,1900,2100,DT,0,0,SORETRAK,,KM
5392,2500,2800,DT,0,0,SORETRAK,,KM
5393,3000,3300,DT,0,0,SORETRAK,,KM
5394,3600,4000,DT,0,0,SORETRAK,,KM
5395,4100,4600,DT,0,0,SORETRAK,,KM
5396,4600,5100,DT,0,0,SORETRAK,,KM
5397,5400,6000,DT,0,0,SORETRAK,,KM
5398,700,800,DT,0,0,SORETRAK,,KM
5399,800,900,DT,0,0,SORETRAK,,KM
5400,1000,1100,DT,0,0,SORETRAK,,KM
5401,1300,1500,DT,0,0,SORETRAK,,KM
5402,1900,2100,DT,0,0,SORETRAK,,KM
5403,2400,2700,DT,0,0,SORETRAK,,KM
5404,3000,3300,DT,0,0,SORETRAK,,KM
5405,3500,3900,DT,0,0,SORETRAK,,KM
5406,4000,4400,DT,0,0,SORETRAK,,KM
5407,4800,5300,DT,0,0,SORETRAK,,KM
5408,700,800,DT,0,0,SORETRAK,,KM
5409,700,800,DT,0,0,SORETRAK,,KM
5410,1000,1100,DT,0,0,SORETRAK,,KM
5411,1500,1700,DT,0,0,SORETRAK,,KM
5412,2100,2400,DT,0,0,SORETRAK,,KM
5413,2600,2900,DT,0,0,SORETRAK,,KM
5414,3200,3600,DT,0,0,SORETRAK,,KM
5415,3700,4100,DT,0,0,SORETRAK,,KM
5416,4500,5000,DT,0,0,SORETRAK,,KM
5417,700,800,DT,0,0,SORETRAK,,KM
5418,700,800,DT,0,0,SORETRAK,,KM
5419,1100,1300,DT,0,0,SORETRAK,,KM
5420,1600,1800,DT,0,0,SORETRAK,,KM
5421,2200,2500,DT,0,0,SORETRAK,,KM
5422,2700,3000,DT,0,0,SORETRAK,,KM
5423,3200,3600,DT,0,0,SORETRAK,,KM
5424,4000,4400,DT,0,0,SORETRAK,,KM
5425,700,800,DT,0,0,SORETRAK,,KM
5426,900,1000,DT,0,0,SORETRAK,,KM
5427,1400,1600,DT,0,0,SORETRAK,,KM
5428,2000,2200,DT,0,0,SORETRAK,,KM
5429,2500,2800,DT,0,0,SORETRAK,,KM
5430,3000,3300,DT,0,0,SORETRAK,,KM
5431,3800,4200,DT,0,0,SORETRAK,,KM
5432,700,800,DT,0,0,SORETRAK,,KM
5433,1200,1400,DT,0,0,SORETRAK,,KM
5434,1700,1900,DT,0,0,SORETRAK,,KM
5435,2300,2600,DT,0,0,SORETRAK,,KM
5436,2800,3100,DT,0,0,SORETRAK,,KM
5437,3600,4000,DT,0,0,SORETRAK,,KM
5438,700,800,DT,0,0,SORETRAK,,KM
5439,1200,1400,DT,0,0,SORETRAK,,KM
5440,1700,1900,DT,0,0,SORETRAK,,KM
5441,2200,2500,DT,0,0,SORETRAK,,KM
5442,3000,3300,DT,0,0,SORETRAK,,KM
5443,700,800,DT,0,0,SORETRAK,,KM
5444,1200,1400,DT,0,0,SORETRAK,,KM
5445,1700,1900,DT,0,0,SORETRAK,,KM
5446,2500,2800,DT,0,0,SORETRAK,,KM
5447,700,800,DT,0,0,SORETRAK,,KM
5448,1100,1300,DT,0,0,SORETRAK,,KM
5449,1900,2100,DT,0,0,SORETRAK,,KM
5450,700,800,DT,0,0,SORETRAK,,KM
5451,1300,1500,DT,0,0,SORETRAK,,KM
5452,800,900,DT,0,0,SORETRAK,,KM
5453,700,800,DT,0,0,SORETRAK,,KM
5454,1000,1100,DT,0,0,SORETRAK,,KM
5455,1100,1300,DT,0,0,SORETRAK,,KM
5456,1200,1400,DT,0,0,SORETRAK,,KM
5457,1400,1600,DT,0,0,SORETRAK,,KM
5458,1700,1900,DT,0,0,SORETRAK,,KM
5459,2300,2600,DT,0,0,SORETRAK,,KM
5460,3300,3700,DT,0,0,SORETRAK,,KM
5461,3800,4200,DT,0,0,SORETRAK,,KM
5462,4500,5000,DT,0,0,SORETRAK,,KM
5463,4700,5200,DT,0,0,SORETRAK,,KM
5464,5000,5500,DT,0,0,SORETRAK,,KM
5465,5400,6000,DT,0,0,SORETRAK,,KM
5466,5600,6200,DT,0,0,SORETRAK,,KM
5467,6200,6900,DT,0,0,SORETRAK,,KM
5468,6400,7100,DT,0,0,SORETRAK,,KM
5469,6900,7600,DT,0,0,SORETRAK,,KM
5470,7300,8100,DT,0,0,SORETRAK,,KM
5471,7800,8600,DT,0,0,SORETRAK,,KM
5472,8000,8800,DT,0,0,SORETRAK,,KM
5473,8900,9800,DT,0,0,SORETRAK,,KM
5474,700,800,DT,0,0,SORETRAK,,KM
5475,700,800,DT,0,0,SORETRAK,,KM
5476,700,800,DT,0,0,SORETRAK,,KM
5477,800,900,DT,0,0,SORETRAK,,KM
5478,1000,1100,DT,0,0,SORETRAK,,KM
5479,1700,1900,DT,0,0,SORETRAK,,KM
5480,2600,2900,DT,0,0,SORETRAK,,KM
5481,3200,3600,DT,0,0,SORETRAK,,KM
5482,3800,4200,DT,0,0,SORETRAK,,KM
5483,4100,4600,DT,0,0,SORETRAK,,KM
5484,4300,4800,DT,0,0,SORETRAK,,KM
5485,4800,5300,DT,0,0,SORETRAK,,KM
5486,5000,5500,DT,0,0,SORETRAK,,KM
5487,5500,6100,DT,0,0,SORETRAK,,KM
5488,5800,6400,DT,0,0,SORETRAK,,KM
5489,6300,7000,DT,0,0,SORETRAK,,KM
5490,6600,7300,DT,0,0,SORETRAK,,KM
5491,7100,7900,DT,0,0,SORETRAK,,KM
5492,7300,8100,DT,0,0,SORETRAK,,KM
5493,8200,9100,DT,0,0,SORETRAK,,KM
5494,700,800,DT,0,0,SORETRAK,,KM
5495,700,800,DT,0,0,SORETRAK,,KM
5496,700,800,DT,0,0,SORETRAK,,KM
5497,800,900,DT,0,0,SORETRAK,,KM
5498,1400,1600,DT,0,0,SORETRAK,,KM
5499,2400,2700,DT,0,0,SORETRAK,,KM
5500,2900,3200,DT,0,0,SORETRAK,,KM
5501,3600,4000,DT,0,0,SORETRAK,,KM
5502,3800,4200,DT,0,0,SORETRAK,,KM
5503,4100,4600,DT,0,0,SORETRAK,,KM
5504,4500,5000,DT,0,0,SORETRAK,,KM
5505,4700,5200,DT,0,0,SORETRAK,,KM
5506,5200,5800,DT,0,0,SORETRAK,,KM
5507,5500,6100,DT,0,0,SORETRAK,,KM
5508,6000,6600,DT,0,0,SORETRAK,,KM
5509,6400,7100,DT,0,0,SORETRAK,,KM
5510,6900,7600,DT,0,0,SORETRAK,,KM
5511,7100,7900,DT,0,0,SORETRAK,,KM
5512,8000,8800,DT,0,0,SORETRAK,,KM
5513,700,800,DT,0,0,SORETRAK,,KM
5514,700,800,DT,0,0,SORETRAK,,KM
5515,700,800,DT,0,0,SORETRAK,,KM
5516,1300,1500,DT,0,0,SORETRAK,,KM
5517,2300,2600,DT,0,0,SORETRAK,,KM
5518,2800,3100,DT,0,0,SORETRAK,,KM
5519,3400,3800,DT,0,0,SORETRAK,,KM
5520,3700,4100,DT,0,0,SORETRAK,,KM
5521,3900,4300,DT,0,0,SORETRAK,,KM
5522,4400,4900,DT,0,0,SORETRAK,,KM
5523,4600,5100,DT,0,0,SORETRAK,,KM
5524,5100,5700,DT,0,0,SORETRAK,,KM
5525,5400,6000,DT,0,0,SORETRAK,,KM
5526,5900,6500,DT,0,0,SORETRAK,,KM
5527,6200,6900,DT,0,0,SORETRAK,,KM
5528,6700,7400,DT,0,0,SORETRAK,,KM
5529,6900,7600,DT,0,0,SORETRAK,,KM
5530,7800,8600,DT,0,0,SORETRAK,,KM
5531,700,800,DT,0,0,SORETRAK,,KM
5532,700,800,DT,0,0,SORETRAK,,KM
5533,1200,1400,DT,0,0,SORETRAK,,KM
5534,2100,2400,DT,0,0,SORETRAK,,KM
5535,2600,2900,DT,0,0,SORETRAK,,KM
5536,3300,3700,DT,0,0,SORETRAK,,KM
5537,3600,4000,DT,0,0,SORETRAK,,KM
5538,3800,4200,DT,0,0,SORETRAK,,KM
5539,4300,4800,DT,0,0,SORETRAK,,KM
5540,4500,5000,DT,0,0,SORETRAK,,KM
5541,5000,5500,DT,0,0,SORETRAK,,KM
5542,5200,5800,DT,0,0,SORETRAK,,KM
5543,5800,6400,DT,0,0,SORETRAK,,KM
5544,6100,6800,DT,0,0,SORETRAK,,KM
5545,6600,7300,DT,0,0,SORETRAK,,KM
5546,6800,7500,DT,0,0,SORETRAK,,KM
5547,7700,8500,DT,0,0,SORETRAK,,KM
5548,700,800,DT,0,0,SORETRAK,,KM
5549,1000,1100,DT,0,0,SORETRAK,,KM
5550,1900,2100,DT,0,0,SORETRAK,,KM
5551,2500,2800,DT,0,0,SORETRAK,,KM
5552,3100,3500,DT,0,0,SORETRAK,,KM
5553,3400,3800,DT,0,0,SORETRAK,,KM
5554,3600,4000,DT,0,0,SORETRAK,,KM
5555,4100,4600,DT,0,0,SORETRAK,,KM
5556,4300,4800,DT,0,0,SORETRAK,,KM
5557,4800,5300,DT,0,0,SORETRAK,,KM
5558,5100,5700,DT,0,0,SORETRAK,,KM
5559,5600,6200,DT,0,0,SORETRAK,,KM
5560,5900,6500,DT,0,0,SORETRAK,,KM
5561,6400,7100,DT,0,0,SORETRAK,,KM
5562,6600,7300,DT,0,0,SORETRAK,,KM
5563,7500,8300,DT,0,0,SORETRAK,,KM
5564,700,800,DT,0,0,SORETRAK,,KM
5565,1700,1900,DT,0,0,SORETRAK,,KM
5566,2200,2500,DT,0,0,SORETRAK,,KM
5567,2800,3100,DT,0,0,SORETRAK,,KM
5568,3100,3500,DT,0,0,SORETRAK,,KM
5569,3400,3800,DT,0,0,SORETRAK,,KM
5570,3800,4200,DT,0,0,SORETRAK,,KM
5571,4000,4400,DT,0,0,SORETRAK,,KM
5572,4500,5000,DT,0,0,SORETRAK,,KM
5573,4800,5300,DT,0,0,SORETRAK,,KM
5574,5300,5900,DT,0,0,SORETRAK,,KM
5575,5600,6200,DT,0,0,SORETRAK,,KM
5576,6200,6900,DT,0,0,SORETRAK,,KM
5577,6400,7100,DT,0,0,SORETRAK,,KM
5578,7300,8100,DT,0,0,SORETRAK,,KM
5579,1000,1100,DT,0,0,SORETRAK,,KM
5580,1500,1700,DT,0,0,SORETRAK,,KM
5581,2200,2500,DT,0,0,SORETRAK,,KM
5582,2500,2800,DT,0,0,SORETRAK,,KM
5583,2700,3000,DT,0,0,SORETRAK,,KM
5584,3200,3600,DT,0,0,SORETRAK,,KM
5585,3400,3800,DT,0,0,SORETRAK,,KM
5586,3900,4300,DT,0,0,SORETRAK,,KM
5587,4100,4600,DT,0,0,SORETRAK,,KM
5588,4700,5200,DT,0,0,SORETRAK,,KM
5589,5000,5500,DT,0,0,SORETRAK,,KM
5590,5500,6100,DT,0,0,SORETRAK,,KM
5591,5700,6300,DT,0,0,SORETRAK,,KM
5592,6600,7300,DT,0,0,SORETRAK,,KM
5593,700,800,DT,0,0,SORETRAK,,KM
5594,1200,1400,DT,0,0,SORETRAK,,KM
5595,1500,1700,DT,0,0,SORETRAK,,KM
5596,1700,1900,DT,0,0,SORETRAK,,KM
5597,2200,2500,DT,0,0,SORETRAK,,KM
5598,2400,2700,DT,0,0,SORETRAK,,KM
5599,2900,3200,DT,0,0,SORETRAK,,KM
5600,3200,3600,DT,0,0,SORETRAK,,KM
5601,3700,4100,DT,0,0,SORETRAK,,KM
5602,4000,4400,DT,0,0,SORETRAK,,KM
5603,4500,5000,DT,0,0,SORETRAK,,KM
5604,4700,5200,DT,0,0,SORETRAK,,KM
5605,5600,6200,DT,0,0,SORETRAK,,KM
5606,700,800,DT,0,0,SORETRAK,,KM
5607,1000,1100,DT,0,0,SORETRAK,,KM
5608,1200,1400,DT,0,0,SORETRAK,,KM
5609,1700,1900,DT,0,0,SORETRAK,,KM
5610,1900,2100,DT,0,0,SORETRAK,,KM
5611,2400,2700,DT,0,0,SORETRAK,,KM
5612,2600,2900,DT,0,0,SORETRAK,,KM
5613,3200,3600,DT,0,0,SORETRAK,,KM
5614,3500,3900,DT,0,0,SORETRAK,,KM
5615,4000,4400,DT,0,0,SORETRAK,,KM
5616,4200,4700,DT,0,0,SORETRAK,,KM
5617,5100,5700,DT,0,0,SORETRAK,,KM
5618,700,800,DT,0,0,SORETRAK,,KM
5619,700,800,DT,0,0,SORETRAK,,KM
5620,1000,1100,DT,0,0,SORETRAK,,KM
5621,1200,1400,DT,0,0,SORETRAK,,KM
5622,1700,1900,DT,0,0,SORETRAK,,KM
5623,2000,2200,DT,0,0,SORETRAK,,KM
5624,2500,2800,DT,0,0,SORETRAK,,KM
5625,2800,3100,DT,0,0,SORETRAK,,KM
5626,3400,3800,DT,0,0,SORETRAK,,KM
5627,3600,4000,DT,0,0,SORETRAK,,KM
5628,4500,5000,DT,0,0,SORETRAK,,KM
5629,700,800,DT,0,0,SORETRAK,,KM
5630,800,900,DT,0,0,SORETRAK,,KM
5631,1000,1100,DT,0,0,SORETRAK,,KM
5632,1500,1700,DT,0,0,SORETRAK,,KM
5633,1700,1900,DT,0,0,SORETRAK,,KM
5634,2300,2600,DT,0,0,SORETRAK,,KM
5635,2600,2900,DT,0,0,SORETRAK,,KM
5636,3100,3500,DT,0,0,SORETRAK,,KM
5637,3300,3700,DT,0,0,SORETRAK,,KM
5638,4200,4700,DT,0,0,SORETRAK,,KM
5639,700,800,DT,0,0,SORETRAK,,KM
5640,700,800,DT,0,0,SORETRAK,,KM
5641,1200,1400,DT,0,0,SORETRAK,,KM
5642,1500,1700,DT,0,0,SORETRAK,,KM
5643,2000,2200,DT,0,0,SORETRAK,,KM
5644,2300,2600,DT,0,0,SORETRAK,,KM
5645,2800,3100,DT,0,0,SORETRAK,,KM
5646,3000,3300,DT,0,0,SORETRAK,,KM
5647,3900,4300,DT,0,0,SORETRAK,,KM
5648,700,800,DT,0,0,SORETRAK,,KM
5649,800,900,DT,0,0,SORETRAK,,KM
5650,1000,1100,DT,0,0,SORETRAK,,KM
5651,1500,1700,DT,0,0,SORETRAK,,KM
5652,1900,2100,DT,0,0,SORETRAK,,KM
5653,2400,2700,DT,0,0,SORETRAK,,KM
5654,2600,2900,DT,0,0,SORETRAK,,KM
5655,3500,3900,DT,0,0,SORETRAK,,KM
5656,700,800,DT,0,0,SORETRAK,,KM
5657,800,900,DT,0,0,SORETRAK,,KM
5658,1300,1500,DT,0,0,SORETRAK,,KM
5659,1700,1900,DT,0,0,SORETRAK,,KM
5660,2200,2500,DT,0,0,SORETRAK,,KM
5661,2400,2700,DT,0,0,SORETRAK,,KM
5662,3300,3700,DT,0,0,SORETRAK,,KM
5663,700,800,DT,0,0,SORETRAK,,KM
5664,800,900,DT,0,0,SORETRAK,,KM
5665,1200,1400,DT,0,0,SORETRAK,,KM
5666,1700,1900,DT,0,0,SORETRAK,,KM
5667,1900,2100,DT,0,0,SORETRAK,,KM
5668,2800,3100,DT,0,0,SORETRAK,,KM
5669,700,800,DT,0,0,SORETRAK,,KM
5670,900,1000,DT,0,0,SORETRAK,,KM
5671,1400,1600,DT,0,0,SORETRAK,,KM
5672,1600,1800,DT,0,0,SORETRAK,,KM
5673,2500,2800,DT,0,0,SORETRAK,,KM
5674,700,800,DT,0,0,SORETRAK,,KM
5675,900,1000,DT,0,0,SORETRAK,,KM
5676,1100,1300,DT,0,0,SORETRAK,,KM
5677,2000,2200,DT,0,0,SORETRAK,,KM
5678,700,800,DT,0,0,SORETRAK,,KM
5679,800,900,DT,0,0,SORETRAK,,KM
5680,1700,1900,DT,0,0,SORETRAK,,KM
5681,700,800,DT,0,0,SORETRAK,,KM
5682,1200,1400,DT,0,0,SORETRAK,,KM
5683,1000,1100,DT,0,0,SORETRAK,,KM
5684,800,900,DT,0,0,SORETRAK,,KM
5685,1100,1300,DT,0,0,SORETRAK,,KM
5686,1700,1900,DT,0,0,SORETRAK,,KM
5687,2000,2200,DT,0,0,SORETRAK,,KM
5688,2300,2600,DT,0,0,SORETRAK,,KM
5689,2500,2800,DT,0,0,SORETRAK,,KM
5690,2800,3100,DT,0,0,SORETRAK,,KM
5691,3200,3600,DT,0,0,SORETRAK,,KM
5692,3600,4000,DT,0,0,SORETRAK,,KM
5693,4300,4800,DT,0,0,SORETRAK,,KM
5694,4900,5400,DT,0,0,SORETRAK,,KM
5695,5200,5800,DT,0,0,SORETRAK,,KM
5696,5500,6100,DT,0,0,SORETRAK,,KM
5697,6100,6800,DT,0,0,SORETRAK,,KM
5698,6400,7100,DT,0,0,SORETRAK,,KM
5699,7300,8100,DT,0,0,SORETRAK,,KM
5700,700,800,DT,0,0,SORETRAK,,KM
5701,1000,1100,DT,0,0,SORETRAK,,KM
5702,1300,1500,DT,0,0,SORETRAK,,KM
5703,1500,1700,DT,0,0,SORETRAK,,KM
5704,1700,1900,DT,0,0,SORETRAK,,KM
5705,2100,2400,DT,0,0,SORETRAK,,KM
5706,2500,2800,DT,0,0,SORETRAK,,KM
5707,2800,3100,DT,0,0,SORETRAK,,KM
5708,3600,4000,DT,0,0,SORETRAK,,KM
5709,4200,4700,DT,0,0,SORETRAK,,KM
5710,4500,5000,DT,0,0,SORETRAK,,KM
5711,4800,5300,DT,0,0,SORETRAK,,KM
5712,5400,6000,DT,0,0,SORETRAK,,KM
5713,5700,6300,DT,0,0,SORETRAK,,KM
5714,6600,7300,DT,0,0,SORETRAK,,KM
5715,700,800,DT,0,0,SORETRAK,,KM
5716,1000,1100,DT,0,0,SORETRAK,,KM
5717,1200,1400,DT,0,0,SORETRAK,,KM
5718,1400,1600,DT,0,0,SORETRAK,,KM
5719,1800,2000,DT,0,0,SORETRAK,,KM
5720,2100,2400,DT,0,0,SORETRAK,,KM
5721,2500,2800,DT,0,0,SORETRAK,,KM
5722,3300,3700,DT,0,0,SORETRAK,,KM
5723,3900,4300,DT,0,0,SORETRAK,,KM
5724,4100,4600,DT,0,0,SORETRAK,,KM
5725,4500,5000,DT,0,0,SORETRAK,,KM
5726,5100,5700,DT,0,0,SORETRAK,,KM
5727,5400,6000,DT,0,0,SORETRAK,,KM
5728,6300,7000,DT,0,0,SORETRAK,,KM
5729,700,800,DT,0,0,SORETRAK,,KM
5730,700,800,DT,0,0,SORETRAK,,KM
5731,800,900,DT,0,0,SORETRAK,,KM
5732,1200,1400,DT,0,0,SORETRAK,,KM
5733,1500,1700,DT,0,0,SORETRAK,,KM
5734,1900,2100,DT,0,0,SORETRAK,,KM
5735,2700,3000,DT,0,0,SORETRAK,,KM
5736,3300,3700,DT,0,0,SORETRAK,,KM
5737,3600,4000,DT,0,0,SORETRAK,,KM
5738,3900,4300,DT,0,0,SORETRAK,,KM
5739,4500,5000,DT,0,0,SORETRAK,,KM
5740,4800,5300,DT,0,0,SORETRAK,,KM
5741,5700,6300,DT,0,0,SORETRAK,,KM
5742,700,800,DT,0,0,SORETRAK,,KM
5743,700,800,DT,0,0,SORETRAK,,KM
5744,900,1000,DT,0,0,SORETRAK,,KM
5745,1200,1400,DT,0,0,SORETRAK,,KM
5746,1600,1800,DT,0,0,SORETRAK,,KM
5747,2400,2700,DT,0,0,SORETRAK,,KM
5748,3000,3300,DT,0,0,SORETRAK,,KM
5749,3200,3600,DT,0,0,SORETRAK,,KM
5750,3600,4000,DT,0,0,SORETRAK,,KM
5751,4100,4600,DT,0,0,SORETRAK,,KM
5752,4500,5000,DT,0,0,SORETRAK,,KM
5753,5400,6000,DT,0,0,SORETRAK,,KM
5754,700,800,DT,0,0,SORETRAK,,KM
5755,700,800,DT,0,0,SORETRAK,,KM
5756,1000,1100,DT,0,0,SORETRAK,,KM
5757,1300,1500,DT,0,0,SORETRAK,,KM
5758,2100,2400,DT,0,0,SORETRAK,,KM
5759,2700,3000,DT,0,0,SORETRAK,,KM
5760,3000,3300,DT,0,0,SORETRAK,,KM
5761,3300,3700,DT,0,0,SORETRAK,,KM
5762,3900,4300,DT,0,0,SORETRAK,,KM
5763,4200,4700,DT,0,0,SORETRAK,,KM
5764,5100,5700,DT,0,0,SORETRAK,,KM
5765,700,800,DT,0,0,SORETRAK,,KM
5766,800,900,DT,0,0,SORETRAK,,KM
5767,1200,1400,DT,0,0,SORETRAK,,KM
5768,1900,2100,DT,0,0,SORETRAK,,KM
5769,2500,2800,DT,0,0,SORETRAK,,KM
5770,2800,3100,DT,0,0,SORETRAK,,KM
5771,3100,3500,DT,0,0,SORETRAK,,KM
5772,3700,4100,DT,0,0,SORETRAK,,KM
5773,4000,4400,DT,0,0,SORETRAK,,KM
5774,4900,5400,DT,0,0,SORETRAK,,KM
5775,700,800,DT,0,0,SORETRAK,,KM
5776,800,900,DT,0,0,SORETRAK,,KM
5777,1500,1700,DT,0,0,SORETRAK,,KM
5778,2100,2400,DT,0,0,SORETRAK,,KM
5779,2400,2700,DT,0,0,SORETRAK,,KM
5780,2700,3000,DT,0,0,SORETRAK,,KM
5781,3300,3700,DT,0,0,SORETRAK,,KM
5782,3600,4000,DT,0,0,SORETRAK,,KM
5783,4500,5000,DT,0,0,SORETRAK,,KM
5784,700,800,DT,0,0,SORETRAK,,KM
5785,1200,1400,DT,0,0,SORETRAK,,KM
5786,1800,2000,DT,0,0,SORETRAK,,KM
5787,2100,2400,DT,0,0,SORETRAK,,KM
5788,2400,2700,DT,0,0,SORETRAK,,KM
5789,3000,3300,DT,0,0,SORETRAK,,KM
5790,3300,3700,DT,0,0,SORETRAK,,KM
5791,4200,4700,DT,0,0,SORETRAK,,KM
5792,800,900,DT,0,0,SORETRAK,,KM
5793,1400,1600,DT,0,0,SORETRAK,,KM
5794,1700,1900,DT,0,0,SORETRAK,,KM
5795,2000,2200,DT,0,0,SORETRAK,,KM
5796,2600,2900,DT,0,0,SORETRAK,,KM
5797,2900,3200,DT,0,0,SORETRAK,,KM
5798,3800,4200,DT,0,0,SORETRAK,,KM
5799,700,800,DT,0,0,SORETRAK,,KM
5800,900,1000,DT,0,0,SORETRAK,,KM
5801,1200,1400,DT,0,0,SORETRAK,,KM
5802,1800,2000,DT,0,0,SORETRAK,,KM
5803,2100,2400,DT,0,0,SORETRAK,,KM
5804,3000,3300,DT,0,0,SORETRAK,,KM
5805,700,800,DT,0,0,SORETRAK,,KM
5806,700,800,DT,0,0,SORETRAK,,KM
5807,1200,1400,DT,0,0,SORETRAK,,KM
5808,1500,1700,DT,0,0,SORETRAK,,KM
5809,2500,2800,DT,0,0,SORETRAK,,KM
5810,700,800,DT,0,0,SORETRAK,,KM
5811,1000,1100,DT,0,0,SORETRAK,,KM
5812,1300,1500,DT,0,0,SORETRAK,,KM
5813,2200,2500,DT,0,0,SORETRAK,,KM
5814,700,800,DT,0,0,SORETRAK,,KM
5815,1000,1100,DT,0,0,SORETRAK,,KM
5816,1900,2100,DT,0,0,SORETRAK,,KM
5817,700,800,DT,0,0,SORETRAK,,KM
5818,1300,1500,DT,0,0,SORETRAK,,KM
5819,1000,1100,DT,0,0,SORETRAK,,KM
5820,700,800,DT,0,0,SORETRAK,,KM
5821,800,900,DT,0,0,SORETRAK,,KM
5822,900,1000,DT,0,0,SORETRAK,,KM
5823,1300,1500,DT,0,0,SORETRAK,,KM
5824,1900,2100,DT,0,0,SORETRAK,,KM
5825,2300,2600,DT,0,0,SORETRAK,,KM
5826,3800,4200,DT,0,0,SORETRAK,,KM
5827,700,800,DT,0,0,SORETRAK,,KM
5828,700,800,DT,0,0,SORETRAK,,KM
5829,800,900,DT,0,0,SORETRAK,,KM
5830,1300,1500,DT,0,0,SORETRAK,,KM
5831,1700,1900,DT,0,0,SORETRAK,,KM
5832,3200,3600,DT,0,0,SORETRAK,,KM
5833,700,800,DT,0,0,SORETRAK,,KM
5834,700,800,DT,0,0,SORETRAK,,KM
5835,1200,1400,DT,0,0,SORETRAK,,KM
5836,1500,1700,DT,0,0,SORETRAK,,KM
5837,3000,3300,DT,0,0,SORETRAK,,KM
5838,700,800,DT,0,0,SORETRAK,,KM
5839,1000,1100,DT,0,0,SORETRAK,,KM
5840,1400,1600,DT,0,0,SORETRAK,,KM
5841,2900,3200,DT,0,0,SORETRAK,,KM
5842,700,800,DT,0,0,SORETRAK,,KM
5843,1000,1100,DT,0,0,SORETRAK,,KM
5844,2500,2800,DT,0,0,SORETRAK,,KM
5845,700,800,DT,0,0,SORETRAK,,KM
5846,1900,2100,DT,0,0,SORETRAK,,KM
5847,1500,1700,DT,0,0,SORETRAK,,KM
5848,700,800,DT,0,0,SORETRAK,,KM
5849,2400,2700,DT,0,0,SORETRAK,,KM
5850,5400,6000,DT,0,0,SORETRAK,,KM
5851,1900,2100,DT,0,0,SORETRAK,,KM
5852,4900,5400,DT,0,0,SORETRAK,,KM
5853,3100,3500,DT,0,0,SORETRAK,,KM
5854,800,900,DT,0,0,SORETRAK,,KM
5855,1000,1100,DT,0,0,SORETRAK,,KM
5856,1600,1800,DT,0,0,SORETRAK,,KM
5857,2300,2600,DT,0,0,SORETRAK,,KM
5858,2800,3100,DT,0,0,SORETRAK,,KM
5859,4100,4600,DT,0,0,SORETRAK,,KM
5860,4700,5200,DT,0,0,SORETRAK,,KM
5861,5600,6200,DT,0,0,SORETRAK,,KM
5862,6200,6900,DT,0,0,SORETRAK,,KM
5863,6700,7400,DT,0,0,SORETRAK,,KM
5864,7200,8000,DT,0,0,SORETRAK,,KM
5865,7600,8400,DT,0,0,SORETRAK,,KM
5866,8000,8800,DT,0,0,SORETRAK,,KM
5867,9000,9900,DT,0,0,SORETRAK,,KM
5868,9800,10800,DT,0,0,SORETRAK,,KM
5869,10500,11600,DT,0,0,SORETRAK,,KM
5870,10800,11900,DT,0,0,SORETRAK,,KM
5871,11100,12300,DT,0,0,SORETRAK,,KM
5872,11600,12800,DT,0,0,SORETRAK,,KM
5873,12000,13200,DT,0,0,SORETRAK,,KM
5874,12300,13600,DT,0,0,SORETRAK,,KM
5875,12500,13800,DT,0,0,SORETRAK,,KM
5876,700,800,DT,0,0,SORETRAK,,KM
5877,800,900,DT,0,0,SORETRAK,,KM
5878,1500,1700,DT,0,0,SORETRAK,,KM
5879,2100,2400,DT,0,0,SORETRAK,,KM
5880,3300,3700,DT,0,0,SORETRAK,,KM
5881,3900,4300,DT,0,0,SORETRAK,,KM
5882,4900,5400,DT,0,0,SORETRAK,,KM
5883,5400,6000,DT,0,0,SORETRAK,,KM
5884,5900,6500,DT,0,0,SORETRAK,,KM
5885,6400,7100,DT,0,0,SORETRAK,,KM
5886,6800,7500,DT,0,0,SORETRAK,,KM
5887,7300,8100,DT,0,0,SORETRAK,,KM
5888,8200,9100,DT,0,0,SORETRAK,,KM
5889,9000,9900,DT,0,0,SORETRAK,,KM
5890,9800,10800,DT,0,0,SORETRAK,,KM
5891,10200,11300,DT,0,0,SORETRAK,,KM
5892,10400,11500,DT,0,0,SORETRAK,,KM
5893,11000,12100,DT,0,0,SORETRAK,,KM
5894,11300,12500,DT,0,0,SORETRAK,,KM
5895,11600,12800,DT,0,0,SORETRAK,,KM
5896,11900,13100,DT,0,0,SORETRAK,,KM
5897,700,800,DT,0,0,SORETRAK,,KM
5898,1300,1500,DT,0,0,SORETRAK,,KM
5899,1900,2100,DT,0,0,SORETRAK,,KM
5900,3100,3500,DT,0,0,SORETRAK,,KM
5901,3800,4200,DT,0,0,SORETRAK,,KM
5902,4700,5200,DT,0,0,SORETRAK,,KM
5903,5200,5800,DT,0,0,SORETRAK,,KM
5904,5700,6300,DT,0,0,SORETRAK,,KM
5905,6200,6900,DT,0,0,SORETRAK,,KM
5906,6600,7300,DT,0,0,SORETRAK,,KM
5907,7100,7900,DT,0,0,SORETRAK,,KM
5908,8000,8800,DT,0,0,SORETRAK,,KM
5909,8800,9700,DT,0,0,SORETRAK,,KM
5910,9600,10600,DT,0,0,SORETRAK,,KM
5911,10000,11000,DT,0,0,SORETRAK,,KM
5912,10200,11300,DT,0,0,SORETRAK,,KM
5913,10800,11900,DT,0,0,SORETRAK,,KM
5914,11200,12400,DT,0,0,SORETRAK,,KM
5915,11400,12600,DT,0,0,SORETRAK,,KM
5916,11700,12900,DT,0,0,SORETRAK,,KM
5917,800,900,DT,0,0,SORETRAK,,KM
5918,1300,1500,DT,0,0,SORETRAK,,KM
5919,2500,2800,DT,0,0,SORETRAK,,KM
5920,3200,3600,DT,0,0,SORETRAK,,KM
5921,4100,4600,DT,0,0,SORETRAK,,KM
5922,4600,5100,DT,0,0,SORETRAK,,KM
5923,5100,5700,DT,0,0,SORETRAK,,KM
5924,5600,6200,DT,0,0,SORETRAK,,KM
5925,6000,6600,DT,0,0,SORETRAK,,KM
5926,6500,7200,DT,0,0,SORETRAK,,KM
5927,7400,8200,DT,0,0,SORETRAK,,KM
5928,8200,9100,DT,0,0,SORETRAK,,KM
5929,9000,9900,DT,0,0,SORETRAK,,KM
5930,9500,10500,DT,0,0,SORETRAK,,KM
5931,9700,10700,DT,0,0,SORETRAK,,KM
5932,10300,11400,DT,0,0,SORETRAK,,KM
5933,10700,11800,DT,0,0,SORETRAK,,KM
5934,11000,12100,DT,0,0,SORETRAK,,KM
5935,11200,12400,DT,0,0,SORETRAK,,KM
5936,700,800,DT,0,0,SORETRAK,,KM
5937,1800,2000,DT,0,0,SORETRAK,,KM
5938,2500,2800,DT,0,0,SORETRAK,,KM
5939,3400,3800,DT,0,0,SORETRAK,,KM
5940,3900,4300,DT,0,0,SORETRAK,,KM
5941,4400,4900,DT,0,0,SORETRAK,,KM
5942,4900,5400,DT,0,0,SORETRAK,,KM
5943,5300,5900,DT,0,0,SORETRAK,,KM
5944,5800,6400,DT,0,0,SORETRAK,,KM
5945,6700,7400,DT,0,0,SORETRAK,,KM
5946,7500,8300,DT,0,0,SORETRAK,,KM
5947,8300,9200,DT,0,0,SORETRAK,,KM
5948,8800,9700,DT,0,0,SORETRAK,,KM
5949,9000,9900,DT,0,0,SORETRAK,,KM
5950,9700,10700,DT,0,0,SORETRAK,,KM
5951,10100,11200,DT,0,0,SORETRAK,,KM
5952,10300,11400,DT,0,0,SORETRAK,,KM
5953,10600,11700,DT,0,0,SORETRAK,,KM
5954,1300,1500,DT,0,0,SORETRAK,,KM
5955,1900,2100,DT,0,0,SORETRAK,,KM
5956,2800,3100,DT,0,0,SORETRAK,,KM
5957,3400,3800,DT,0,0,SORETRAK,,KM
5958,3900,4300,DT,0,0,SORETRAK,,KM
5959,4400,4900,DT,0,0,SORETRAK,,KM
5960,4800,5300,DT,0,0,SORETRAK,,KM
5961,5200,5800,DT,0,0,SORETRAK,,KM
5962,6200,6900,DT,0,0,SORETRAK,,KM
5963,7000,7700,DT,0,0,SORETRAK,,KM
5964,7800,8600,DT,0,0,SORETRAK,,KM
5965,8200,9100,DT,0,0,SORETRAK,,KM
5966,8500,9400,DT,0,0,SORETRAK,,KM
5967,9100,10100,DT,0,0,SORETRAK,,KM
5968,9600,10600,DT,0,0,SORETRAK,,KM
5969,9900,10900,DT,0,0,SORETRAK,,KM
5970,10200,11300,DT,0,0,SORETRAK,,KM
5971,700,800,DT,0,0,SORETRAK,,KM
5972,1600,1800,DT,0,0,SORETRAK,,KM
5973,2100,2400,DT,0,0,SORETRAK,,KM
5974,2600,2900,DT,0,0,SORETRAK,,KM
5975,3200,3600,DT,0,0,SORETRAK,,KM
5976,3600,4000,DT,0,0,SORETRAK,,KM
5977,4000,4400,DT,0,0,SORETRAK,,KM
5978,4900,5400,DT,0,0,SORETRAK,,KM
5979,5800,6400,DT,0,0,SORETRAK,,KM
5980,6500,7200,DT,0,0,SORETRAK,,KM
5981,7000,7700,DT,0,0,SORETRAK,,KM
5982,7300,8100,DT,0,0,SORETRAK,,KM
5983,7900,8700,DT,0,0,SORETRAK,,KM
5984,8400,9300,DT,0,0,SORETRAK,,KM
5985,8700,9600,DT,0,0,SORETRAK,,KM
5986,9000,9900,DT,0,0,SORETRAK,,KM
5987,1000,1100,DT,0,0,SORETRAK,,KM
5988,1500,1700,DT,0,0,SORETRAK,,KM
5989,2000,2200,DT,0,0,SORETRAK,,KM
5990,2500,2800,DT,0,0,SORETRAK,,KM
5991,2900,3200,DT,0,0,SORETRAK,,KM
5992,3400,3800,DT,0,0,SORETRAK,,KM
5993,4300,4800,DT,0,0,SORETRAK,,KM
5994,5100,5700,DT,0,0,SORETRAK,,KM
5995,5900,6500,DT,0,0,SORETRAK,,KM
5996,6400,7100,DT,0,0,SORETRAK,,KM
5997,6600,7300,DT,0,0,SORETRAK,,KM
5998,7300,8100,DT,0,0,SORETRAK,,KM
5999,7700,8500,DT,0,0,SORETRAK,,KM
6000,8000,8800,DT,0,0,SORETRAK,,KM
6001,8400,9300,DT,0,0,SORETRAK,,KM
6002,700,800,DT,0,0,SORETRAK,,KM
6003,1100,1300,DT,0,0,SORETRAK,,KM
6004,1600,1800,DT,0,0,SORETRAK,,KM
6005,2000,2200,DT,0,0,SORETRAK,,KM
6006,2500,2800,DT,0,0,SORETRAK,,KM
6007,3400,3800,DT,0,0,SORETRAK,,KM
6008,4200,4700,DT,0,0,SORETRAK,,KM
6009,5000,5500,DT,0,0,SORETRAK,,KM
6010,5400,6000,DT,0,0,SORETRAK,,KM
6011,5700,6300,DT,0,0,SORETRAK,,KM
6012,6400,7100,DT,0,0,SORETRAK,,KM
6013,6800,7500,DT,0,0,SORETRAK,,KM
6014,7100,7900,DT,0,0,SORETRAK,,KM
6015,7500,8300,DT,0,0,SORETRAK,,KM
6016,700,800,DT,0,0,SORETRAK,,KM
6017,1100,1300,DT,0,0,SORETRAK,,KM
6018,1500,1700,DT,0,0,SORETRAK,,KM
6019,1900,2100,DT,0,0,SORETRAK,,KM
6020,2800,3100,DT,0,0,SORETRAK,,KM
6021,3700,4100,DT,0,0,SORETRAK,,KM
6022,4500,5000,DT,0,0,SORETRAK,,KM
6023,4900,5400,DT,0,0,SORETRAK,,KM
6024,5200,5800,DT,0,0,SORETRAK,,KM
6025,5800,6400,DT,0,0,SORETRAK,,KM
6026,6300,7000,DT,0,0,SORETRAK,,KM
6027,6600,7300,DT,0,0,SORETRAK,,KM
6028,6900,7600,DT,0,0,SORETRAK,,KM
6029,700,800,DT,0,0,SORETRAK,,KM
6030,1000,1100,DT,0,0,SORETRAK,,KM
6031,1400,1600,DT,0,0,SORETRAK,,KM
6032,2300,2600,DT,0,0,SORETRAK,,KM
6033,3200,3600,DT,0,0,SORETRAK,,KM
6034,3900,4300,DT,0,0,SORETRAK,,KM
6035,4400,4900,DT,0,0,SORETRAK,,KM
6036,4700,5200,DT,0,0,SORETRAK,,KM
6037,5300,5900,DT,0,0,SORETRAK,,KM
6038,5800,6400,DT,0,0,SORETRAK,,KM
6039,6100,6800,DT,0,0,SORETRAK,,KM
6040,6400,7100,DT,0,0,SORETRAK,,KM
6041,700,800,DT,0,0,SORETRAK,,KM
6042,900,1000,DT,0,0,SORETRAK,,KM
6043,1800,2000,DT,0,0,SORETRAK,,KM
6044,2600,2900,DT,0,0,SORETRAK,,KM
6045,3400,3800,DT,0,0,SORETRAK,,KM
6046,3900,4300,DT,0,0,SORETRAK,,KM
6047,4100,4600,DT,0,0,SORETRAK,,KM
6048,4800,5300,DT,0,0,SORETRAK,,KM
6049,5200,5800,DT,0,0,SORETRAK,,KM
6050,5600,6200,DT,0,0,SORETRAK,,KM
6051,5900,6500,DT,0,0,SORETRAK,,KM
6052,700,800,DT,0,0,SORETRAK,,KM
6053,1400,1600,DT,0,0,SORETRAK,,KM
6054,2300,2600,DT,0,0,SORETRAK,,KM
6055,3000,3300,DT,0,0,SORETRAK,,KM
6056,3500,3900,DT,0,0,SORETRAK,,KM
6057,3800,4200,DT,0,0,SORETRAK,,KM
6058,4400,4900,DT,0,0,SORETRAK,,KM
6059,4900,5400,DT,0,0,SORETRAK,,KM
6060,5200,5800,DT,0,0,SORETRAK,,KM
6061,5500,6100,DT,0,0,SORETRAK,,KM
6062,1000,1100,DT,0,0,SORETRAK,,KM
6063,1800,2000,DT,0,0,SORETRAK,,KM
6064,2600,2900,DT,0,0,SORETRAK,,KM
6065,3000,3300,DT,0,0,SORETRAK,,KM
6066,3300,3700,DT,0,0,SORETRAK,,KM
6067,3900,4300,DT,0,0,SORETRAK,,KM
6068,4400,4900,DT,0,0,SORETRAK,,KM
6069,4700,5200,DT,0,0,SORETRAK,,KM
6070,5100,5700,DT,0,0,SORETRAK,,KM
6071,900,1000,DT,0,0,SORETRAK,,KM
6072,1700,1900,DT,0,0,SORETRAK,,KM
6073,2100,2400,DT,0,0,SORETRAK,,KM
6074,2400,2700,DT,0,0,SORETRAK,,KM
6075,3000,3300,DT,0,0,SORETRAK,,KM
6076,3500,3900,DT,0,0,SORETRAK,,KM
6077,3800,4200,DT,0,0,SORETRAK,,KM
6078,4100,4600,DT,0,0,SORETRAK,,KM
6079,800,900,DT,0,0,SORETRAK,,KM
6080,1300,1500,DT,0,0,SORETRAK,,KM
6081,1500,1700,DT,0,0,SORETRAK,,KM
6082,2200,2500,DT,0,0,SORETRAK,,KM
6083,2600,2900,DT,0,0,SORETRAK,,KM
6084,3000,3300,DT,0,0,SORETRAK,,KM
6085,3300,3700,DT,0,0,SORETRAK,,KM
6086,700,800,DT,0,0,SORETRAK,,KM
6087,800,900,DT,0,0,SORETRAK,,KM
6088,1400,1600,DT,0,0,SORETRAK,,KM
6089,1900,2100,DT,0,0,SORETRAK,,KM
6090,2200,2500,DT,0,0,SORETRAK,,KM
6091,2500,2800,DT,0,0,SORETRAK,,KM
6092,700,800,DT,0,0,SORETRAK,,KM
6093,1000,1100,DT,0,0,SORETRAK,,KM
6094,1400,1600,DT,0,0,SORETRAK,,KM
6095,1700,1900,DT,0,0,SORETRAK,,KM
6096,2100,2400,DT,0,0,SORETRAK,,KM
6097,700,800,DT,0,0,SORETRAK,,KM
6098,1200,1400,DT,0,0,SORETRAK,,KM
6099,1500,1700,DT,0,0,SORETRAK,,KM
6100,1800,2000,DT,0,0,SORETRAK,,KM
6101,700,800,DT,0,0,SORETRAK,,KM
6102,800,900,DT,0,0,SORETRAK,,KM
6103,1200,1400,DT,0,0,SORETRAK,,KM
6104,700,800,DT,0,0,SORETRAK,,KM
6105,700,800,DT,0,0,SORETRAK,,KM
6106,700,800,DT,0,0,SORETRAK,,KM
6107,800,900,DT,0,0,SORETRAK,,KM
6108,1000,1100,DT,0,0,SORETRAK,,KM
6109,1700,1900,DT,0,0,SORETRAK,,KM
6110,2300,2600,DT,0,0,SORETRAK,,KM
6111,2800,3100,DT,0,0,SORETRAK,,KM
6112,3400,3800,DT,0,0,SORETRAK,,KM
6113,4100,4600,DT,0,0,SORETRAK,,KM
6114,4700,5200,DT,0,0,SORETRAK,,KM
6115,5600,6200,DT,0,0,SORETRAK,,KM
6116,6900,7600,DT,0,0,SORETRAK,,KM
6117,7500,8300,DT,0,0,SORETRAK,,KM
6118,7900,8700,DT,0,0,SORETRAK,,KM
6119,8300,9200,DT,0,0,SORETRAK,,KM
6120,8800,9700,DT,0,0,SORETRAK,,KM
6121,9200,10200,DT,0,0,SORETRAK,,KM
6122,9700,10700,DT,0,0,SORETRAK,,KM
6123,700,800,DT,0,0,SORETRAK,,KM
6124,900,1000,DT,0,0,SORETRAK,,KM
6125,1500,1700,DT,0,0,SORETRAK,,KM
6126,2100,2400,DT,0,0,SORETRAK,,KM
6127,2600,2900,DT,0,0,SORETRAK,,KM
6128,3300,3700,DT,0,0,SORETRAK,,KM
6129,3900,4300,DT,0,0,SORETRAK,,KM
6130,4900,5400,DT,0,0,SORETRAK,,KM
6131,6200,6900,DT,0,0,SORETRAK,,KM
6132,6700,7400,DT,0,0,SORETRAK,,KM
6133,7100,7900,DT,0,0,SORETRAK,,KM
6134,7500,8300,DT,0,0,SORETRAK,,KM
6135,8000,8800,DT,0,0,SORETRAK,,KM
6136,8400,9300,DT,0,0,SORETRAK,,KM
6137,9000,9900,DT,0,0,SORETRAK,,KM
6138,700,800,DT,0,0,SORETRAK,,KM
6139,1300,1500,DT,0,0,SORETRAK,,KM
6140,1900,2100,DT,0,0,SORETRAK,,KM
6141,2500,2800,DT,0,0,SORETRAK,,KM
6142,3100,3500,DT,0,0,SORETRAK,,KM
6143,3800,4200,DT,0,0,SORETRAK,,KM
6144,4700,5200,DT,0,0,SORETRAK,,KM
6145,6000,6600,DT,0,0,SORETRAK,,KM
6146,6500,7200,DT,0,0,SORETRAK,,KM
6147,6900,7600,DT,0,0,SORETRAK,,KM
6148,7300,8100,DT,0,0,SORETRAK,,KM
6149,7800,8600,DT,0,0,SORETRAK,,KM
6150,8200,9100,DT,0,0,SORETRAK,,KM
6151,8800,9700,DT,0,0,SORETRAK,,KM
6152,700,800,DT,0,0,SORETRAK,,KM
6153,1200,1400,DT,0,0,SORETRAK,,KM
6154,1800,2000,DT,0,0,SORETRAK,,KM
6155,2500,2800,DT,0,0,SORETRAK,,KM
6156,3100,3500,DT,0,0,SORETRAK,,KM
6157,4000,4400,DT,0,0,SORETRAK,,KM
6158,5300,5900,DT,0,0,SORETRAK,,KM
6159,5800,6400,DT,0,0,SORETRAK,,KM
6160,6300,7000,DT,0,0,SORETRAK,,KM
6161,6700,7400,DT,0,0,SORETRAK,,KM
6162,7100,7900,DT,0,0,SORETRAK,,KM
6163,7600,8400,DT,0,0,SORETRAK,,KM
6164,8100,9000,DT,0,0,SORETRAK,,KM
6165,700,800,DT,0,0,SORETRAK,,KM
6166,1200,1400,DT,0,0,SORETRAK,,KM
6167,1800,2000,DT,0,0,SORETRAK,,KM
6168,2500,2800,DT,0,0,SORETRAK,,KM
6169,3400,3800,DT,0,0,SORETRAK,,KM
6170,4700,5200,DT,0,0,SORETRAK,,KM
6171,5200,5800,DT,0,0,SORETRAK,,KM
6172,5600,6200,DT,0,0,SORETRAK,,KM
6173,6000,6600,DT,0,0,SORETRAK,,KM
6174,6500,7200,DT,0,0,SORETRAK,,KM
6175,6900,7600,DT,0,0,SORETRAK,,KM
6176,7500,8300,DT,0,0,SORETRAK,,KM
6177,700,800,DT,0,0,SORETRAK,,KM
6178,1300,1500,DT,0,0,SORETRAK,,KM
6179,1900,2100,DT,0,0,SORETRAK,,KM
6180,2800,3100,DT,0,0,SORETRAK,,KM
6181,4100,4600,DT,0,0,SORETRAK,,KM
6182,4700,5200,DT,0,0,SORETRAK,,KM
6183,5100,5700,DT,0,0,SORETRAK,,KM
6184,5500,6100,DT,0,0,SORETRAK,,KM
6185,6000,6600,DT,0,0,SORETRAK,,KM
6186,6400,7100,DT,0,0,SORETRAK,,KM
6187,6900,7600,DT,0,0,SORETRAK,,KM
6188,700,800,DT,0,0,SORETRAK,,KM
6189,1300,1500,DT,0,0,SORETRAK,,KM
6190,2300,2600,DT,0,0,SORETRAK,,KM
6191,3600,4000,DT,0,0,SORETRAK,,KM
6192,4100,4600,DT,0,0,SORETRAK,,KM
6193,4500,5000,DT,0,0,SORETRAK,,KM
6194,4900,5400,DT,0,0,SORETRAK,,KM
6195,5400,6000,DT,0,0,SORETRAK,,KM
6196,5800,6400,DT,0,0,SORETRAK,,KM
6197,6400,7100,DT,0,0,SORETRAK,,KM
6198,700,800,DT,0,0,SORETRAK,,KM
6199,1600,1800,DT,0,0,SORETRAK,,KM
6200,2900,3200,DT,0,0,SORETRAK,,KM
6201,3400,3800,DT,0,0,SORETRAK,,KM
6202,3900,4300,DT,0,0,SORETRAK,,KM
6203,4300,4800,DT,0,0,SORETRAK,,KM
6204,4700,5200,DT,0,0,SORETRAK,,KM
6205,5200,5800,DT,0,0,SORETRAK,,KM
6206,5700,6300,DT,0,0,SORETRAK,,KM
6207,1000,1100,DT,0,0,SORETRAK,,KM
6208,2300,2600,DT,0,0,SORETRAK,,KM
6209,2800,3100,DT,0,0,SORETRAK,,KM
6210,3200,3600,DT,0,0,SORETRAK,,KM
6211,3600,4000,DT,0,0,SORETRAK,,KM
6212,4100,4600,DT,0,0,SORETRAK,,KM
6213,4500,5000,DT,0,0,SORETRAK,,KM
6214,5100,5700,DT,0,0,SORETRAK,,KM
6215,1300,1500,DT,0,0,SORETRAK,,KM
6216,1900,2100,DT,0,0,SORETRAK,,KM
6217,2300,2600,DT,0,0,SORETRAK,,KM
6218,2700,3000,DT,0,0,SORETRAK,,KM
6219,3200,3600,DT,0,0,SORETRAK,,KM
6220,3600,4000,DT,0,0,SORETRAK,,KM
6221,4100,4600,DT,0,0,SORETRAK,,KM
6222,700,800,DT,0,0,SORETRAK,,KM
6223,1000,1100,DT,0,0,SORETRAK,,KM
6224,1400,1600,DT,0,0,SORETRAK,,KM
6225,1900,2100,DT,0,0,SORETRAK,,KM
6226,2300,2600,DT,0,0,SORETRAK,,KM
6227,2800,3100,DT,0,0,SORETRAK,,KM
6228,700,800,DT,0,0,SORETRAK,,KM
6229,900,1000,DT,0,0,SORETRAK,,KM
6230,1300,1500,DT,0,0,SORETRAK,,KM
6231,1800,2000,DT,0,0,SORETRAK,,KM
6232,2300,2600,DT,0,0,SORETRAK,,KM
6233,700,800,DT,0,0,SORETRAK,,KM
6234,900,1000,DT,0,0,SORETRAK,,KM
6235,1300,1500,DT,0,0,SORETRAK,,KM
6236,1900,2100,DT,0,0,SORETRAK,,KM
6237,700,800,DT,0,0,SORETRAK,,KM
6238,1000,1100,DT,0,0,SORETRAK,,KM
6239,1500,1700,DT,0,0,SORETRAK,,KM
6240,700,800,DT,0,0,SORETRAK,,KM
6241,1000,1100,DT,0,0,SORETRAK,,KM
6242,700,800,DT,0,0,SORETRAK,,KM
6243,700,800,DT,0,0,SORETRAK,,KM
6244,800,900,DT,0,0,SORETRAK,,KM
6245,900,1000,DT,0,0,SORETRAK,,KM
6246,1200,1400,DT,0,0,SORETRAK,,KM
6247,1400,1600,DT,0,0,SORETRAK,,KM
6248,1600,1800,DT,0,0,SORETRAK,,KM
6249,1900,2100,DT,0,0,SORETRAK,,KM
6250,2200,2500,DT,0,0,SORETRAK,,KM
6251,2400,2700,DT,0,0,SORETRAK,,KM
6252,3400,3800,DT,0,0,SORETRAK,,KM
6253,700,800,DT,0,0,SORETRAK,,KM
6254,700,800,DT,0,0,SORETRAK,,KM
6255,700,800,DT,0,0,SORETRAK,,KM
6256,1000,1100,DT,0,0,SORETRAK,,KM
6257,1200,1400,DT,0,0,SORETRAK,,KM
6258,1500,1700,DT,0,0,SORETRAK,,KM
6259,1700,1900,DT,0,0,SORETRAK,,KM
6260,1900,2100,DT,0,0,SORETRAK,,KM
6261,2900,3200,DT,0,0,SORETRAK,,KM
6262,700,800,DT,0,0,SORETRAK,,KM
6263,700,800,DT,0,0,SORETRAK,,KM
6264,700,800,DT,0,0,SORETRAK,,KM
6265,900,1000,DT,0,0,SORETRAK,,KM
6266,1200,1400,DT,0,0,SORETRAK,,KM
6267,1500,1700,DT,0,0,SORETRAK,,KM
6268,1700,1900,DT,0,0,SORETRAK,,KM
6269,2600,2900,DT,0,0,SORETRAK,,KM
6270,700,800,DT,0,0,SORETRAK,,KM
6271,700,800,DT,0,0,SORETRAK,,KM
6272,800,900,DT,0,0,SORETRAK,,KM
6273,1100,1300,DT,0,0,SORETRAK,,KM
6274,1300,1500,DT,0,0,SORETRAK,,KM
6275,1500,1700,DT,0,0,SORETRAK,,KM
6276,2500,2800,DT,0,0,SORETRAK,,KM
6277,700,800,DT,0,0,SORETRAK,,KM
6278,700,800,DT,0,0,SORETRAK,,KM
6279,800,900,DT,0,0,SORETRAK,,KM
6280,1100,1300,DT,0,0,SORETRAK,,KM
6281,1300,1500,DT,0,0,SORETRAK,,KM
6282,2300,2600,DT,0,0,SORETRAK,,KM
6283,700,800,DT,0,0,SORETRAK,,KM
6284,700,800,DT,0,0,SORETRAK,,KM
6285,800,900,DT,0,0,SORETRAK,,KM
6286,1000,1100,DT,0,0,SORETRAK,,KM
6287,2000,2200,DT,0,0,SORETRAK,,KM
6288,700,800,DT,0,0,SORETRAK,,KM
6289,700,800,DT,0,0,SORETRAK,,KM
6290,800,900,DT,0,0,SORETRAK,,KM
6291,1800,2000,DT,0,0,SORETRAK,,KM
6292,700,800,DT,0,0,SORETRAK,,KM
6293,700,800,DT,0,0,SORETRAK,,KM
6294,1500,1700,DT,0,0,SORETRAK,,KM
6295,700,800,DT,0,0,SORETRAK,,KM
6296,1200,1400,DT,0,0,SORETRAK,,KM
6297,1000,1100,DT,0,0,SORETRAK,,KM
6298,900,1000,DT,0,0,SORETRAK,,KM
6299,1300,1500,DT,0,0,SORETRAK,,KM
6300,700,800,DT,0,0,SORETRAK,,KM
6301,500,500,DT,0,0,SORETRAK,250,SECT1
6302,500,500,DT,0,0,SORETRAK,250,SECT2
6303,500,500,DT,0,0,SORETRAK,500,SECT3
6304,1000,1000,DT,0,0,SORETRAK,500,SECT4
6305,1500,1500,DT,0,0,SORETRAK,1500,SECT5
6306,11700,12900,DT,0,0,SORETRAK,,FIX
6307,15000,16500,DT,0,0,SORETRAK,,FIX
6308,14000,15400,DT,0,0,SORETRAK,,FIX
6309,12000,13200,DT,0,0,SORETRAK,,FIX
6310,8800,9700,DT,0,0,SORETRAK,,FIX
6311,16300,18000,DT,0,0,SORETRAK,,FIX
6312,16300,18000,DT,0,0,SORETRAK,,FIX
6313,17500,19300,DT,0,0,SORETRAK,,FIX
6314,5500,6100,DT,0,0,SORETRAK,,FIX
6315,8500,9400,DT,0,0,SORETRAK,,FIX
6316,11500,12700,DT,0,0,SORETRAK,,FIX
6317,12500,13800,DT,0,0,SORETRAK,,FIX
6318,14000,15400,DT,0,0,SORETRAK,,FIX
6319,16500,18200,DT,0,0,SORETRAK,,FIX
6320,10000,11000,DT,0,0,SORETRAK,,FIX
6321,5500,6100,DT,0,0,SORETRAK,,FIX
6322,11000,12100,DT,0,0,SORETRAK,,FIX
6323,12500,13800,DT,0,0,SORETRAK,,FIX
6324,12000,13200,DT,0,0,SORETRAK,,FIX
6325,17000,18700,DT,0,0,SORETRAK,,FIX
6326,8500,9400,DT,0,0,SORETRAK,,FIX
6327,15000,16500,DT,0,0,SORETRAK,,FIX
6328,4500,5000,DT,0,0,SORETRAK,,FIX
6329,8500,9400,DT,0,0,SORETRAK,,FIX
6330,12000,13200,DT,0,0,SORETRAK,,FIX
6331,5000,5500,DT,0,0,SORETRAK,,FIX
6332,14000,15400,DT,0,0,SORETRAK,,FIX
6333,9500,10500,DT,0,0,SORETRAK,,FIX
6334,7000,7700,DT,0,0,SORETRAK,,FIX
6335,11500,12700,DT,0,0,SORETRAK,,FIX
6336,12000,13200,DT,0,0,SORETRAK,,FIX
6337,12500,13800,DT,0,0,SORETRAK,,FIX
6338,17000,18700,DT,0,0,SORETRAK,,FIX
6339,17000,18700,DT,0,0,SORETRAK,,FIX
6340,2000,2200,DT,0,0,SORETRAK,,FIX
6341,11000,12100,DT,0,0,SORETRAK,,FIX
6342,12000,13200,DT,0,0,SORETRAK,,FIX
6343,2500,2800,DT,0,0,SORETRAK,,FIX
6344,8200,9100,DT,0,0,SORETRAK,,FIX
6345,10000,11000,DT,0,0,SORETRAK,,FIX
6346,12500,13800,DT,0,0,SORETRAK,,FIX
6347,16300,18000,DT,0,0,SORETRAK,,FIX
6348,16300,18000,DT,0,0,SORETRAK,,FIX
6349,18800,20700,DT,0,0,SORETRAK,,FIX
6350,3800,4200,DT,0,0,SORETRAK,,FIX
6351,5300,5900,DT,0,0,SORETRAK,,FIX
6352,7900,8700,DT,0,0,SORETRAK,,FIX
6353,10600,11700,DT,0,0,SORETRAK,,FIX
6354,7700,8500,DT,0,0,SORETRAK,,FIX
6355,8900,9800,DT,0,0,SORETRAK,,FIX
6356,1300,1500,DT,0,0,SORETRAK,,FIX
6357,4200,4700,DT,0,0,SORETRAK,,FIX
6358,5600,6200,DT,0,0,SORETRAK,,FIX
6359,6600,7300,DT,0,0,SORETRAK,,FIX
6360,7000,7700,DT,0,0,SORETRAK,,FIX
6361,2300,2600,DT,0,0,SORETRAK,,FIX
6362,4000,4400,DT,0,0,SORETRAK,,FIX
6363,6500,7200,DT,0,0,SORETRAK,,FIX
6364,3000,3300,DT,0,0,SORETRAK,,FIX
6365,3300,3700,DT,0,0,SORETRAK,,FIX
6366,700,800,DT,0,0,SORETRAK,,KM
6367,1200,1400,DT,0,0,SORETRAK,,KM
6368,1500,1700,DT,0,0,SORETRAK,,KM
6369,1700,1900,DT,0,0,SORETRAK,,KM
6370,1900,2100,DT,0,0,SORETRAK,,KM
6371,2300,2600,DT,0,0,SORETRAK,,KM
6372,2600,2900,DT,0,0,SORETRAK,,KM
6373,3000,3300,DT,0,0,SORETRAK,,KM
6374,700,800,DT,0,0,SORETRAK,,KM
6375,800,900,DT,0,0,SORETRAK,,KM
6376,1100,1300,DT,0,0,SORETRAK,,KM
6377,1300,1500,DT,0,0,SORETRAK,,KM
6378,1700,1900,DT,0,0,SORETRAK,,KM
6379,2000,2200,DT,0,0,SORETRAK,,KM
6380,2400,2700,DT,0,0,SORETRAK,,KM
6381,700,800,DT,0,0,SORETRAK,,KM
6382,700,800,DT,0,0,SORETRAK,,KM
6383,800,900,DT,0,0,SORETRAK,,KM
6384,1200,1400,DT,0,0,SORETRAK,,KM
6385,1500,1700,DT,0,0,SORETRAK,,KM
6386,1900,2100,DT,0,0,SORETRAK,,KM
6387,700,800,DT,0,0,SORETRAK,,KM
6388,700,800,DT,0,0,SORETRAK,,KM
6389,900,1000,DT,0,0,SORETRAK,,KM
6390,1200,1400,DT,0,0,SORETRAK,,KM
6391,1600,1800,DT,0,0,SORETRAK,,KM
6392,700,800,DT,0,0,SORETRAK,,KM
6393,700,800,DT,0,0,SORETRAK,,KM
6394,1000,1100,DT,0,0,SORETRAK,,KM
6395,1300,1500,DT,0,0,SORETRAK,,KM
6396,700,800,DT,0,0,SORETRAK,,KM
6397,800,900,DT,0,0,SORETRAK,,KM
6398,1200,1400,DT,0,0,SORETRAK,,KM
6399,700,800,DT,0,0,SORETRAK,,KM
6400,800,900,DT,0,0,SORETRAK,,KM
6401,700,800,DT,0,0,SORETRAK,,KM
6402,1300,1500,DT,0,0,SORETRAK,,KM
6403,800,900,DT,0,0,SORETRAK,,KM
6404,1100,1300,DT,0,0,SORETRAK,,KM
6405,1700,1900,DT,0,0,SORETRAK,,KM
6406,2000,2200,DT,0,0,SORETRAK,,KM
6407,2300,2600,DT,0,0,SORETRAK,,KM
6408,2500,2800,DT,0,0,SORETRAK,,KM
6409,2800,3100,DT,0,0,SORETRAK,,KM
6410,3200,3600,DT,0,0,SORETRAK,,KM
6411,3600,4000,DT,0,0,SORETRAK,,KM
6412,700,800,DT,0,0,SORETRAK,,KM
6413,1000,1100,DT,0,0,SORETRAK,,KM
6414,1300,1500,DT,0,0,SORETRAK,,KM
6415,1500,1700,DT,0,0,SORETRAK,,KM
6416,1700,1900,DT,0,0,SORETRAK,,KM
6417,2100,2400,DT,0,0,SORETRAK,,KM
6418,2500,2800,DT,0,0,SORETRAK,,KM
6419,2800,3100,DT,0,0,SORETRAK,,KM
6420,700,800,DT,0,0,SORETRAK,,KM
6421,1000,1100,DT,0,0,SORETRAK,,KM
6422,1200,1400,DT,0,0,SORETRAK,,KM
6423,1400,1600,DT,0,0,SORETRAK,,KM
6424,1800,2000,DT,0,0,SORETRAK,,KM
6425,2100,2400,DT,0,0,SORETRAK,,KM
6426,2500,2800,DT,0,0,SORETRAK,,KM
6427,700,800,DT,0,0,SORETRAK,,KM
6428,700,800,DT,0,0,SORETRAK,,KM
6429,800,900,DT,0,0,SORETRAK,,KM
6430,1200,1400,DT,0,0,SORETRAK,,KM
6431,1500,1700,DT,0,0,SORETRAK,,KM
6432,1900,2100,DT,0,0,SORETRAK,,KM
6433,700,800,DT,0,0,SORETRAK,,KM
6434,700,800,DT,0,0,SORETRAK,,KM
6435,900,1000,DT,0,0,SORETRAK,,KM
6436,1200,1400,DT,0,0,SORETRAK,,KM
6437,1600,1800,DT,0,0,SORETRAK,,KM
6438,700,800,DT,0,0,SORETRAK,,KM
6439,700,800,DT,0,0,SORETRAK,,KM
6440,1000,1100,DT,0,0,SORETRAK,,KM
6441,1300,1500,DT,0,0,SORETRAK,,KM
6442,700,800,DT,0,0,SORETRAK,,KM
6443,800,900,DT,0,0,SORETRAK,,KM
6444,1200,1400,DT,0,0,SORETRAK,,KM
6445,700,800,DT,0,0,SORETRAK,,KM
6446,800,900,DT,0,0,SORETRAK,,KM
6447,700,800,DT,0,0,SORETRAK,,KM
6448,700,800,DT,0,0,SORETRAK,,KM
6449,1200,1400,DT,0,0,SORETRAK,,KM
6450,1300,1500,DT,0,0,SORETRAK,,KM
6451,1600,1800,DT,0,0,SORETRAK,,KM
6452,1800,2000,DT,0,0,SORETRAK,,KM
6453,2300,2600,DT,0,0,SORETRAK,,KM
6454,700,800,DT,0,0,SORETRAK,,KM
6455,700,800,DT,0,0,SORETRAK,,KM
6456,1100,1100,DT,0,0,SORETRAK,,KM
6457,1200,1400,DT,0,0,SORETRAK,,KM
6458,1700,1900,DT,0,0,SORETRAK,,KM
6459,700,800,DT,0,0,SORETRAK,,KM
6460,700,800,DT,0,0,SORETRAK,,KM
6461,700,800,DT,0,0,SORETRAK,,KM
6462,1200,1400,DT,0,0,SORETRAK,,KM
6463,700,800,DT,0,0,SORETRAK,,KM
6464,700,800,DT,0,0,SORETRAK,,KM
6465,1100,1100,DT,0,0,SORETRAK,,KM
6466,700,800,DT,0,0,SORETRAK,,KM
6467,1000,1000,DT,0,0,SORETRAK,,KM
6468,700,800,DT,0,0,SORETRAK,,KM
6469,700,800,DT,0,0,SORETRAK,,KM
6470,1000,1100,DT,0,0,SORETRAK,,KM
6471,1100,1300,DT,0,0,SORETRAK,,KM
6472,1200,1400,DT,0,0,SORETRAK,,KM
6473,1400,1600,DT,0,0,SORETRAK,,KM
6474,2000,2200,DT,0,0,SORETRAK,,KM
6475,2400,2700,DT,0,0,SORETRAK,,KM
6476,700,800,DT,0,0,SORETRAK,,KM
6477,0,0,DT,0,0,SORETRAK,,KM
6478,800,900,DT,0,0,SORETRAK,,KM
6479,1100,1300,DT,0,0,SORETRAK,,KM
6480,1600,1800,DT,0,0,SORETRAK,,KM
6481,2000,2200,DT,0,0,SORETRAK,,KM
6482,700,800,DT,0,0,SORETRAK,,KM
6483,700,800,DT,0,0,SORETRAK,,KM
6484,700,800,DT,0,0,SORETRAK,,KM
6485,1100,1300,DT,0,0,SORETRAK,,KM
6486,1400,1600,DT,0,0,SORETRAK,,KM
6487,700,800,DT,0,0,SORETRAK,,KM
6488,700,800,DT,0,0,SORETRAK,,KM
6489,1000,1100,DT,0,0,SORETRAK,,KM
6490,1300,1500,DT,0,0,SORETRAK,,KM
6491,700,800,DT,0,0,SORETRAK,,KM
6492,900,1000,DT,0,0,SORETRAK,,KM
6493,1200,1400,DT,0,0,SORETRAK,,KM
6494,700,800,DT,0,0,SORETRAK,,KM
6495,1000,1100,DT,0,0,SORETRAK,,KM
6496,700,800,DT,0,0,SORETRAK,,KM
6497,800,900,DT,0,0,SORETRAK,,KM
6498,1000,1100,DT,0,0,SORETRAK,,KM
6499,1100,1300,DT,0,0,SORETRAK,,KM
6500,1200,1400,DT,0,0,SORETRAK,,KM
6501,2300,2600,DT,0,0,SORETRAK,,KM
6502,700,800,DT,0,0,SORETRAK,,KM
6503,700,800,DT,0,0,SORETRAK,,KM
6504,700,800,DT,0,0,SORETRAK,,KM
6505,1500,1700,DT,0,0,SORETRAK,,KM
6506,700,800,DT,0,0,SORETRAK,,KM
6507,700,800,DT,0,0,SORETRAK,,KM
6508,1300,1500,DT,0,0,SORETRAK,,KM
6509,700,800,DT,0,0,SORETRAK,,KM
6510,1200,1400,DT,0,0,SORETRAK,,KM
6511,1100,1300,DT,0,0,SORETRAK,,KM
