FARE_ID,ROUTE_ID,ORIGIN_ID,DESTINATION_ID,DU_ID,AU_ID,TYPE_TARIF,SECTION
1,155,192,197,1,2,KM,
2,155,192,200,1,3,KM,
3,155,192,802,1,4,KM,
4,155,192,201,1,5,KM,
5,155,192,202,1,6,KM,
6,155,192,923,1,7,KM,
7,155,192,889,1,8,KM,
8,155,192,582,1,9,KM,
9,155,192,229,1,10,KM,
10,155,192,583,1,11,KM,
11,155,192,584,1,12,KM,
12,155,192,585,1,13,KM,
13,155,192,586,1,14,KM,
14,155,192,257,1,15,KM,
15,155,197,200,2,3,KM,
16,155,197,802,2,4,KM,
17,155,197,201,2,5,KM,
18,155,197,202,2,6,KM,
19,155,197,923,2,7,KM,
20,155,197,889,2,8,KM,
21,155,197,582,2,9,KM,
22,155,197,229,2,10,KM,
23,155,197,583,2,11,KM,
24,155,197,584,2,12,KM,
25,155,197,585,2,13,KM,
26,155,197,586,2,14,KM,
27,155,197,257,2,15,KM,
28,155,200,802,3,4,KM,
29,155,200,201,3,5,KM,
30,155,200,202,3,6,KM,
31,155,200,923,3,7,KM,
32,155,200,889,3,8,KM,
33,155,200,582,3,9,KM,
34,155,200,229,3,10,KM,
35,155,200,583,3,11,KM,
36,155,200,584,3,12,KM,
37,155,200,585,3,13,KM,
38,155,200,586,3,14,KM,
39,155,200,257,3,15,KM,
40,155,802,201,4,5,KM,
41,155,802,202,4,6,KM,
42,155,802,923,4,7,KM,
43,155,802,889,4,8,KM,
44,155,802,582,4,9,KM,
45,155,802,229,4,10,KM,
46,155,802,583,4,11,KM,
47,155,802,584,4,12,KM,
48,155,802,585,4,13,KM,
49,155,802,586,4,14,KM,
50,155,802,257,4,15,KM,
51,155,201,202,5,6,KM,
52,155,201,923,5,7,KM,
53,155,201,889,5,8,KM,
54,155,201,582,5,9,KM,
55,155,201,229,5,10,KM,
56,155,201,583,5,11,KM,
57,155,201,584,5,12,KM,
58,155,201,585,5,13,KM,
59,155,201,586,5,14,KM,
60,155,201,257,5,15,KM,
61,155,202,923,6,7,KM,
62,155,202,889,6,8,KM,
63,155,202,582,6,9,KM,
64,155,202,229,6,10,KM,
65,155,202,583,6,11,KM,
66,155,202,584,6,12,KM,
67,155,202,585,6,13,KM,
68,155,202,586,6,14,KM,
69,155,202,257,6,15,KM,
70,155,923,889,7,8,KM,
71,155,923,582,7,9,KM,
72,155,923,229,7,10,KM,
73,155,923,583,7,11,KM,
74,155,923,584,7,12,KM,
75,155,923,585,7,13,KM,
76,155,923,586,7,14,KM,
77,155,923,257,7,15,KM,
78,155,889,582,8,9,KM,
79,155,889,229,8,10,KM,
80,155,889,583,8,11,KM,
81,155,889,584,8,12,KM,
82,155,889,585,8,13,KM,
83,155,889,586,8,14,KM,
84,155,889,257,8,15,KM,
85,155,582,229,9,10,KM,
86,155,582,583,9,11,KM,
87,155,582,584,9,12,KM,
88,155,582,585,9,13,KM,
89,155,582,586,9,14,KM,
90,155,582,257,9,15,KM,
91,155,229,583,10,11,KM,
92,155,229,584,10,12,KM,
93,155,229,585,10,13,KM,
94,155,229,586,10,14,KM,
95,155,229,257,10,15,KM,
96,155,583,584,11,12,KM,
97,155,583,585,11,13,KM,
98,155,583,586,11,14,KM,
99,155,583,257,11,15,KM,
100,155,584,585,12,13,KM,
101,155,584,586,12,14,KM,
102,155,584,257,12,15,KM,
103,155,585,586,13,14,KM,
104,155,585,257,13,15,KM,
105,155,586,257,14,15,KM,
106,1709,391,2,1,2,KM,
107,1709,391,3,1,3,KM,
108,1709,391,597,1,4,KM,
109,1709,391,679,1,5,KM,
110,1709,2,3,2,3,KM,
111,1709,2,597,2,4,KM,
112,1709,2,679,2,5,KM,
113,1709,3,597,3,4,KM,
114,1709,3,679,3,5,KM,
115,1709,597,679,4,5,KM,
116,1710,391,2,1,2,KM,
117,1710,391,597,1,3,KM,
118,1710,391,679,1,4,KM,
119,1710,2,597,2,3,KM,
120,1710,2,679,2,4,KM,
121,1710,597,679,3,4,KM,
122,1719,403,420,1,2,KM,
123,1719,403,429,1,3,KM,
124,1719,403,101,1,4,KM,
125,1719,403,402,1,5,KM,
126,1719,403,417,1,6,KM,
127,1719,403,425,1,7,KM,
128,1719,403,401,1,8,KM,
129,1719,403,552,1,9,KM,
130,1719,403,403,1,10,KM,
131,1719,420,429,2,3,KM,
132,1719,420,101,2,4,KM,
133,1719,420,402,2,5,KM,
134,1719,420,417,2,6,KM,
135,1719,420,425,2,7,KM,
136,1719,420,401,2,8,KM,
137,1719,420,552,2,9,KM,
138,1719,420,403,2,10,KM,
139,1719,429,101,3,4,KM,
140,1719,429,402,3,5,KM,
141,1719,429,417,3,6,KM,
142,1719,429,425,3,7,KM,
143,1719,429,401,3,8,KM,
144,1719,429,552,3,9,KM,
145,1719,429,403,3,10,KM,
146,1719,101,402,4,5,KM,
147,1719,101,417,4,6,KM,
148,1719,101,425,4,7,KM,
149,1719,101,401,4,8,KM,
150,1719,101,552,4,9,KM,
151,1719,101,403,4,10,KM,
152,1719,402,417,5,6,KM,
153,1719,402,425,5,7,KM,
154,1719,402,401,5,8,KM,
155,1719,402,552,5,9,KM,
156,1719,402,403,5,10,KM,
157,1719,417,425,6,7,KM,
158,1719,417,401,6,8,KM,
159,1719,417,552,6,9,KM,
160,1719,417,403,6,10,KM,
161,1719,425,401,7,8,KM,
162,1719,425,552,7,9,KM,
163,1719,425,403,7,10,KM,
164,1719,401,552,8,9,KM,
165,1719,401,403,8,10,KM,
166,1719,552,403,9,10,KM,
167,1764,391,2,1,2,KM,
168,1764,391,597,1,3,KM,
169,1764,2,597,2,3,KM,
170,1993,420,653,1,2,KM,
171,1993,420,815,1,3,KM,
172,1993,420,293,1,4,KM,
173,1993,420,328,1,6,KM,
174,1993,420,420,1,7,KM,
175,1993,653,815,2,3,KM,
176,1993,653,293,2,4,KM,
177,1993,653,328,2,6,KM,
178,1993,653,420,2,7,KM,
179,1993,815,293,3,4,KM,
180,1993,815,328,3,6,KM,
181,1993,815,420,3,7,KM,
182,1993,293,328,4,6,KM,
183,1993,293,420,4,7,KM,
184,1993,328,420,6,7,KM,
185,1994,654,87,1,3,KM,
186,1994,654,420,1,4,KM,
187,1994,654,391,1,5,KM,
188,1994,87,420,3,4,KM,
189,1994,87,391,3,5,KM,
190,1994,420,391,4,5,KM,
191,2001,403,225,1,2,KM,
192,2001,403,226,1,3,KM,
193,2001,403,229,1,4,KM,
194,2001,403,231,1,5,KM,
195,2001,403,232,1,6,KM,
196,2001,403,234,1,7,KM,
197,2001,403,235,1,8,KM,
198,2001,403,236,1,9,KM,
199,2001,403,237,1,10,KM,
200,2001,403,241,1,11,KM,
201,2001,403,242,1,12,KM,
202,2001,403,243,1,13,KM,
203,2001,403,244,1,14,KM,
204,2001,403,245,1,15,KM,
205,2001,403,246,1,16,KM,
206,2001,403,648,1,17,KM,
207,2001,225,226,2,3,KM,
208,2001,225,229,2,4,KM,
209,2001,225,231,2,5,KM,
210,2001,225,232,2,6,KM,
211,2001,225,234,2,7,KM,
212,2001,225,235,2,8,KM,
213,2001,225,236,2,9,KM,
214,2001,225,237,2,10,KM,
215,2001,225,241,2,11,KM,
216,2001,225,242,2,12,KM,
217,2001,225,243,2,13,KM,
218,2001,225,244,2,14,KM,
219,2001,225,245,2,15,KM,
220,2001,225,246,2,16,KM,
221,2001,225,648,2,17,KM,
222,2001,226,229,3,4,KM,
223,2001,226,231,3,5,KM,
224,2001,226,232,3,6,KM,
225,2001,226,234,3,7,KM,
226,2001,226,235,3,8,KM,
227,2001,226,236,3,9,KM,
228,2001,226,237,3,10,KM,
229,2001,226,241,3,11,KM,
230,2001,226,242,3,12,KM,
231,2001,226,243,3,13,KM,
232,2001,226,244,3,14,KM,
233,2001,226,245,3,15,KM,
234,2001,226,246,3,16,KM,
235,2001,226,648,3,17,KM,
236,2001,229,231,4,5,KM,
237,2001,229,232,4,6,KM,
238,2001,229,234,4,7,KM,
239,2001,229,235,4,8,KM,
240,2001,229,236,4,9,KM,
241,2001,229,237,4,10,KM,
242,2001,229,241,4,11,KM,
243,2001,229,242,4,12,KM,
244,2001,229,243,4,13,KM,
245,2001,229,244,4,14,KM,
246,2001,229,245,4,15,KM,
247,2001,229,246,4,16,KM,
248,2001,229,648,4,17,KM,
249,2001,231,232,5,6,KM,
250,2001,231,234,5,7,KM,
251,2001,231,235,5,8,KM,
252,2001,231,236,5,9,KM,
253,2001,231,237,5,10,KM,
254,2001,231,241,5,11,KM,
255,2001,231,242,5,12,KM,
256,2001,231,243,5,13,KM,
257,2001,231,244,5,14,KM,
258,2001,231,245,5,15,KM,
259,2001,231,246,5,16,KM,
260,2001,231,648,5,17,KM,
261,2001,232,234,6,7,KM,
262,2001,232,235,6,8,KM,
263,2001,232,236,6,9,KM,
264,2001,232,237,6,10,KM,
265,2001,232,241,6,11,KM,
266,2001,232,242,6,12,KM,
267,2001,232,243,6,13,KM,
268,2001,232,244,6,14,KM,
269,2001,232,245,6,15,KM,
270,2001,232,246,6,16,KM,
271,2001,232,648,6,17,KM,
272,2001,234,235,7,8,KM,
273,2001,234,236,7,9,KM,
274,2001,234,237,7,10,KM,
275,2001,234,241,7,11,KM,
276,2001,234,242,7,12,KM,
277,2001,234,243,7,13,KM,
278,2001,234,244,7,14,KM,
279,2001,234,245,7,15,KM,
280,2001,234,246,7,16,KM,
281,2001,234,648,7,17,KM,
282,2001,235,236,8,9,KM,
283,2001,235,237,8,10,KM,
284,2001,235,241,8,11,KM,
285,2001,235,242,8,12,KM,
286,2001,235,243,8,13,KM,
287,2001,235,244,8,14,KM,
288,2001,235,245,8,15,KM,
289,2001,235,246,8,16,KM,
290,2001,235,648,8,17,KM,
291,2001,236,237,9,10,KM,
292,2001,236,241,9,11,KM,
293,2001,236,242,9,12,KM,
294,2001,236,243,9,13,KM,
295,2001,236,244,9,14,KM,
296,2001,236,245,9,15,KM,
297,2001,236,246,9,16,KM,
298,2001,236,648,9,17,KM,
299,2001,237,241,10,11,KM,
300,2001,237,242,10,12,KM,
301,2001,237,243,10,13,KM,
302,2001,237,244,10,14,KM,
303,2001,237,245,10,15,KM,
304,2001,237,246,10,16,KM,
305,2001,237,648,10,17,KM,
306,2001,241,242,11,12,KM,
307,2001,241,243,11,13,KM,
308,2001,241,244,11,14,KM,
309,2001,241,245,11,15,KM,
310,2001,241,246,11,16,KM,
311,2001,241,648,11,17,KM,
312,2001,242,243,12,13,KM,
313,2001,242,244,12,14,KM,
314,2001,242,245,12,15,KM,
315,2001,242,246,12,16,KM,
316,2001,242,648,12,17,KM,
317,2001,243,244,13,14,KM,
318,2001,243,245,13,15,KM,
319,2001,243,246,13,16,KM,
320,2001,243,648,13,17,KM,
321,2001,244,245,14,15,KM,
322,2001,244,246,14,16,KM,
323,2001,244,648,14,17,KM,
324,2001,245,246,15,16,KM,
325,2001,245,648,15,17,KM,
326,2001,246,648,16,17,KM,
327,2002,403,106,1,2,KM,
328,2002,403,192,1,3,KM,
329,2002,403,204,1,4,KM,
330,2002,403,211,1,5,KM,
331,2002,403,214,1,6,KM,
332,2002,403,215,1,7,KM,
333,2002,403,932,1,8,KM,
334,2002,403,220,1,9,KM,
335,2002,403,933,1,10,KM,
336,2002,403,934,1,11,KM,
337,2002,403,648,1,12,KM,
338,2002,106,192,2,3,KM,
339,2002,106,204,2,4,KM,
340,2002,106,211,2,5,KM,
341,2002,106,214,2,6,KM,
342,2002,106,215,2,7,KM,
343,2002,106,932,2,8,KM,
344,2002,106,220,2,9,KM,
345,2002,106,933,2,10,KM,
346,2002,106,934,2,11,KM,
347,2002,106,648,2,12,KM,
348,2002,192,204,3,4,KM,
349,2002,192,211,3,5,KM,
350,2002,192,214,3,6,KM,
351,2002,192,215,3,7,KM,
352,2002,192,932,3,8,KM,
353,2002,192,220,3,9,KM,
354,2002,192,933,3,10,KM,
355,2002,192,934,3,11,KM,
356,2002,192,648,3,12,KM,
357,2002,204,211,4,5,KM,
358,2002,204,214,4,6,KM,
359,2002,204,215,4,7,KM,
360,2002,204,932,4,8,KM,
361,2002,204,220,4,9,KM,
362,2002,204,933,4,10,KM,
363,2002,204,934,4,11,KM,
364,2002,204,648,4,12,KM,
365,2002,211,214,5,6,KM,
366,2002,211,215,5,7,KM,
367,2002,211,932,5,8,KM,
368,2002,211,220,5,9,KM,
369,2002,211,933,5,10,KM,
370,2002,211,934,5,11,KM,
371,2002,211,648,5,12,KM,
372,2002,214,215,6,7,KM,
373,2002,214,932,6,8,KM,
374,2002,214,220,6,9,KM,
375,2002,214,933,6,10,KM,
376,2002,214,934,6,11,KM,
377,2002,214,648,6,12,KM,
378,2002,215,932,7,8,KM,
379,2002,215,220,7,9,KM,
380,2002,215,933,7,10,KM,
381,2002,215,934,7,11,KM,
382,2002,215,648,7,12,KM,
383,2002,932,220,8,9,KM,
384,2002,932,933,8,10,KM,
385,2002,932,934,8,11,KM,
386,2002,932,648,8,12,KM,
387,2002,220,933,9,10,KM,
388,2002,220,934,9,11,KM,
389,2002,220,648,9,12,KM,
390,2002,933,934,10,11,KM,
391,2002,933,648,10,12,KM,
392,2002,934,648,11,12,KM,
393,2003,403,106,1,2,KM,
394,2003,403,108,1,3,KM,
395,2003,403,135,1,4,KM,
396,2003,403,138,1,5,KM,
397,2003,403,840,1,6,KM,
398,2003,403,503,1,7,KM,
399,2003,403,411,1,8,KM,
400,2003,403,142,1,9,KM,
401,2003,403,143,1,10,KM,
402,2003,403,145,1,11,KM,
403,2003,403,152,1,12,KM,
404,2003,403,154,1,13,KM,
405,2003,403,156,1,14,KM,
406,2003,403,158,1,15,KM,
407,2003,403,160,1,16,KM,
408,2003,403,161,1,17,KM,
409,2003,403,162,1,18,KM,
410,2003,106,108,2,3,KM,
411,2003,106,135,2,4,KM,
412,2003,106,138,2,5,KM,
413,2003,106,840,2,6,KM,
414,2003,106,503,2,7,KM,
415,2003,106,411,2,8,KM,
416,2003,106,142,2,9,KM,
417,2003,106,143,2,10,KM,
418,2003,106,145,2,11,KM,
419,2003,106,152,2,12,KM,
420,2003,106,154,2,13,KM,
421,2003,106,156,2,14,KM,
422,2003,106,158,2,15,KM,
423,2003,106,160,2,16,KM,
424,2003,106,161,2,17,KM,
425,2003,106,162,2,18,KM,
426,2003,108,135,3,4,KM,
427,2003,108,138,3,5,KM,
428,2003,108,840,3,6,KM,
429,2003,108,503,3,7,KM,
430,2003,108,411,3,8,KM,
431,2003,108,142,3,9,KM,
432,2003,108,143,3,10,KM,
433,2003,108,145,3,11,KM,
434,2003,108,152,3,12,KM,
435,2003,108,154,3,13,KM,
436,2003,108,156,3,14,KM,
437,2003,108,158,3,15,KM,
438,2003,108,160,3,16,KM,
439,2003,108,161,3,17,KM,
440,2003,108,162,3,18,KM,
441,2003,135,138,4,5,KM,
442,2003,135,840,4,6,KM,
443,2003,135,503,4,7,KM,
444,2003,135,411,4,8,KM,
445,2003,135,142,4,9,KM,
446,2003,135,143,4,10,KM,
447,2003,135,145,4,11,KM,
448,2003,135,152,4,12,KM,
449,2003,135,154,4,13,KM,
450,2003,135,156,4,14,KM,
451,2003,135,158,4,15,KM,
452,2003,135,160,4,16,KM,
453,2003,135,161,4,17,KM,
454,2003,135,162,4,18,KM,
455,2003,138,840,5,6,KM,
456,2003,138,503,5,7,KM,
457,2003,138,411,5,8,KM,
458,2003,138,142,5,9,KM,
459,2003,138,143,5,10,KM,
460,2003,138,145,5,11,KM,
461,2003,138,152,5,12,KM,
462,2003,138,154,5,13,KM,
463,2003,138,156,5,14,KM,
464,2003,138,158,5,15,KM,
465,2003,138,160,5,16,KM,
466,2003,138,161,5,17,KM,
467,2003,138,162,5,18,KM,
468,2003,840,503,6,7,KM,
469,2003,840,411,6,8,KM,
470,2003,840,142,6,9,KM,
471,2003,840,143,6,10,KM,
472,2003,840,145,6,11,KM,
473,2003,840,152,6,12,KM,
474,2003,840,154,6,13,KM,
475,2003,840,156,6,14,KM,
476,2003,840,158,6,15,KM,
477,2003,840,160,6,16,KM,
478,2003,840,161,6,17,KM,
479,2003,840,162,6,18,KM,
480,2003,503,411,7,8,KM,
481,2003,503,142,7,9,KM,
482,2003,503,143,7,10,KM,
483,2003,503,145,7,11,KM,
484,2003,503,152,7,12,KM,
485,2003,503,154,7,13,KM,
486,2003,503,156,7,14,KM,
487,2003,503,158,7,15,KM,
488,2003,503,160,7,16,KM,
489,2003,503,161,7,17,KM,
490,2003,503,162,7,18,KM,
491,2003,411,142,8,9,KM,
492,2003,411,143,8,10,KM,
493,2003,411,145,8,11,KM,
494,2003,411,152,8,12,KM,
495,2003,411,154,8,13,KM,
496,2003,411,156,8,14,KM,
497,2003,411,158,8,15,KM,
498,2003,411,160,8,16,KM,
499,2003,411,161,8,17,KM,
500,2003,411,162,8,18,KM,
501,2003,142,143,9,10,KM,
502,2003,142,145,9,11,KM,
503,2003,142,152,9,12,KM,
504,2003,142,154,9,13,KM,
505,2003,142,156,9,14,KM,
506,2003,142,158,9,15,KM,
507,2003,142,160,9,16,KM,
508,2003,142,161,9,17,KM,
509,2003,142,162,9,18,KM,
510,2003,143,145,10,11,KM,
511,2003,143,152,10,12,KM,
512,2003,143,154,10,13,KM,
513,2003,143,156,10,14,KM,
514,2003,143,158,10,15,KM,
515,2003,143,160,10,16,KM,
516,2003,143,161,10,17,KM,
517,2003,143,162,10,18,KM,
518,2003,145,152,11,12,KM,
519,2003,145,154,11,13,KM,
520,2003,145,156,11,14,KM,
521,2003,145,158,11,15,KM,
522,2003,145,160,11,16,KM,
523,2003,145,161,11,17,KM,
524,2003,145,162,11,18,KM,
525,2003,152,154,12,13,KM,
526,2003,152,156,12,14,KM,
527,2003,152,158,12,15,KM,
528,2003,152,160,12,16,KM,
529,2003,152,161,12,17,KM,
530,2003,152,162,12,18,KM,
531,2003,154,156,13,14,KM,
532,2003,154,158,13,15,KM,
533,2003,154,160,13,16,KM,
534,2003,154,161,13,17,KM,
535,2003,154,162,13,18,KM,
536,2003,156,158,14,15,KM,
537,2003,156,160,14,16,KM,
538,2003,156,161,14,17,KM,
539,2003,156,162,14,18,KM,
540,2003,158,160,15,16,KM,
541,2003,158,161,15,17,KM,
542,2003,158,162,15,18,KM,
543,2003,160,161,16,17,KM,
544,2003,160,162,16,18,KM,
545,2003,161,162,17,18,KM,
546,2020,959,399,1,2,KM,
547,2020,959,450,1,3,KM,
548,2020,959,42,1,4,KM,
549,2020,959,360,1,5,KM,
550,2020,959,42,1,6,KM,
551,2020,959,569,1,7,KM,
552,2020,959,2,1,8,KM,
553,2020,959,391,1,9,KM,
554,2020,399,450,2,3,KM,
555,2020,399,42,2,4,KM,
556,2020,399,360,2,5,KM,
557,2020,399,42,2,6,KM,
558,2020,399,569,2,7,KM,
559,2020,399,2,2,8,KM,
560,2020,399,391,2,9,KM,
561,2020,450,42,3,4,KM,
562,2020,450,360,3,5,KM,
563,2020,450,42,3,6,KM,
564,2020,450,569,3,7,KM,
565,2020,450,2,3,8,KM,
566,2020,450,391,3,9,KM,
567,2020,42,360,4,5,KM,
568,2020,42,42,4,6,KM,
569,2020,42,569,4,7,KM,
570,2020,42,2,4,8,KM,
571,2020,42,391,4,9,KM,
572,2020,360,42,5,6,KM,
573,2020,360,569,5,7,KM,
574,2020,360,2,5,8,KM,
575,2020,360,391,5,9,KM,
576,2020,42,569,6,7,KM,
577,2020,42,2,6,8,KM,
578,2020,42,391,6,9,KM,
579,2020,569,2,7,8,KM,
580,2020,569,391,7,9,KM,
581,2020,2,391,8,9,KM,
582,2021,959,248,1,2,KM,
583,2021,959,247,1,3,KM,
584,2021,959,636,1,4,KM,
585,2021,248,247,2,3,KM,
586,2021,248,636,2,4,KM,
587,2021,247,636,3,4,KM,
588,2037,567,683,1,2,KM,
589,2048,563,212,1,2,KM,
590,264,403,106,1,2,KM,
591,264,403,107,1,3,KM,
592,264,403,108,1,4,KM,
593,264,403,109,1,5,KM,
594,264,403,134,1,6,KM,
595,264,403,135,1,7,KM,
596,264,403,136,1,8,KM,
597,264,403,137,1,9,KM,
598,264,403,138,1,10,KM,
599,264,403,163,1,11,KM,
600,264,403,164,1,12,KM,
601,264,403,165,1,13,KM,
602,264,106,107,2,3,KM,
603,264,106,108,2,4,KM,
604,264,106,109,2,5,KM,
605,264,106,134,2,6,KM,
606,264,106,135,2,7,KM,
607,264,106,136,2,8,KM,
608,264,106,137,2,9,KM,
609,264,106,138,2,10,KM,
610,264,106,163,2,11,KM,
611,264,106,164,2,12,KM,
612,264,106,165,2,13,KM,
613,264,107,108,3,4,KM,
614,264,107,109,3,5,KM,
615,264,107,134,3,6,KM,
616,264,107,135,3,7,KM,
617,264,107,136,3,8,KM,
618,264,107,137,3,9,KM,
619,264,107,138,3,10,KM,
620,264,107,163,3,11,KM,
621,264,107,164,3,12,KM,
622,264,107,165,3,13,KM,
623,264,108,109,4,5,KM,
624,264,108,134,4,6,KM,
625,264,108,135,4,7,KM,
626,264,108,136,4,8,KM,
627,264,108,137,4,9,KM,
628,264,108,138,4,10,KM,
629,264,108,163,4,11,KM,
630,264,108,164,4,12,KM,
631,264,108,165,4,13,KM,
632,264,109,134,5,6,KM,
633,264,109,135,5,7,KM,
634,264,109,136,5,8,KM,
635,264,109,137,5,9,KM,
636,264,109,138,5,10,KM,
637,264,109,163,5,11,KM,
638,264,109,164,5,12,KM,
639,264,109,165,5,13,KM,
640,264,134,135,6,7,KM,
641,264,134,136,6,8,KM,
642,264,134,137,6,9,KM,
643,264,134,138,6,10,KM,
644,264,134,163,6,11,KM,
645,264,134,164,6,12,KM,
646,264,134,165,6,13,KM,
647,264,135,136,7,8,KM,
648,264,135,137,7,9,KM,
649,264,135,138,7,10,KM,
650,264,135,163,7,11,KM,
651,264,135,164,7,12,KM,
652,264,135,165,7,13,KM,
653,264,136,137,8,9,KM,
654,264,136,138,8,10,KM,
655,264,136,163,8,11,KM,
656,264,136,164,8,12,KM,
657,264,136,165,8,13,KM,
658,264,137,138,9,10,KM,
659,264,137,163,9,11,KM,
660,264,137,164,9,12,KM,
661,264,137,165,9,13,KM,
662,264,138,163,10,11,KM,
663,264,138,164,10,12,KM,
664,264,138,165,10,13,KM,
665,264,163,164,11,12,KM,
666,264,163,165,11,13,KM,
667,264,164,165,12,13,KM,
668,280,403,106,1,2,KM,
669,280,403,168,1,3,KM,
670,280,403,169,1,4,KM,
671,280,403,170,1,5,KM,
672,280,403,171,1,6,KM,
673,280,403,172,1,7,KM,
674,280,403,173,1,8,KM,
675,280,403,174,1,9,KM,
676,280,403,175,1,10,KM,
677,280,403,176,1,11,KM,
678,280,403,177,1,12,KM,
679,280,106,168,2,3,KM,
680,280,106,169,2,4,KM,
681,280,106,170,2,5,KM,
682,280,106,171,2,6,KM,
683,280,106,172,2,7,KM,
684,280,106,173,2,8,KM,
685,280,106,174,2,9,KM,
686,280,106,175,2,10,KM,
687,280,106,176,2,11,KM,
688,280,106,177,2,12,KM,
689,280,168,169,3,4,KM,
690,280,168,170,3,5,KM,
691,280,168,171,3,6,KM,
692,280,168,172,3,7,KM,
693,280,168,173,3,8,KM,
694,280,168,174,3,9,KM,
695,280,168,175,3,10,KM,
696,280,168,176,3,11,KM,
697,280,168,177,3,12,KM,
698,280,169,170,4,5,KM,
699,280,169,171,4,6,KM,
700,280,169,172,4,7,KM,
701,280,169,173,4,8,KM,
702,280,169,174,4,9,KM,
703,280,169,175,4,10,KM,
704,280,169,176,4,11,KM,
705,280,169,177,4,12,KM,
706,280,170,171,5,6,KM,
707,280,170,172,5,7,KM,
708,280,170,173,5,8,KM,
709,280,170,174,5,9,KM,
710,280,170,175,5,10,KM,
711,280,170,176,5,11,KM,
712,280,170,177,5,12,KM,
713,280,171,172,6,7,KM,
714,280,171,173,6,8,KM,
715,280,171,174,6,9,KM,
716,280,171,175,6,10,KM,
717,280,171,176,6,11,KM,
718,280,171,177,6,12,KM,
719,280,172,173,7,8,KM,
720,280,172,174,7,9,KM,
721,280,172,175,7,10,KM,
722,280,172,176,7,11,KM,
723,280,172,177,7,12,KM,
724,280,173,174,8,9,KM,
725,280,173,175,8,10,KM,
726,280,173,176,8,11,KM,
727,280,173,177,8,12,KM,
728,280,174,175,9,10,KM,
729,280,174,176,9,11,KM,
730,280,174,177,9,12,KM,
731,280,175,176,10,11,KM,
732,280,175,177,10,12,KM,
733,280,176,177,11,12,KM,
734,300,403,106,1,2,KM,
735,300,403,192,1,3,KM,
736,300,403,204,1,4,KM,
737,300,403,211,1,5,KM,
738,300,403,215,1,6,KM,
739,300,403,219,1,7,KM,
740,300,403,220,1,8,KM,
741,300,403,222,1,9,KM,
742,300,403,223,1,10,KM,
743,300,403,224,1,11,KM,
744,300,106,192,2,3,KM,
745,300,106,204,2,4,KM,
746,300,106,211,2,5,KM,
747,300,106,215,2,6,KM,
748,300,106,219,2,7,KM,
749,300,106,220,2,8,KM,
750,300,106,222,2,9,KM,
751,300,106,223,2,10,KM,
752,300,106,224,2,11,KM,
753,300,192,204,3,4,KM,
754,300,192,211,3,5,KM,
755,300,192,215,3,6,KM,
756,300,192,219,3,7,KM,
757,300,192,220,3,8,KM,
758,300,192,222,3,9,KM,
759,300,192,223,3,10,KM,
760,300,192,224,3,11,KM,
761,300,204,211,4,5,KM,
762,300,204,215,4,6,KM,
763,300,204,219,4,7,KM,
764,300,204,220,4,8,KM,
765,300,204,222,4,9,KM,
766,300,204,223,4,10,KM,
767,300,204,224,4,11,KM,
768,300,211,215,5,6,KM,
769,300,211,219,5,7,KM,
770,300,211,220,5,8,KM,
771,300,211,222,5,9,KM,
772,300,211,223,5,10,KM,
773,300,211,224,5,11,KM,
774,300,215,219,6,7,KM,
775,300,215,220,6,8,KM,
776,300,215,222,6,9,KM,
777,300,215,223,6,10,KM,
778,300,215,224,6,11,KM,
779,300,219,220,7,8,KM,
780,300,219,222,7,9,KM,
781,300,219,223,7,10,KM,
782,300,219,224,7,11,KM,
783,300,220,222,8,9,KM,
784,300,220,223,8,10,KM,
785,300,220,224,8,11,KM,
786,300,222,223,9,10,KM,
787,300,222,224,9,11,KM,
788,300,223,224,10,11,KM,
789,301,391,2,1,2,KM,
790,301,391,53,1,3,KM,
791,301,391,680,1,4,KM,
792,301,391,625,1,5,KM,
793,301,391,563,1,6,KM,
794,301,391,500,1,7,KM,
795,301,391,53,1,8,KM,
796,301,391,2,1,9,KM,
797,301,391,451,1,10,KM,
798,301,391,402,1,11,KM,
799,301,2,53,2,3,KM,
800,301,2,680,2,4,KM,
801,301,2,625,2,5,KM,
802,301,2,563,2,6,KM,
803,301,2,500,2,7,KM,
804,301,2,53,2,8,KM,
805,301,2,2,2,9,KM,
806,301,2,451,2,10,KM,
807,301,2,402,2,11,KM,
808,301,53,680,3,4,KM,
809,301,53,625,3,5,KM,
810,301,53,563,3,6,KM,
811,301,53,500,3,7,KM,
812,301,53,53,3,8,KM,
813,301,53,2,3,9,KM,
814,301,53,451,3,10,KM,
815,301,53,402,3,11,KM,
816,301,680,625,4,5,KM,
817,301,680,563,4,6,KM,
818,301,680,500,4,7,KM,
819,301,680,53,4,8,KM,
820,301,680,2,4,9,KM,
821,301,680,451,4,10,KM,
822,301,680,402,4,11,KM,
823,301,625,563,5,6,KM,
824,301,625,500,5,7,KM,
825,301,625,53,5,8,KM,
826,301,625,2,5,9,KM,
827,301,625,451,5,10,KM,
828,301,625,402,5,11,KM,
829,301,563,500,6,7,KM,
830,301,563,53,6,8,KM,
831,301,563,2,6,9,KM,
832,301,563,451,6,10,KM,
833,301,563,402,6,11,KM,
834,301,500,53,7,8,KM,
835,301,500,2,7,9,KM,
836,301,500,451,7,10,KM,
837,301,500,402,7,11,KM,
838,301,53,2,8,9,KM,
839,301,53,451,8,10,KM,
840,301,53,402,8,11,KM,
841,301,2,451,9,10,KM,
842,301,2,402,9,11,KM,
843,301,451,402,10,11,KM,
844,302,403,106,1,2,KM,
845,302,403,168,1,3,KM,
846,302,403,169,1,4,KM,
847,302,403,170,1,5,KM,
848,302,403,171,1,6,KM,
849,302,403,172,1,7,KM,
850,302,403,173,1,8,KM,
851,302,403,174,1,9,KM,
852,302,403,175,1,10,KM,
853,302,403,176,1,11,KM,
854,302,403,177,1,12,KM,
855,302,403,178,1,13,KM,
856,302,403,179,1,14,KM,
857,302,403,180,1,15,KM,
858,302,403,181,1,16,KM,
859,302,403,182,1,17,KM,
860,302,106,168,2,3,KM,
861,302,106,169,2,4,KM,
862,302,106,170,2,5,KM,
863,302,106,171,2,6,KM,
864,302,106,172,2,7,KM,
865,302,106,173,2,8,KM,
866,302,106,174,2,9,KM,
867,302,106,175,2,10,KM,
868,302,106,176,2,11,KM,
869,302,106,177,2,12,KM,
870,302,106,178,2,13,KM,
871,302,106,179,2,14,KM,
872,302,106,180,2,15,KM,
873,302,106,181,2,16,KM,
874,302,106,182,2,17,KM,
875,302,168,169,3,4,KM,
876,302,168,170,3,5,KM,
877,302,168,171,3,6,KM,
878,302,168,172,3,7,KM,
879,302,168,173,3,8,KM,
880,302,168,174,3,9,KM,
881,302,168,175,3,10,KM,
882,302,168,176,3,11,KM,
883,302,168,177,3,12,KM,
884,302,168,178,3,13,KM,
885,302,168,179,3,14,KM,
886,302,168,180,3,15,KM,
887,302,168,181,3,16,KM,
888,302,168,182,3,17,KM,
889,302,169,170,4,5,KM,
890,302,169,171,4,6,KM,
891,302,169,172,4,7,KM,
892,302,169,173,4,8,KM,
893,302,169,174,4,9,KM,
894,302,169,175,4,10,KM,
895,302,169,176,4,11,KM,
896,302,169,177,4,12,KM,
897,302,169,178,4,13,KM,
898,302,169,179,4,14,KM,
899,302,169,180,4,15,KM,
900,302,169,181,4,16,KM,
901,302,169,182,4,17,KM,
902,302,170,171,5,6,KM,
903,302,170,172,5,7,KM,
904,302,170,173,5,8,KM,
905,302,170,174,5,9,KM,
906,302,170,175,5,10,KM,
907,302,170,176,5,11,KM,
908,302,170,177,5,12,KM,
909,302,170,178,5,13,KM,
910,302,170,179,5,14,KM,
911,302,170,180,5,15,KM,
912,302,170,181,5,16,KM,
913,302,170,182,5,17,KM,
914,302,171,172,6,7,KM,
915,302,171,173,6,8,KM,
916,302,171,174,6,9,KM,
917,302,171,175,6,10,KM,
918,302,171,176,6,11,KM,
919,302,171,177,6,12,KM,
920,302,171,178,6,13,KM,
921,302,171,179,6,14,KM,
922,302,171,180,6,15,KM,
923,302,171,181,6,16,KM,
924,302,171,182,6,17,KM,
925,302,172,173,7,8,KM,
926,302,172,174,7,9,KM,
927,302,172,175,7,10,KM,
928,302,172,176,7,11,KM,
929,302,172,177,7,12,KM,
930,302,172,178,7,13,KM,
931,302,172,179,7,14,KM,
932,302,172,180,7,15,KM,
933,302,172,181,7,16,KM,
934,302,172,182,7,17,KM,
935,302,173,174,8,9,KM,
936,302,173,175,8,10,KM,
937,302,173,176,8,11,KM,
938,302,173,177,8,12,KM,
939,302,173,178,8,13,KM,
940,302,173,179,8,14,KM,
941,302,173,180,8,15,KM,
942,302,173,181,8,16,KM,
943,302,173,182,8,17,KM,
944,302,174,175,9,10,KM,
945,302,174,176,9,11,KM,
946,302,174,177,9,12,KM,
947,302,174,178,9,13,KM,
948,302,174,179,9,14,KM,
949,302,174,180,9,15,KM,
950,302,174,181,9,16,KM,
951,302,174,182,9,17,KM,
952,302,175,176,10,11,KM,
953,302,175,177,10,12,KM,
954,302,175,178,10,13,KM,
955,302,175,179,10,14,KM,
956,302,175,180,10,15,KM,
957,302,175,181,10,16,KM,
958,302,175,182,10,17,KM,
959,302,176,177,11,12,KM,
960,302,176,178,11,13,KM,
961,302,176,179,11,14,KM,
962,302,176,180,11,15,KM,
963,302,176,181,11,16,KM,
964,302,176,182,11,17,KM,
965,302,177,178,12,13,KM,
966,302,177,179,12,14,KM,
967,302,177,180,12,15,KM,
968,302,177,181,12,16,KM,
969,302,177,182,12,17,KM,
970,302,178,179,13,14,KM,
971,302,178,180,13,15,KM,
972,302,178,181,13,16,KM,
973,302,178,182,13,17,KM,
974,302,179,180,14,15,KM,
975,302,179,181,14,16,KM,
976,302,179,182,14,17,KM,
977,302,180,181,15,16,KM,
978,302,180,182,15,17,KM,
979,302,181,182,16,17,KM,
980,311,403,868,1,2,KM,
981,311,403,869,1,3,KM,
982,311,403,249,1,4,KM,
983,311,403,251,1,5,KM,
984,311,403,252,1,6,KM,
985,311,403,253,1,7,KM,
986,311,403,254,1,8,KM,
987,311,403,255,1,9,KM,
988,311,403,257,1,10,KM,
989,311,868,869,2,3,KM,
990,311,868,249,2,4,KM,
991,311,868,251,2,5,KM,
992,311,868,252,2,6,KM,
993,311,868,253,2,7,KM,
994,311,868,254,2,8,KM,
995,311,868,255,2,9,KM,
996,311,868,257,2,10,KM,
997,311,869,249,3,4,KM,
998,311,869,251,3,5,KM,
999,311,869,252,3,6,KM,
1000,311,869,253,3,7,KM,
1001,311,869,254,3,8,KM,
1002,311,869,255,3,9,KM,
1003,311,869,257,3,10,KM,
1004,311,249,251,4,5,KM,
1005,311,249,252,4,6,KM,
1006,311,249,253,4,7,KM,
1007,311,249,254,4,8,KM,
1008,311,249,255,4,9,KM,
1009,311,249,257,4,10,KM,
1010,311,251,252,5,6,KM,
1011,311,251,253,5,7,KM,
1012,311,251,254,5,8,KM,
1013,311,251,255,5,9,KM,
1014,311,251,257,5,10,KM,
1015,311,252,253,6,7,KM,
1016,311,252,254,6,8,KM,
1017,311,252,255,6,9,KM,
1018,311,252,257,6,10,KM,
1019,311,253,254,7,8,KM,
1020,311,253,255,7,9,KM,
1021,311,253,257,7,10,KM,
1022,311,254,255,8,9,KM,
1023,311,254,257,8,10,KM,
1024,311,255,257,9,10,KM,
1025,312,403,868,1,2,KM,
1026,312,403,869,1,3,KM,
1027,312,403,249,1,4,KM,
1028,312,403,251,1,5,KM,
1029,312,403,252,1,6,KM,
1030,312,403,253,1,7,KM,
1031,312,403,257,1,8,KM,
1032,312,868,869,2,3,KM,
1033,312,868,249,2,4,KM,
1034,312,868,251,2,5,KM,
1035,312,868,252,2,6,KM,
1036,312,868,253,2,7,KM,
1037,312,868,257,2,8,KM,
1038,312,869,249,3,4,KM,
1039,312,869,251,3,5,KM,
1040,312,869,252,3,6,KM,
1041,312,869,253,3,7,KM,
1042,312,869,257,3,8,KM,
1043,312,249,251,4,5,KM,
1044,312,249,252,4,6,KM,
1045,312,249,253,4,7,KM,
1046,312,249,257,4,8,KM,
1047,312,251,252,5,6,KM,
1048,312,251,253,5,7,KM,
1049,312,251,257,5,8,KM,
1050,312,252,253,6,7,KM,
1051,312,252,257,6,8,KM,
1052,312,253,257,7,8,KM,
1053,316,403,868,1,2,KM,
1054,316,403,869,1,3,KM,
1055,316,403,249,1,4,KM,
1056,316,403,251,1,5,KM,
1057,316,403,252,1,6,KM,
1058,316,403,253,1,7,KM,
1059,316,403,565,1,8,KM,
1060,316,403,259,1,9,KM,
1061,316,868,869,2,3,KM,
1062,316,868,249,2,4,KM,
1063,316,868,251,2,5,KM,
1064,316,868,252,2,6,KM,
1065,316,868,253,2,7,KM,
1066,316,868,565,2,8,KM,
1067,316,868,259,2,9,KM,
1068,316,869,249,3,4,KM,
1069,316,869,251,3,5,KM,
1070,316,869,252,3,6,KM,
1071,316,869,253,3,7,KM,
1072,316,869,565,3,8,KM,
1073,316,869,259,3,9,KM,
1074,316,249,251,4,5,KM,
1075,316,249,252,4,6,KM,
1076,316,249,253,4,7,KM,
1077,316,249,565,4,8,KM,
1078,316,249,259,4,9,KM,
1079,316,251,252,5,6,KM,
1080,316,251,253,5,7,KM,
1081,316,251,565,5,8,KM,
1082,316,251,259,5,9,KM,
1083,316,252,253,6,7,KM,
1084,316,252,565,6,8,KM,
1085,316,252,259,6,9,KM,
1086,316,253,565,7,8,KM,
1087,316,253,259,7,9,KM,
1088,316,565,259,8,9,KM,
1089,317,192,197,1,2,KM,
1090,317,192,200,1,3,KM,
1091,317,192,802,1,4,KM,
1092,317,192,201,1,5,KM,
1093,317,192,202,1,6,KM,
1094,317,192,923,1,7,KM,
1095,317,192,889,1,8,KM,
1096,317,192,582,1,9,KM,
1097,317,192,229,1,10,KM,
1098,317,192,583,1,11,KM,
1099,317,192,584,1,12,KM,
1100,317,192,585,1,13,KM,
1101,317,192,586,1,14,KM,
1102,317,192,257,1,15,KM,
1103,317,197,200,2,3,KM,
1104,317,197,802,2,4,KM,
1105,317,197,201,2,5,KM,
1106,317,197,202,2,6,KM,
1107,317,197,923,2,7,KM,
1108,317,197,889,2,8,KM,
1109,317,197,582,2,9,KM,
1110,317,197,229,2,10,KM,
1111,317,197,583,2,11,KM,
1112,317,197,584,2,12,KM,
1113,317,197,585,2,13,KM,
1114,317,197,586,2,14,KM,
1115,317,197,257,2,15,KM,
1116,317,200,802,3,4,KM,
1117,317,200,201,3,5,KM,
1118,317,200,202,3,6,KM,
1119,317,200,923,3,7,KM,
1120,317,200,889,3,8,KM,
1121,317,200,582,3,9,KM,
1122,317,200,229,3,10,KM,
1123,317,200,583,3,11,KM,
1124,317,200,584,3,12,KM,
1125,317,200,585,3,13,KM,
1126,317,200,586,3,14,KM,
1127,317,200,257,3,15,KM,
1128,317,802,201,4,5,KM,
1129,317,802,202,4,6,KM,
1130,317,802,923,4,7,KM,
1131,317,802,889,4,8,KM,
1132,317,802,582,4,9,KM,
1133,317,802,229,4,10,KM,
1134,317,802,583,4,11,KM,
1135,317,802,584,4,12,KM,
1136,317,802,585,4,13,KM,
1137,317,802,586,4,14,KM,
1138,317,802,257,4,15,KM,
1139,317,201,202,5,6,KM,
1140,317,201,923,5,7,KM,
1141,317,201,889,5,8,KM,
1142,317,201,582,5,9,KM,
1143,317,201,229,5,10,KM,
1144,317,201,583,5,11,KM,
1145,317,201,584,5,12,KM,
1146,317,201,585,5,13,KM,
1147,317,201,586,5,14,KM,
1148,317,201,257,5,15,KM,
1149,317,202,923,6,7,KM,
1150,317,202,889,6,8,KM,
1151,317,202,582,6,9,KM,
1152,317,202,229,6,10,KM,
1153,317,202,583,6,11,KM,
1154,317,202,584,6,12,KM,
1155,317,202,585,6,13,KM,
1156,317,202,586,6,14,KM,
1157,317,202,257,6,15,KM,
1158,317,923,889,7,8,KM,
1159,317,923,582,7,9,KM,
1160,317,923,229,7,10,KM,
1161,317,923,583,7,11,KM,
1162,317,923,584,7,12,KM,
1163,317,923,585,7,13,KM,
1164,317,923,586,7,14,KM,
1165,317,923,257,7,15,KM,
1166,317,889,582,8,9,KM,
1167,317,889,229,8,10,KM,
1168,317,889,583,8,11,KM,
1169,317,889,584,8,12,KM,
1170,317,889,585,8,13,KM,
1171,317,889,586,8,14,KM,
1172,317,889,257,8,15,KM,
1173,317,582,229,9,10,KM,
1174,317,582,583,9,11,KM,
1175,317,582,584,9,12,KM,
1176,317,582,585,9,13,KM,
1177,317,582,586,9,14,KM,
1178,317,582,257,9,15,KM,
1179,317,229,583,10,11,KM,
1180,317,229,584,10,12,KM,
1181,317,229,585,10,13,KM,
1182,317,229,586,10,14,KM,
1183,317,229,257,10,15,KM,
1184,317,583,584,11,12,KM,
1185,317,583,585,11,13,KM,
1186,317,583,586,11,14,KM,
1187,317,583,257,11,15,KM,
1188,317,584,585,12,13,KM,
1189,317,584,586,12,14,KM,
1190,317,584,257,12,15,KM,
1191,317,585,586,13,14,KM,
1192,317,585,257,13,15,KM,
1193,317,586,257,14,15,KM,
1194,320,403,225,1,2,KM,
1195,320,403,226,1,3,KM,
1196,320,403,579,1,4,KM,
1197,320,403,229,1,5,KM,
1198,320,403,230,1,6,KM,
1199,320,403,231,1,7,KM,
1200,320,403,232,1,8,KM,
1201,320,403,233,1,9,KM,
1202,320,403,234,1,10,KM,
1203,320,403,235,1,11,KM,
1204,320,403,236,1,12,KM,
1205,320,403,237,1,13,KM,
1206,320,403,238,1,14,KM,
1207,320,403,239,1,15,KM,
1208,320,403,240,1,16,KM,
1209,320,225,226,2,3,KM,
1210,320,225,579,2,4,KM,
1211,320,225,229,2,5,KM,
1212,320,225,230,2,6,KM,
1213,320,225,231,2,7,KM,
1214,320,225,232,2,8,KM,
1215,320,225,233,2,9,KM,
1216,320,225,234,2,10,KM,
1217,320,225,235,2,11,KM,
1218,320,225,236,2,12,KM,
1219,320,225,237,2,13,KM,
1220,320,225,238,2,14,KM,
1221,320,225,239,2,15,KM,
1222,320,225,240,2,16,KM,
1223,320,226,579,3,4,KM,
1224,320,226,229,3,5,KM,
1225,320,226,230,3,6,KM,
1226,320,226,231,3,7,KM,
1227,320,226,232,3,8,KM,
1228,320,226,233,3,9,KM,
1229,320,226,234,3,10,KM,
1230,320,226,235,3,11,KM,
1231,320,226,236,3,12,KM,
1232,320,226,237,3,13,KM,
1233,320,226,238,3,14,KM,
1234,320,226,239,3,15,KM,
1235,320,226,240,3,16,KM,
1236,320,579,229,4,5,KM,
1237,320,579,230,4,6,KM,
1238,320,579,231,4,7,KM,
1239,320,579,232,4,8,KM,
1240,320,579,233,4,9,KM,
1241,320,579,234,4,10,KM,
1242,320,579,235,4,11,KM,
1243,320,579,236,4,12,KM,
1244,320,579,237,4,13,KM,
1245,320,579,238,4,14,KM,
1246,320,579,239,4,15,KM,
1247,320,579,240,4,16,KM,
1248,320,229,230,5,6,KM,
1249,320,229,231,5,7,KM,
1250,320,229,232,5,8,KM,
1251,320,229,233,5,9,KM,
1252,320,229,234,5,10,KM,
1253,320,229,235,5,11,KM,
1254,320,229,236,5,12,KM,
1255,320,229,237,5,13,KM,
1256,320,229,238,5,14,KM,
1257,320,229,239,5,15,KM,
1258,320,229,240,5,16,KM,
1259,320,230,231,6,7,KM,
1260,320,230,232,6,8,KM,
1261,320,230,233,6,9,KM,
1262,320,230,234,6,10,KM,
1263,320,230,235,6,11,KM,
1264,320,230,236,6,12,KM,
1265,320,230,237,6,13,KM,
1266,320,230,238,6,14,KM,
1267,320,230,239,6,15,KM,
1268,320,230,240,6,16,KM,
1269,320,231,232,7,8,KM,
1270,320,231,233,7,9,KM,
1271,320,231,234,7,10,KM,
1272,320,231,235,7,11,KM,
1273,320,231,236,7,12,KM,
1274,320,231,237,7,13,KM,
1275,320,231,238,7,14,KM,
1276,320,231,239,7,15,KM,
1277,320,231,240,7,16,KM,
1278,320,232,233,8,9,KM,
1279,320,232,234,8,10,KM,
1280,320,232,235,8,11,KM,
1281,320,232,236,8,12,KM,
1282,320,232,237,8,13,KM,
1283,320,232,238,8,14,KM,
1284,320,232,239,8,15,KM,
1285,320,232,240,8,16,KM,
1286,320,233,234,9,10,KM,
1287,320,233,235,9,11,KM,
1288,320,233,236,9,12,KM,
1289,320,233,237,9,13,KM,
1290,320,233,238,9,14,KM,
1291,320,233,239,9,15,KM,
1292,320,233,240,9,16,KM,
1293,320,234,235,10,11,KM,
1294,320,234,236,10,12,KM,
1295,320,234,237,10,13,KM,
1296,320,234,238,10,14,KM,
1297,320,234,239,10,15,KM,
1298,320,234,240,10,16,KM,
1299,320,235,236,11,12,KM,
1300,320,235,237,11,13,KM,
1301,320,235,238,11,14,KM,
1302,320,235,239,11,15,KM,
1303,320,235,240,11,16,KM,
1304,320,236,237,12,13,KM,
1305,320,236,238,12,14,KM,
1306,320,236,239,12,15,KM,
1307,320,236,240,12,16,KM,
1308,320,237,238,13,14,KM,
1309,320,237,239,13,15,KM,
1310,320,237,240,13,16,KM,
1311,320,238,239,14,15,KM,
1312,320,238,240,14,16,KM,
1313,320,239,240,15,16,KM,
1314,323,403,672,1,2,KM,
1315,323,403,626,1,3,KM,
1316,323,403,89,1,4,KM,
1317,323,403,90,1,5,KM,
1318,323,403,91,1,6,KM,
1319,323,403,92,1,7,KM,
1320,323,403,93,1,8,KM,
1321,323,403,94,1,9,KM,
1322,323,403,673,1,10,KM,
1323,323,403,674,1,11,KM,
1324,323,403,97,1,12,KM,
1325,323,403,598,1,13,KM,
1326,323,403,627,1,14,KM,
1327,323,403,628,1,15,KM,
1328,323,403,629,1,16,KM,
1329,323,403,599,1,17,KM,
1330,323,403,269,1,18,KM,
1331,323,672,626,2,3,KM,
1332,323,672,89,2,4,KM,
1333,323,672,90,2,5,KM,
1334,323,672,91,2,6,KM,
1335,323,672,92,2,7,KM,
1336,323,672,93,2,8,KM,
1337,323,672,94,2,9,KM,
1338,323,672,673,2,10,KM,
1339,323,672,674,2,11,KM,
1340,323,672,97,2,12,KM,
1341,323,672,598,2,13,KM,
1342,323,672,627,2,14,KM,
1343,323,672,628,2,15,KM,
1344,323,672,629,2,16,KM,
1345,323,672,599,2,17,KM,
1346,323,672,269,2,18,KM,
1347,323,626,89,3,4,KM,
1348,323,626,90,3,5,KM,
1349,323,626,91,3,6,KM,
1350,323,626,92,3,7,KM,
1351,323,626,93,3,8,KM,
1352,323,626,94,3,9,KM,
1353,323,626,673,3,10,KM,
1354,323,626,674,3,11,KM,
1355,323,626,97,3,12,KM,
1356,323,626,598,3,13,KM,
1357,323,626,627,3,14,KM,
1358,323,626,628,3,15,KM,
1359,323,626,629,3,16,KM,
1360,323,626,599,3,17,KM,
1361,323,626,269,3,18,KM,
1362,323,89,90,4,5,KM,
1363,323,89,91,4,6,KM,
1364,323,89,92,4,7,KM,
1365,323,89,93,4,8,KM,
1366,323,89,94,4,9,KM,
1367,323,89,673,4,10,KM,
1368,323,89,674,4,11,KM,
1369,323,89,97,4,12,KM,
1370,323,89,598,4,13,KM,
1371,323,89,627,4,14,KM,
1372,323,89,628,4,15,KM,
1373,323,89,629,4,16,KM,
1374,323,89,599,4,17,KM,
1375,323,89,269,4,18,KM,
1376,323,90,91,5,6,KM,
1377,323,90,92,5,7,KM,
1378,323,90,93,5,8,KM,
1379,323,90,94,5,9,KM,
1380,323,90,673,5,10,KM,
1381,323,90,674,5,11,KM,
1382,323,90,97,5,12,KM,
1383,323,90,598,5,13,KM,
1384,323,90,627,5,14,KM,
1385,323,90,628,5,15,KM,
1386,323,90,629,5,16,KM,
1387,323,90,599,5,17,KM,
1388,323,90,269,5,18,KM,
1389,323,91,92,6,7,KM,
1390,323,91,93,6,8,KM,
1391,323,91,94,6,9,KM,
1392,323,91,673,6,10,KM,
1393,323,91,674,6,11,KM,
1394,323,91,97,6,12,KM,
1395,323,91,598,6,13,KM,
1396,323,91,627,6,14,KM,
1397,323,91,628,6,15,KM,
1398,323,91,629,6,16,KM,
1399,323,91,599,6,17,KM,
1400,323,91,269,6,18,KM,
1401,323,92,93,7,8,KM,
1402,323,92,94,7,9,KM,
1403,323,92,673,7,10,KM,
1404,323,92,674,7,11,KM,
1405,323,92,97,7,12,KM,
1406,323,92,598,7,13,KM,
1407,323,92,627,7,14,KM,
1408,323,92,628,7,15,KM,
1409,323,92,629,7,16,KM,
1410,323,92,599,7,17,KM,
1411,323,92,269,7,18,KM,
1412,323,93,94,8,9,KM,
1413,323,93,673,8,10,KM,
1414,323,93,674,8,11,KM,
1415,323,93,97,8,12,KM,
1416,323,93,598,8,13,KM,
1417,323,93,627,8,14,KM,
1418,323,93,628,8,15,KM,
1419,323,93,629,8,16,KM,
1420,323,93,599,8,17,KM,
1421,323,93,269,8,18,KM,
1422,323,94,673,9,10,KM,
1423,323,94,674,9,11,KM,
1424,323,94,97,9,12,KM,
1425,323,94,598,9,13,KM,
1426,323,94,627,9,14,KM,
1427,323,94,628,9,15,KM,
1428,323,94,629,9,16,KM,
1429,323,94,599,9,17,KM,
1430,323,94,269,9,18,KM,
1431,323,673,674,10,11,KM,
1432,323,673,97,10,12,KM,
1433,323,673,598,10,13,KM,
1434,323,673,627,10,14,KM,
1435,323,673,628,10,15,KM,
1436,323,673,629,10,16,KM,
1437,323,673,599,10,17,KM,
1438,323,673,269,10,18,KM,
1439,323,674,97,11,12,KM,
1440,323,674,598,11,13,KM,
1441,323,674,627,11,14,KM,
1442,323,674,628,11,15,KM,
1443,323,674,629,11,16,KM,
1444,323,674,599,11,17,KM,
1445,323,674,269,11,18,KM,
1446,323,97,598,12,13,KM,
1447,323,97,627,12,14,KM,
1448,323,97,628,12,15,KM,
1449,323,97,629,12,16,KM,
1450,323,97,599,12,17,KM,
1451,323,97,269,12,18,KM,
1452,323,598,627,13,14,KM,
1453,323,598,628,13,15,KM,
1454,323,598,629,13,16,KM,
1455,323,598,599,13,17,KM,
1456,323,598,269,13,18,KM,
1457,323,627,628,14,15,KM,
1458,323,627,629,14,16,KM,
1459,323,627,599,14,17,KM,
1460,323,627,269,14,18,KM,
1461,323,628,629,15,16,KM,
1462,323,628,599,15,17,KM,
1463,323,628,269,15,18,KM,
1464,323,629,599,16,17,KM,
1465,323,629,269,16,18,KM,
1466,323,599,269,17,18,KM,
1467,324,177,176,1,2,KM,
1468,324,177,172,1,3,KM,
1469,324,177,403,1,4,KM,
1470,324,177,868,1,5,KM,
1471,324,177,869,1,6,KM,
1472,324,177,249,1,7,KM,
1473,324,177,251,1,8,KM,
1474,324,177,252,1,9,KM,
1475,324,177,253,1,10,KM,
1476,324,177,257,1,11,KM,
1477,324,177,635,1,12,KM,
1478,324,176,172,2,3,KM,
1479,324,176,403,2,4,KM,
1480,324,176,868,2,5,KM,
1481,324,176,869,2,6,KM,
1482,324,176,249,2,7,KM,
1483,324,176,251,2,8,KM,
1484,324,176,252,2,9,KM,
1485,324,176,253,2,10,KM,
1486,324,176,257,2,11,KM,
1487,324,176,635,2,12,KM,
1488,324,172,403,3,4,KM,
1489,324,172,868,3,5,KM,
1490,324,172,869,3,6,KM,
1491,324,172,249,3,7,KM,
1492,324,172,251,3,8,KM,
1493,324,172,252,3,9,KM,
1494,324,172,253,3,10,KM,
1495,324,172,257,3,11,KM,
1496,324,172,635,3,12,KM,
1497,324,403,868,4,5,KM,
1498,324,403,869,4,6,KM,
1499,324,403,249,4,7,KM,
1500,324,403,251,4,8,KM,
1501,324,403,252,4,9,KM,
1502,324,403,253,4,10,KM,
1503,324,403,257,4,11,KM,
1504,324,403,635,4,12,KM,
1505,324,868,869,5,6,KM,
1506,324,868,249,5,7,KM,
1507,324,868,251,5,8,KM,
1508,324,868,252,5,9,KM,
1509,324,868,253,5,10,KM,
1510,324,868,257,5,11,KM,
1511,324,868,635,5,12,KM,
1512,324,869,249,6,7,KM,
1513,324,869,251,6,8,KM,
1514,324,869,252,6,9,KM,
1515,324,869,253,6,10,KM,
1516,324,869,257,6,11,KM,
1517,324,869,635,6,12,KM,
1518,324,249,251,7,8,KM,
1519,324,249,252,7,9,KM,
1520,324,249,253,7,10,KM,
1521,324,249,257,7,11,KM,
1522,324,249,635,7,12,KM,
1523,324,251,252,8,9,KM,
1524,324,251,253,8,10,KM,
1525,324,251,257,8,11,KM,
1526,324,251,635,8,12,KM,
1527,324,252,253,9,10,KM,
1528,324,252,257,9,11,KM,
1529,324,252,635,9,12,KM,
1530,324,253,257,10,11,KM,
1531,324,253,635,10,12,KM,
1532,324,257,635,11,12,KM,
1533,325,8,5,1,2,KM,
1534,325,8,2,1,3,KM,
1535,325,8,403,1,4,KM,
1536,325,8,868,1,5,KM,
1537,325,8,869,1,6,KM,
1538,325,8,249,1,7,KM,
1539,325,8,251,1,8,KM,
1540,325,8,252,1,9,KM,
1541,325,8,253,1,10,KM,
1542,325,8,257,1,11,KM,
1543,325,8,635,1,12,KM,
1544,325,5,2,2,3,KM,
1545,325,5,403,2,4,KM,
1546,325,5,868,2,5,KM,
1547,325,5,869,2,6,KM,
1548,325,5,249,2,7,KM,
1549,325,5,251,2,8,KM,
1550,325,5,252,2,9,KM,
1551,325,5,253,2,10,KM,
1552,325,5,257,2,11,KM,
1553,325,5,635,2,12,KM,
1554,325,2,403,3,4,KM,
1555,325,2,868,3,5,KM,
1556,325,2,869,3,6,KM,
1557,325,2,249,3,7,KM,
1558,325,2,251,3,8,KM,
1559,325,2,252,3,9,KM,
1560,325,2,253,3,10,KM,
1561,325,2,257,3,11,KM,
1562,325,2,635,3,12,KM,
1563,325,403,868,4,5,KM,
1564,325,403,869,4,6,KM,
1565,325,403,249,4,7,KM,
1566,325,403,251,4,8,KM,
1567,325,403,252,4,9,KM,
1568,325,403,253,4,10,KM,
1569,325,403,257,4,11,KM,
1570,325,403,635,4,12,KM,
1571,325,868,869,5,6,KM,
1572,325,868,249,5,7,KM,
1573,325,868,251,5,8,KM,
1574,325,868,252,5,9,KM,
1575,325,868,253,5,10,KM,
1576,325,868,257,5,11,KM,
1577,325,868,635,5,12,KM,
1578,325,869,249,6,7,KM,
1579,325,869,251,6,8,KM,
1580,325,869,252,6,9,KM,
1581,325,869,253,6,10,KM,
1582,325,869,257,6,11,KM,
1583,325,869,635,6,12,KM,
1584,325,249,251,7,8,KM,
1585,325,249,252,7,9,KM,
1586,325,249,253,7,10,KM,
1587,325,249,257,7,11,KM,
1588,325,249,635,7,12,KM,
1589,325,251,252,8,9,KM,
1590,325,251,253,8,10,KM,
1591,325,251,257,8,11,KM,
1592,325,251,635,8,12,KM,
1593,325,252,253,9,10,KM,
1594,325,252,257,9,11,KM,
1595,325,252,635,9,12,KM,
1596,325,253,257,10,11,KM,
1597,325,253,635,10,12,KM,
1598,325,257,635,11,12,KM,
1599,326,165,138,1,2,KM,
1600,326,165,108,1,3,KM,
1601,326,165,403,1,4,KM,
1602,326,165,868,1,5,KM,
1603,326,165,869,1,6,KM,
1604,326,165,249,1,7,KM,
1605,326,165,251,1,8,KM,
1606,326,165,252,1,9,KM,
1607,326,165,253,1,10,KM,
1608,326,165,257,1,11,KM,
1609,326,165,635,1,12,KM,
1610,326,138,108,2,3,KM,
1611,326,138,403,2,4,KM,
1612,326,138,868,2,5,KM,
1613,326,138,869,2,6,KM,
1614,326,138,249,2,7,KM,
1615,326,138,251,2,8,KM,
1616,326,138,252,2,9,KM,
1617,326,138,253,2,10,KM,
1618,326,138,257,2,11,KM,
1619,326,138,635,2,12,KM,
1620,326,108,403,3,4,KM,
1621,326,108,868,3,5,KM,
1622,326,108,869,3,6,KM,
1623,326,108,249,3,7,KM,
1624,326,108,251,3,8,KM,
1625,326,108,252,3,9,KM,
1626,326,108,253,3,10,KM,
1627,326,108,257,3,11,KM,
1628,326,108,635,3,12,KM,
1629,326,403,868,4,5,KM,
1630,326,403,869,4,6,KM,
1631,326,403,249,4,7,KM,
1632,326,403,251,4,8,KM,
1633,326,403,252,4,9,KM,
1634,326,403,253,4,10,KM,
1635,326,403,257,4,11,KM,
1636,326,403,635,4,12,KM,
1637,326,868,869,5,6,KM,
1638,326,868,249,5,7,KM,
1639,326,868,251,5,8,KM,
1640,326,868,252,5,9,KM,
1641,326,868,253,5,10,KM,
1642,326,868,257,5,11,KM,
1643,326,868,635,5,12,KM,
1644,326,869,249,6,7,KM,
1645,326,869,251,6,8,KM,
1646,326,869,252,6,9,KM,
1647,326,869,253,6,10,KM,
1648,326,869,257,6,11,KM,
1649,326,869,635,6,12,KM,
1650,326,249,251,7,8,KM,
1651,326,249,252,7,9,KM,
1652,326,249,253,7,10,KM,
1653,326,249,257,7,11,KM,
1654,326,249,635,7,12,KM,
1655,326,251,252,8,9,KM,
1656,326,251,253,8,10,KM,
1657,326,251,257,8,11,KM,
1658,326,251,635,8,12,KM,
1659,326,252,253,9,10,KM,
1660,326,252,257,9,11,KM,
1661,326,252,635,9,12,KM,
1662,326,253,257,10,11,KM,
1663,326,253,635,10,12,KM,
1664,326,257,635,11,12,KM,
1665,327,63,56,1,2,KM,
1666,327,63,2,1,3,KM,
1667,327,63,403,1,4,KM,
1668,327,63,868,1,5,KM,
1669,327,63,869,1,6,KM,
1670,327,63,249,1,7,KM,
1671,327,63,251,1,8,KM,
1672,327,63,252,1,9,KM,
1673,327,63,253,1,10,KM,
1674,327,63,257,1,11,KM,
1675,327,63,635,1,12,KM,
1676,327,56,2,2,3,KM,
1677,327,56,403,2,4,KM,
1678,327,56,868,2,5,KM,
1679,327,56,869,2,6,KM,
1680,327,56,249,2,7,KM,
1681,327,56,251,2,8,KM,
1682,327,56,252,2,9,KM,
1683,327,56,253,2,10,KM,
1684,327,56,257,2,11,KM,
1685,327,56,635,2,12,KM,
1686,327,2,403,3,4,KM,
1687,327,2,868,3,5,KM,
1688,327,2,869,3,6,KM,
1689,327,2,249,3,7,KM,
1690,327,2,251,3,8,KM,
1691,327,2,252,3,9,KM,
1692,327,2,253,3,10,KM,
1693,327,2,257,3,11,KM,
1694,327,2,635,3,12,KM,
1695,327,403,868,4,5,KM,
1696,327,403,869,4,6,KM,
1697,327,403,249,4,7,KM,
1698,327,403,251,4,8,KM,
1699,327,403,252,4,9,KM,
1700,327,403,253,4,10,KM,
1701,327,403,257,4,11,KM,
1702,327,403,635,4,12,KM,
1703,327,868,869,5,6,KM,
1704,327,868,249,5,7,KM,
1705,327,868,251,5,8,KM,
1706,327,868,252,5,9,KM,
1707,327,868,253,5,10,KM,
1708,327,868,257,5,11,KM,
1709,327,868,635,5,12,KM,
1710,327,869,249,6,7,KM,
1711,327,869,251,6,8,KM,
1712,327,869,252,6,9,KM,
1713,327,869,253,6,10,KM,
1714,327,869,257,6,11,KM,
1715,327,869,635,6,12,KM,
1716,327,249,251,7,8,KM,
1717,327,249,252,7,9,KM,
1718,327,249,253,7,10,KM,
1719,327,249,257,7,11,KM,
1720,327,249,635,7,12,KM,
1721,327,251,252,8,9,KM,
1722,327,251,253,8,10,KM,
1723,327,251,257,8,11,KM,
1724,327,251,635,8,12,KM,
1725,327,252,253,9,10,KM,
1726,327,252,257,9,11,KM,
1727,327,252,635,9,12,KM,
1728,327,253,257,10,11,KM,
1729,327,253,635,10,12,KM,
1730,327,257,635,11,12,KM,
1731,328,76,74,1,2,KM,
1732,328,76,8,1,3,KM,
1733,328,76,5,1,4,KM,
1734,328,76,2,1,5,KM,
1735,328,76,403,1,6,KM,
1736,328,76,868,1,7,KM,
1737,328,76,869,1,8,KM,
1738,328,76,249,1,9,KM,
1739,328,76,251,1,10,KM,
1740,328,76,252,1,11,KM,
1741,328,76,253,1,12,KM,
1742,328,76,257,1,13,KM,
1743,328,76,635,1,14,KM,
1744,328,74,8,2,3,KM,
1745,328,74,5,2,4,KM,
1746,328,74,2,2,5,KM,
1747,328,74,403,2,6,KM,
1748,328,74,868,2,7,KM,
1749,328,74,869,2,8,KM,
1750,328,74,249,2,9,KM,
1751,328,74,251,2,10,KM,
1752,328,74,252,2,11,KM,
1753,328,74,253,2,12,KM,
1754,328,74,257,2,13,KM,
1755,328,74,635,2,14,KM,
1756,328,8,5,3,4,KM,
1757,328,8,2,3,5,KM,
1758,328,8,403,3,6,KM,
1759,328,8,868,3,7,KM,
1760,328,8,869,3,8,KM,
1761,328,8,249,3,9,KM,
1762,328,8,251,3,10,KM,
1763,328,8,252,3,11,KM,
1764,328,8,253,3,12,KM,
1765,328,8,257,3,13,KM,
1766,328,8,635,3,14,KM,
1767,328,5,2,4,5,KM,
1768,328,5,403,4,6,KM,
1769,328,5,868,4,7,KM,
1770,328,5,869,4,8,KM,
1771,328,5,249,4,9,KM,
1772,328,5,251,4,10,KM,
1773,328,5,252,4,11,KM,
1774,328,5,253,4,12,KM,
1775,328,5,257,4,13,KM,
1776,328,5,635,4,14,KM,
1777,328,2,403,5,6,KM,
1778,328,2,868,5,7,KM,
1779,328,2,869,5,8,KM,
1780,328,2,249,5,9,KM,
1781,328,2,251,5,10,KM,
1782,328,2,252,5,11,KM,
1783,328,2,253,5,12,KM,
1784,328,2,257,5,13,KM,
1785,328,2,635,5,14,KM,
1786,328,403,868,6,7,KM,
1787,328,403,869,6,8,KM,
1788,328,403,249,6,9,KM,
1789,328,403,251,6,10,KM,
1790,328,403,252,6,11,KM,
1791,328,403,253,6,12,KM,
1792,328,403,257,6,13,KM,
1793,328,403,635,6,14,KM,
1794,328,868,869,7,8,KM,
1795,328,868,249,7,9,KM,
1796,328,868,251,7,10,KM,
1797,328,868,252,7,11,KM,
1798,328,868,253,7,12,KM,
1799,328,868,257,7,13,KM,
1800,328,868,635,7,14,KM,
1801,328,869,249,8,9,KM,
1802,328,869,251,8,10,KM,
1803,328,869,252,8,11,KM,
1804,328,869,253,8,12,KM,
1805,328,869,257,8,13,KM,
1806,328,869,635,8,14,KM,
1807,328,249,251,9,10,KM,
1808,328,249,252,9,11,KM,
1809,328,249,253,9,12,KM,
1810,328,249,257,9,13,KM,
1811,328,249,635,9,14,KM,
1812,328,251,252,10,11,KM,
1813,328,251,253,10,12,KM,
1814,328,251,257,10,13,KM,
1815,328,251,635,10,14,KM,
1816,328,252,253,11,12,KM,
1817,328,252,257,11,13,KM,
1818,328,252,635,11,14,KM,
1819,328,253,257,12,13,KM,
1820,328,253,635,12,14,KM,
1821,328,257,635,13,14,KM,
1822,329,115,113,1,2,KM,
1823,329,115,112,1,3,KM,
1824,329,115,111,1,4,KM,
1825,329,115,108,1,5,KM,
1826,329,115,403,1,6,KM,
1827,329,115,868,1,7,KM,
1828,329,115,869,1,8,KM,
1829,329,115,249,1,9,KM,
1830,329,115,251,1,10,KM,
1831,329,115,252,1,11,KM,
1832,329,115,253,1,12,KM,
1833,329,115,257,1,13,KM,
1834,329,115,635,1,14,KM,
1835,329,113,112,2,3,KM,
1836,329,113,111,2,4,KM,
1837,329,113,108,2,5,KM,
1838,329,113,403,2,6,KM,
1839,329,113,868,2,7,KM,
1840,329,113,869,2,8,KM,
1841,329,113,249,2,9,KM,
1842,329,113,251,2,10,KM,
1843,329,113,252,2,11,KM,
1844,329,113,253,2,12,KM,
1845,329,113,257,2,13,KM,
1846,329,113,635,2,14,KM,
1847,329,112,111,3,4,KM,
1848,329,112,108,3,5,KM,
1849,329,112,403,3,6,KM,
1850,329,112,868,3,7,KM,
1851,329,112,869,3,8,KM,
1852,329,112,249,3,9,KM,
1853,329,112,251,3,10,KM,
1854,329,112,252,3,11,KM,
1855,329,112,253,3,12,KM,
1856,329,112,257,3,13,KM,
1857,329,112,635,3,14,KM,
1858,329,111,108,4,5,KM,
1859,329,111,403,4,6,KM,
1860,329,111,868,4,7,KM,
1861,329,111,869,4,8,KM,
1862,329,111,249,4,9,KM,
1863,329,111,251,4,10,KM,
1864,329,111,252,4,11,KM,
1865,329,111,253,4,12,KM,
1866,329,111,257,4,13,KM,
1867,329,111,635,4,14,KM,
1868,329,108,403,5,6,KM,
1869,329,108,868,5,7,KM,
1870,329,108,869,5,8,KM,
1871,329,108,249,5,9,KM,
1872,329,108,251,5,10,KM,
1873,329,108,252,5,11,KM,
1874,329,108,253,5,12,KM,
1875,329,108,257,5,13,KM,
1876,329,108,635,5,14,KM,
1877,329,403,868,6,7,KM,
1878,329,403,869,6,8,KM,
1879,329,403,249,6,9,KM,
1880,329,403,251,6,10,KM,
1881,329,403,252,6,11,KM,
1882,329,403,253,6,12,KM,
1883,329,403,257,6,13,KM,
1884,329,403,635,6,14,KM,
1885,329,868,869,7,8,KM,
1886,329,868,249,7,9,KM,
1887,329,868,251,7,10,KM,
1888,329,868,252,7,11,KM,
1889,329,868,253,7,12,KM,
1890,329,868,257,7,13,KM,
1891,329,868,635,7,14,KM,
1892,329,869,249,8,9,KM,
1893,329,869,251,8,10,KM,
1894,329,869,252,8,11,KM,
1895,329,869,253,8,12,KM,
1896,329,869,257,8,13,KM,
1897,329,869,635,8,14,KM,
1898,329,249,251,9,10,KM,
1899,329,249,252,9,11,KM,
1900,329,249,253,9,12,KM,
1901,329,249,257,9,13,KM,
1902,329,249,635,9,14,KM,
1903,329,251,252,10,11,KM,
1904,329,251,253,10,12,KM,
1905,329,251,257,10,13,KM,
1906,329,251,635,10,14,KM,
1907,329,252,253,11,12,KM,
1908,329,252,257,11,13,KM,
1909,329,252,635,11,14,KM,
1910,329,253,257,12,13,KM,
1911,329,253,635,12,14,KM,
1912,329,257,635,13,14,KM,
1913,331,8,985,1,2,KM,
1914,331,8,10,1,3,KM,
1915,331,8,986,1,4,KM,
1916,331,8,987,1,5,KM,
1917,331,8,988,1,6,KM,
1918,331,8,989,1,7,KM,
1919,331,8,94,1,8,KM,
1920,331,8,990,1,9,KM,
1921,331,8,991,1,10,KM,
1922,331,8,992,1,11,KM,
1923,331,8,993,1,12,KM,
1924,331,8,994,1,13,KM,
1925,331,8,995,1,14,KM,
1926,331,8,996,1,15,KM,
1927,331,8,997,1,16,KM,
1928,331,8,998,1,17,KM,
1929,331,8,685,1,18,KM,
1930,331,8,999,1,19,KM,
1931,331,8,684,1,20,KM,
1932,331,8,269,1,21,KM,
1933,331,985,10,2,3,KM,
1934,331,985,986,2,4,KM,
1935,331,985,987,2,5,KM,
1936,331,985,988,2,6,KM,
1937,331,985,989,2,7,KM,
1938,331,985,94,2,8,KM,
1939,331,985,990,2,9,KM,
1940,331,985,991,2,10,KM,
1941,331,985,992,2,11,KM,
1942,331,985,993,2,12,KM,
1943,331,985,994,2,13,KM,
1944,331,985,995,2,14,KM,
1945,331,985,996,2,15,KM,
1946,331,985,997,2,16,KM,
1947,331,985,998,2,17,KM,
1948,331,985,685,2,18,KM,
1949,331,985,999,2,19,KM,
1950,331,985,684,2,20,KM,
1951,331,985,269,2,21,KM,
1952,331,10,986,3,4,KM,
1953,331,10,987,3,5,KM,
1954,331,10,988,3,6,KM,
1955,331,10,989,3,7,KM,
1956,331,10,94,3,8,KM,
1957,331,10,990,3,9,KM,
1958,331,10,991,3,10,KM,
1959,331,10,992,3,11,KM,
1960,331,10,993,3,12,KM,
1961,331,10,994,3,13,KM,
1962,331,10,995,3,14,KM,
1963,331,10,996,3,15,KM,
1964,331,10,997,3,16,KM,
1965,331,10,998,3,17,KM,
1966,331,10,685,3,18,KM,
1967,331,10,999,3,19,KM,
1968,331,10,684,3,20,KM,
1969,331,10,269,3,21,KM,
1970,331,986,987,4,5,KM,
1971,331,986,988,4,6,KM,
1972,331,986,989,4,7,KM,
1973,331,986,94,4,8,KM,
1974,331,986,990,4,9,KM,
1975,331,986,991,4,10,KM,
1976,331,986,992,4,11,KM,
1977,331,986,993,4,12,KM,
1978,331,986,994,4,13,KM,
1979,331,986,995,4,14,KM,
1980,331,986,996,4,15,KM,
1981,331,986,997,4,16,KM,
1982,331,986,998,4,17,KM,
1983,331,986,685,4,18,KM,
1984,331,986,999,4,19,KM,
1985,331,986,684,4,20,KM,
1986,331,986,269,4,21,KM,
1987,331,987,988,5,6,KM,
1988,331,987,989,5,7,KM,
1989,331,987,94,5,8,KM,
1990,331,987,990,5,9,KM,
1991,331,987,991,5,10,KM,
1992,331,987,992,5,11,KM,
1993,331,987,993,5,12,KM,
1994,331,987,994,5,13,KM,
1995,331,987,995,5,14,KM,
1996,331,987,996,5,15,KM,
1997,331,987,997,5,16,KM,
1998,331,987,998,5,17,KM,
1999,331,987,685,5,18,KM,
2000,331,987,999,5,19,KM,
2001,331,987,684,5,20,KM,
2002,331,987,269,5,21,KM,
2003,331,988,989,6,7,KM,
2004,331,988,94,6,8,KM,
2005,331,988,990,6,9,KM,
2006,331,988,991,6,10,KM,
2007,331,988,992,6,11,KM,
2008,331,988,993,6,12,KM,
2009,331,988,994,6,13,KM,
2010,331,988,995,6,14,KM,
2011,331,988,996,6,15,KM,
2012,331,988,997,6,16,KM,
2013,331,988,998,6,17,KM,
2014,331,988,685,6,18,KM,
2015,331,988,999,6,19,KM,
2016,331,988,684,6,20,KM,
2017,331,988,269,6,21,KM,
2018,331,989,94,7,8,KM,
2019,331,989,990,7,9,KM,
2020,331,989,991,7,10,KM,
2021,331,989,992,7,11,KM,
2022,331,989,993,7,12,KM,
2023,331,989,994,7,13,KM,
2024,331,989,995,7,14,KM,
2025,331,989,996,7,15,KM,
2026,331,989,997,7,16,KM,
2027,331,989,998,7,17,KM,
2028,331,989,685,7,18,KM,
2029,331,989,999,7,19,KM,
2030,331,989,684,7,20,KM,
2031,331,989,269,7,21,KM,
2032,331,94,990,8,9,KM,
2033,331,94,991,8,10,KM,
2034,331,94,992,8,11,KM,
2035,331,94,993,8,12,KM,
2036,331,94,994,8,13,KM,
2037,331,94,995,8,14,KM,
2038,331,94,996,8,15,KM,
2039,331,94,997,8,16,KM,
2040,331,94,998,8,17,KM,
2041,331,94,685,8,18,KM,
2042,331,94,999,8,19,KM,
2043,331,94,684,8,20,KM,
2044,331,94,269,8,21,KM,
2045,331,990,991,9,10,KM,
2046,331,990,992,9,11,KM,
2047,331,990,993,9,12,KM,
2048,331,990,994,9,13,KM,
2049,331,990,995,9,14,KM,
2050,331,990,996,9,15,KM,
2051,331,990,997,9,16,KM,
2052,331,990,998,9,17,KM,
2053,331,990,685,9,18,KM,
2054,331,990,999,9,19,KM,
2055,331,990,684,9,20,KM,
2056,331,990,269,9,21,KM,
2057,331,991,992,10,11,KM,
2058,331,991,993,10,12,KM,
2059,331,991,994,10,13,KM,
2060,331,991,995,10,14,KM,
2061,331,991,996,10,15,KM,
2062,331,991,997,10,16,KM,
2063,331,991,998,10,17,KM,
2064,331,991,685,10,18,KM,
2065,331,991,999,10,19,KM,
2066,331,991,684,10,20,KM,
2067,331,991,269,10,21,KM,
2068,331,992,993,11,12,KM,
2069,331,992,994,11,13,KM,
2070,331,992,995,11,14,KM,
2071,331,992,996,11,15,KM,
2072,331,992,997,11,16,KM,
2073,331,992,998,11,17,KM,
2074,331,992,685,11,18,KM,
2075,331,992,999,11,19,KM,
2076,331,992,684,11,20,KM,
2077,331,992,269,11,21,KM,
2078,331,993,994,12,13,KM,
2079,331,993,995,12,14,KM,
2080,331,993,996,12,15,KM,
2081,331,993,997,12,16,KM,
2082,331,993,998,12,17,KM,
2083,331,993,685,12,18,KM,
2084,331,993,999,12,19,KM,
2085,331,993,684,12,20,KM,
2086,331,993,269,12,21,KM,
2087,331,994,995,13,14,KM,
2088,331,994,996,13,15,KM,
2089,331,994,997,13,16,KM,
2090,331,994,998,13,17,KM,
2091,331,994,685,13,18,KM,
2092,331,994,999,13,19,KM,
2093,331,994,684,13,20,KM,
2094,331,994,269,13,21,KM,
2095,331,995,996,14,15,KM,
2096,331,995,997,14,16,KM,
2097,331,995,998,14,17,KM,
2098,331,995,685,14,18,KM,
2099,331,995,999,14,19,KM,
2100,331,995,684,14,20,KM,
2101,331,995,269,14,21,KM,
2102,331,996,997,15,16,KM,
2103,331,996,998,15,17,KM,
2104,331,996,685,15,18,KM,
2105,331,996,999,15,19,KM,
2106,331,996,684,15,20,KM,
2107,331,996,269,15,21,KM,
2108,331,997,998,16,17,KM,
2109,331,997,685,16,18,KM,
2110,331,997,999,16,19,KM,
2111,331,997,684,16,20,KM,
2112,331,997,269,16,21,KM,
2113,331,998,685,17,18,KM,
2114,331,998,999,17,19,KM,
2115,331,998,684,17,20,KM,
2116,331,998,269,17,21,KM,
2117,331,685,999,18,19,KM,
2118,331,685,684,18,20,KM,
2119,331,685,269,18,21,KM,
2120,331,999,684,19,20,KM,
2121,331,999,269,19,21,KM,
2122,331,684,269,20,21,KM,
2123,332,8,5,1,2,KM,
2124,332,8,2,1,3,KM,
2125,332,8,403,1,4,KM,
2126,332,8,868,1,5,KM,
2127,332,8,869,1,6,KM,
2128,332,8,249,1,7,KM,
2129,332,8,251,1,8,KM,
2130,332,8,252,1,9,KM,
2131,332,8,253,1,10,KM,
2132,332,8,254,1,11,KM,
2133,332,8,255,1,12,KM,
2134,332,8,257,1,13,KM,
2135,332,5,2,2,3,KM,
2136,332,5,403,2,4,KM,
2137,332,5,868,2,5,KM,
2138,332,5,869,2,6,KM,
2139,332,5,249,2,7,KM,
2140,332,5,251,2,8,KM,
2141,332,5,252,2,9,KM,
2142,332,5,253,2,10,KM,
2143,332,5,254,2,11,KM,
2144,332,5,255,2,12,KM,
2145,332,5,257,2,13,KM,
2146,332,2,403,3,4,KM,
2147,332,2,868,3,5,KM,
2148,332,2,869,3,6,KM,
2149,332,2,249,3,7,KM,
2150,332,2,251,3,8,KM,
2151,332,2,252,3,9,KM,
2152,332,2,253,3,10,KM,
2153,332,2,254,3,11,KM,
2154,332,2,255,3,12,KM,
2155,332,2,257,3,13,KM,
2156,332,403,868,4,5,KM,
2157,332,403,869,4,6,KM,
2158,332,403,249,4,7,KM,
2159,332,403,251,4,8,KM,
2160,332,403,252,4,9,KM,
2161,332,403,253,4,10,KM,
2162,332,403,254,4,11,KM,
2163,332,403,255,4,12,KM,
2164,332,403,257,4,13,KM,
2165,332,868,869,5,6,KM,
2166,332,868,249,5,7,KM,
2167,332,868,251,5,8,KM,
2168,332,868,252,5,9,KM,
2169,332,868,253,5,10,KM,
2170,332,868,254,5,11,KM,
2171,332,868,255,5,12,KM,
2172,332,868,257,5,13,KM,
2173,332,869,249,6,7,KM,
2174,332,869,251,6,8,KM,
2175,332,869,252,6,9,KM,
2176,332,869,253,6,10,KM,
2177,332,869,254,6,11,KM,
2178,332,869,255,6,12,KM,
2179,332,869,257,6,13,KM,
2180,332,249,251,7,8,KM,
2181,332,249,252,7,9,KM,
2182,332,249,253,7,10,KM,
2183,332,249,254,7,11,KM,
2184,332,249,255,7,12,KM,
2185,332,249,257,7,13,KM,
2186,332,251,252,8,9,KM,
2187,332,251,253,8,10,KM,
2188,332,251,254,8,11,KM,
2189,332,251,255,8,12,KM,
2190,332,251,257,8,13,KM,
2191,332,252,253,9,10,KM,
2192,332,252,254,9,11,KM,
2193,332,252,255,9,12,KM,
2194,332,252,257,9,13,KM,
2195,332,253,254,10,11,KM,
2196,332,253,255,10,12,KM,
2197,332,253,257,10,13,KM,
2198,332,254,255,11,12,KM,
2199,332,254,257,11,13,KM,
2200,332,255,257,12,13,KM,
2201,333,8,227,1,2,KM,
2202,333,8,95,1,3,KM,
2203,333,8,74,1,4,KM,
2204,333,8,75,1,5,KM,
2205,333,8,76,1,6,KM,
2206,333,8,605,1,7,KM,
2207,333,8,686,1,8,KM,
2208,333,8,687,1,9,KM,
2209,333,8,688,1,10,KM,
2210,333,8,689,1,11,KM,
2211,333,8,700,1,12,KM,
2212,333,8,690,1,13,KM,
2213,333,8,691,1,14,KM,
2214,333,8,658,1,15,KM,
2215,333,8,692,1,16,KM,
2216,333,8,693,1,17,KM,
2217,333,8,694,1,18,KM,
2218,333,8,695,1,19,KM,
2219,333,8,696,1,20,KM,
2220,333,8,22,1,21,KM,
2221,333,227,95,2,3,KM,
2222,333,227,74,2,4,KM,
2223,333,227,75,2,5,KM,
2224,333,227,76,2,6,KM,
2225,333,227,605,2,7,KM,
2226,333,227,686,2,8,KM,
2227,333,227,687,2,9,KM,
2228,333,227,688,2,10,KM,
2229,333,227,689,2,11,KM,
2230,333,227,700,2,12,KM,
2231,333,227,690,2,13,KM,
2232,333,227,691,2,14,KM,
2233,333,227,658,2,15,KM,
2234,333,227,692,2,16,KM,
2235,333,227,693,2,17,KM,
2236,333,227,694,2,18,KM,
2237,333,227,695,2,19,KM,
2238,333,227,696,2,20,KM,
2239,333,227,22,2,21,KM,
2240,333,95,74,3,4,KM,
2241,333,95,75,3,5,KM,
2242,333,95,76,3,6,KM,
2243,333,95,605,3,7,KM,
2244,333,95,686,3,8,KM,
2245,333,95,687,3,9,KM,
2246,333,95,688,3,10,KM,
2247,333,95,689,3,11,KM,
2248,333,95,700,3,12,KM,
2249,333,95,690,3,13,KM,
2250,333,95,691,3,14,KM,
2251,333,95,658,3,15,KM,
2252,333,95,692,3,16,KM,
2253,333,95,693,3,17,KM,
2254,333,95,694,3,18,KM,
2255,333,95,695,3,19,KM,
2256,333,95,696,3,20,KM,
2257,333,95,22,3,21,KM,
2258,333,74,75,4,5,KM,
2259,333,74,76,4,6,KM,
2260,333,74,605,4,7,KM,
2261,333,74,686,4,8,KM,
2262,333,74,687,4,9,KM,
2263,333,74,688,4,10,KM,
2264,333,74,689,4,11,KM,
2265,333,74,700,4,12,KM,
2266,333,74,690,4,13,KM,
2267,333,74,691,4,14,KM,
2268,333,74,658,4,15,KM,
2269,333,74,692,4,16,KM,
2270,333,74,693,4,17,KM,
2271,333,74,694,4,18,KM,
2272,333,74,695,4,19,KM,
2273,333,74,696,4,20,KM,
2274,333,74,22,4,21,KM,
2275,333,75,76,5,6,KM,
2276,333,75,605,5,7,KM,
2277,333,75,686,5,8,KM,
2278,333,75,687,5,9,KM,
2279,333,75,688,5,10,KM,
2280,333,75,689,5,11,KM,
2281,333,75,700,5,12,KM,
2282,333,75,690,5,13,KM,
2283,333,75,691,5,14,KM,
2284,333,75,658,5,15,KM,
2285,333,75,692,5,16,KM,
2286,333,75,693,5,17,KM,
2287,333,75,694,5,18,KM,
2288,333,75,695,5,19,KM,
2289,333,75,696,5,20,KM,
2290,333,75,22,5,21,KM,
2291,333,76,605,6,7,KM,
2292,333,76,686,6,8,KM,
2293,333,76,687,6,9,KM,
2294,333,76,688,6,10,KM,
2295,333,76,689,6,11,KM,
2296,333,76,700,6,12,KM,
2297,333,76,690,6,13,KM,
2298,333,76,691,6,14,KM,
2299,333,76,658,6,15,KM,
2300,333,76,692,6,16,KM,
2301,333,76,693,6,17,KM,
2302,333,76,694,6,18,KM,
2303,333,76,695,6,19,KM,
2304,333,76,696,6,20,KM,
2305,333,76,22,6,21,KM,
2306,333,605,686,7,8,KM,
2307,333,605,687,7,9,KM,
2308,333,605,688,7,10,KM,
2309,333,605,689,7,11,KM,
2310,333,605,700,7,12,KM,
2311,333,605,690,7,13,KM,
2312,333,605,691,7,14,KM,
2313,333,605,658,7,15,KM,
2314,333,605,692,7,16,KM,
2315,333,605,693,7,17,KM,
2316,333,605,694,7,18,KM,
2317,333,605,695,7,19,KM,
2318,333,605,696,7,20,KM,
2319,333,605,22,7,21,KM,
2320,333,686,687,8,9,KM,
2321,333,686,688,8,10,KM,
2322,333,686,689,8,11,KM,
2323,333,686,700,8,12,KM,
2324,333,686,690,8,13,KM,
2325,333,686,691,8,14,KM,
2326,333,686,658,8,15,KM,
2327,333,686,692,8,16,KM,
2328,333,686,693,8,17,KM,
2329,333,686,694,8,18,KM,
2330,333,686,695,8,19,KM,
2331,333,686,696,8,20,KM,
2332,333,686,22,8,21,KM,
2333,333,687,688,9,10,KM,
2334,333,687,689,9,11,KM,
2335,333,687,700,9,12,KM,
2336,333,687,690,9,13,KM,
2337,333,687,691,9,14,KM,
2338,333,687,658,9,15,KM,
2339,333,687,692,9,16,KM,
2340,333,687,693,9,17,KM,
2341,333,687,694,9,18,KM,
2342,333,687,695,9,19,KM,
2343,333,687,696,9,20,KM,
2344,333,687,22,9,21,KM,
2345,333,688,689,10,11,KM,
2346,333,688,700,10,12,KM,
2347,333,688,690,10,13,KM,
2348,333,688,691,10,14,KM,
2349,333,688,658,10,15,KM,
2350,333,688,692,10,16,KM,
2351,333,688,693,10,17,KM,
2352,333,688,694,10,18,KM,
2353,333,688,695,10,19,KM,
2354,333,688,696,10,20,KM,
2355,333,688,22,10,21,KM,
2356,333,689,700,11,12,KM,
2357,333,689,690,11,13,KM,
2358,333,689,691,11,14,KM,
2359,333,689,658,11,15,KM,
2360,333,689,692,11,16,KM,
2361,333,689,693,11,17,KM,
2362,333,689,694,11,18,KM,
2363,333,689,695,11,19,KM,
2364,333,689,696,11,20,KM,
2365,333,689,22,11,21,KM,
2366,333,700,690,12,13,KM,
2367,333,700,691,12,14,KM,
2368,333,700,658,12,15,KM,
2369,333,700,692,12,16,KM,
2370,333,700,693,12,17,KM,
2371,333,700,694,12,18,KM,
2372,333,700,695,12,19,KM,
2373,333,700,696,12,20,KM,
2374,333,700,22,12,21,KM,
2375,333,690,691,13,14,KM,
2376,333,690,658,13,15,KM,
2377,333,690,692,13,16,KM,
2378,333,690,693,13,17,KM,
2379,333,690,694,13,18,KM,
2380,333,690,695,13,19,KM,
2381,333,690,696,13,20,KM,
2382,333,690,22,13,21,KM,
2383,333,691,658,14,15,KM,
2384,333,691,692,14,16,KM,
2385,333,691,693,14,17,KM,
2386,333,691,694,14,18,KM,
2387,333,691,695,14,19,KM,
2388,333,691,696,14,20,KM,
2389,333,691,22,14,21,KM,
2390,333,658,692,15,16,KM,
2391,333,658,693,15,17,KM,
2392,333,658,694,15,18,KM,
2393,333,658,695,15,19,KM,
2394,333,658,696,15,20,KM,
2395,333,658,22,15,21,KM,
2396,333,692,693,16,17,KM,
2397,333,692,694,16,18,KM,
2398,333,692,695,16,19,KM,
2399,333,692,696,16,20,KM,
2400,333,692,22,16,21,KM,
2401,333,693,694,17,18,KM,
2402,333,693,695,17,19,KM,
2403,333,693,696,17,20,KM,
2404,333,693,22,17,21,KM,
2405,333,694,695,18,19,KM,
2406,333,694,696,18,20,KM,
2407,333,694,22,18,21,KM,
2408,333,695,696,19,20,KM,
2409,333,695,22,19,21,KM,
2410,333,696,22,20,21,KM,
2411,341,403,106,1,2,KM,
2412,341,403,107,1,3,KM,
2413,341,403,108,1,4,KM,
2414,341,403,109,1,5,KM,
2415,341,403,134,1,6,KM,
2416,341,403,135,1,7,KM,
2417,341,403,136,1,8,KM,
2418,341,403,137,1,9,KM,
2419,341,403,138,1,10,KM,
2420,341,403,139,1,11,KM,
2421,341,403,140,1,12,KM,
2422,341,403,141,1,13,KM,
2423,341,403,142,1,14,KM,
2424,341,403,143,1,15,KM,
2425,341,403,144,1,16,KM,
2426,341,403,145,1,17,KM,
2427,341,106,107,2,3,KM,
2428,341,106,108,2,4,KM,
2429,341,106,109,2,5,KM,
2430,341,106,134,2,6,KM,
2431,341,106,135,2,7,KM,
2432,341,106,136,2,8,KM,
2433,341,106,137,2,9,KM,
2434,341,106,138,2,10,KM,
2435,341,106,139,2,11,KM,
2436,341,106,140,2,12,KM,
2437,341,106,141,2,13,KM,
2438,341,106,142,2,14,KM,
2439,341,106,143,2,15,KM,
2440,341,106,144,2,16,KM,
2441,341,106,145,2,17,KM,
2442,341,107,108,3,4,KM,
2443,341,107,109,3,5,KM,
2444,341,107,134,3,6,KM,
2445,341,107,135,3,7,KM,
2446,341,107,136,3,8,KM,
2447,341,107,137,3,9,KM,
2448,341,107,138,3,10,KM,
2449,341,107,139,3,11,KM,
2450,341,107,140,3,12,KM,
2451,341,107,141,3,13,KM,
2452,341,107,142,3,14,KM,
2453,341,107,143,3,15,KM,
2454,341,107,144,3,16,KM,
2455,341,107,145,3,17,KM,
2456,341,108,109,4,5,KM,
2457,341,108,134,4,6,KM,
2458,341,108,135,4,7,KM,
2459,341,108,136,4,8,KM,
2460,341,108,137,4,9,KM,
2461,341,108,138,4,10,KM,
2462,341,108,139,4,11,KM,
2463,341,108,140,4,12,KM,
2464,341,108,141,4,13,KM,
2465,341,108,142,4,14,KM,
2466,341,108,143,4,15,KM,
2467,341,108,144,4,16,KM,
2468,341,108,145,4,17,KM,
2469,341,109,134,5,6,KM,
2470,341,109,135,5,7,KM,
2471,341,109,136,5,8,KM,
2472,341,109,137,5,9,KM,
2473,341,109,138,5,10,KM,
2474,341,109,139,5,11,KM,
2475,341,109,140,5,12,KM,
2476,341,109,141,5,13,KM,
2477,341,109,142,5,14,KM,
2478,341,109,143,5,15,KM,
2479,341,109,144,5,16,KM,
2480,341,109,145,5,17,KM,
2481,341,134,135,6,7,KM,
2482,341,134,136,6,8,KM,
2483,341,134,137,6,9,KM,
2484,341,134,138,6,10,KM,
2485,341,134,139,6,11,KM,
2486,341,134,140,6,12,KM,
2487,341,134,141,6,13,KM,
2488,341,134,142,6,14,KM,
2489,341,134,143,6,15,KM,
2490,341,134,144,6,16,KM,
2491,341,134,145,6,17,KM,
2492,341,135,136,7,8,KM,
2493,341,135,137,7,9,KM,
2494,341,135,138,7,10,KM,
2495,341,135,139,7,11,KM,
2496,341,135,140,7,12,KM,
2497,341,135,141,7,13,KM,
2498,341,135,142,7,14,KM,
2499,341,135,143,7,15,KM,
2500,341,135,144,7,16,KM,
2501,341,135,145,7,17,KM,
2502,341,136,137,8,9,KM,
2503,341,136,138,8,10,KM,
2504,341,136,139,8,11,KM,
2505,341,136,140,8,12,KM,
2506,341,136,141,8,13,KM,
2507,341,136,142,8,14,KM,
2508,341,136,143,8,15,KM,
2509,341,136,144,8,16,KM,
2510,341,136,145,8,17,KM,
2511,341,137,138,9,10,KM,
2512,341,137,139,9,11,KM,
2513,341,137,140,9,12,KM,
2514,341,137,141,9,13,KM,
2515,341,137,142,9,14,KM,
2516,341,137,143,9,15,KM,
2517,341,137,144,9,16,KM,
2518,341,137,145,9,17,KM,
2519,341,138,139,10,11,KM,
2520,341,138,140,10,12,KM,
2521,341,138,141,10,13,KM,
2522,341,138,142,10,14,KM,
2523,341,138,143,10,15,KM,
2524,341,138,144,10,16,KM,
2525,341,138,145,10,17,KM,
2526,341,139,140,11,12,KM,
2527,341,139,141,11,13,KM,
2528,341,139,142,11,14,KM,
2529,341,139,143,11,15,KM,
2530,341,139,144,11,16,KM,
2531,341,139,145,11,17,KM,
2532,341,140,141,12,13,KM,
2533,341,140,142,12,14,KM,
2534,341,140,143,12,15,KM,
2535,341,140,144,12,16,KM,
2536,341,140,145,12,17,KM,
2537,341,141,142,13,14,KM,
2538,341,141,143,13,15,KM,
2539,341,141,144,13,16,KM,
2540,341,141,145,13,17,KM,
2541,341,142,143,14,15,KM,
2542,341,142,144,14,16,KM,
2543,341,142,145,14,17,KM,
2544,341,143,144,15,16,KM,
2545,341,143,145,15,17,KM,
2546,341,144,145,16,17,KM,
2547,350,403,106,1,2,KM,
2548,350,403,107,1,3,KM,
2549,350,403,108,1,4,KM,
2550,350,403,109,1,5,KM,
2551,350,403,110,1,6,KM,
2552,350,403,111,1,7,KM,
2553,350,403,112,1,8,KM,
2554,350,403,113,1,9,KM,
2555,350,403,114,1,10,KM,
2556,350,403,115,1,11,KM,
2557,350,403,116,1,12,KM,
2558,350,403,117,1,13,KM,
2559,350,403,123,1,14,KM,
2560,350,403,124,1,15,KM,
2561,350,403,125,1,16,KM,
2562,350,403,126,1,17,KM,
2563,350,403,127,1,18,KM,
2564,350,403,128,1,19,KM,
2565,350,403,129,1,20,KM,
2566,350,403,130,1,21,KM,
2567,350,106,107,2,3,KM,
2568,350,106,108,2,4,KM,
2569,350,106,109,2,5,KM,
2570,350,106,110,2,6,KM,
2571,350,106,111,2,7,KM,
2572,350,106,112,2,8,KM,
2573,350,106,113,2,9,KM,
2574,350,106,114,2,10,KM,
2575,350,106,115,2,11,KM,
2576,350,106,116,2,12,KM,
2577,350,106,117,2,13,KM,
2578,350,106,123,2,14,KM,
2579,350,106,124,2,15,KM,
2580,350,106,125,2,16,KM,
2581,350,106,126,2,17,KM,
2582,350,106,127,2,18,KM,
2583,350,106,128,2,19,KM,
2584,350,106,129,2,20,KM,
2585,350,106,130,2,21,KM,
2586,350,107,108,3,4,KM,
2587,350,107,109,3,5,KM,
2588,350,107,110,3,6,KM,
2589,350,107,111,3,7,KM,
2590,350,107,112,3,8,KM,
2591,350,107,113,3,9,KM,
2592,350,107,114,3,10,KM,
2593,350,107,115,3,11,KM,
2594,350,107,116,3,12,KM,
2595,350,107,117,3,13,KM,
2596,350,107,123,3,14,KM,
2597,350,107,124,3,15,KM,
2598,350,107,125,3,16,KM,
2599,350,107,126,3,17,KM,
2600,350,107,127,3,18,KM,
2601,350,107,128,3,19,KM,
2602,350,107,129,3,20,KM,
2603,350,107,130,3,21,KM,
2604,350,108,109,4,5,KM,
2605,350,108,110,4,6,KM,
2606,350,108,111,4,7,KM,
2607,350,108,112,4,8,KM,
2608,350,108,113,4,9,KM,
2609,350,108,114,4,10,KM,
2610,350,108,115,4,11,KM,
2611,350,108,116,4,12,KM,
2612,350,108,117,4,13,KM,
2613,350,108,123,4,14,KM,
2614,350,108,124,4,15,KM,
2615,350,108,125,4,16,KM,
2616,350,108,126,4,17,KM,
2617,350,108,127,4,18,KM,
2618,350,108,128,4,19,KM,
2619,350,108,129,4,20,KM,
2620,350,108,130,4,21,KM,
2621,350,109,110,5,6,KM,
2622,350,109,111,5,7,KM,
2623,350,109,112,5,8,KM,
2624,350,109,113,5,9,KM,
2625,350,109,114,5,10,KM,
2626,350,109,115,5,11,KM,
2627,350,109,116,5,12,KM,
2628,350,109,117,5,13,KM,
2629,350,109,123,5,14,KM,
2630,350,109,124,5,15,KM,
2631,350,109,125,5,16,KM,
2632,350,109,126,5,17,KM,
2633,350,109,127,5,18,KM,
2634,350,109,128,5,19,KM,
2635,350,109,129,5,20,KM,
2636,350,109,130,5,21,KM,
2637,350,110,111,6,7,KM,
2638,350,110,112,6,8,KM,
2639,350,110,113,6,9,KM,
2640,350,110,114,6,10,KM,
2641,350,110,115,6,11,KM,
2642,350,110,116,6,12,KM,
2643,350,110,117,6,13,KM,
2644,350,110,123,6,14,KM,
2645,350,110,124,6,15,KM,
2646,350,110,125,6,16,KM,
2647,350,110,126,6,17,KM,
2648,350,110,127,6,18,KM,
2649,350,110,128,6,19,KM,
2650,350,110,129,6,20,KM,
2651,350,110,130,6,21,KM,
2652,350,111,112,7,8,KM,
2653,350,111,113,7,9,KM,
2654,350,111,114,7,10,KM,
2655,350,111,115,7,11,KM,
2656,350,111,116,7,12,KM,
2657,350,111,117,7,13,KM,
2658,350,111,123,7,14,KM,
2659,350,111,124,7,15,KM,
2660,350,111,125,7,16,KM,
2661,350,111,126,7,17,KM,
2662,350,111,127,7,18,KM,
2663,350,111,128,7,19,KM,
2664,350,111,129,7,20,KM,
2665,350,111,130,7,21,KM,
2666,350,112,113,8,9,KM,
2667,350,112,114,8,10,KM,
2668,350,112,115,8,11,KM,
2669,350,112,116,8,12,KM,
2670,350,112,117,8,13,KM,
2671,350,112,123,8,14,KM,
2672,350,112,124,8,15,KM,
2673,350,112,125,8,16,KM,
2674,350,112,126,8,17,KM,
2675,350,112,127,8,18,KM,
2676,350,112,128,8,19,KM,
2677,350,112,129,8,20,KM,
2678,350,112,130,8,21,KM,
2679,350,113,114,9,10,KM,
2680,350,113,115,9,11,KM,
2681,350,113,116,9,12,KM,
2682,350,113,117,9,13,KM,
2683,350,113,123,9,14,KM,
2684,350,113,124,9,15,KM,
2685,350,113,125,9,16,KM,
2686,350,113,126,9,17,KM,
2687,350,113,127,9,18,KM,
2688,350,113,128,9,19,KM,
2689,350,113,129,9,20,KM,
2690,350,113,130,9,21,KM,
2691,350,114,115,10,11,KM,
2692,350,114,116,10,12,KM,
2693,350,114,117,10,13,KM,
2694,350,114,123,10,14,KM,
2695,350,114,124,10,15,KM,
2696,350,114,125,10,16,KM,
2697,350,114,126,10,17,KM,
2698,350,114,127,10,18,KM,
2699,350,114,128,10,19,KM,
2700,350,114,129,10,20,KM,
2701,350,114,130,10,21,KM,
2702,350,115,116,11,12,KM,
2703,350,115,117,11,13,KM,
2704,350,115,123,11,14,KM,
2705,350,115,124,11,15,KM,
2706,350,115,125,11,16,KM,
2707,350,115,126,11,17,KM,
2708,350,115,127,11,18,KM,
2709,350,115,128,11,19,KM,
2710,350,115,129,11,20,KM,
2711,350,115,130,11,21,KM,
2712,350,116,117,12,13,KM,
2713,350,116,123,12,14,KM,
2714,350,116,124,12,15,KM,
2715,350,116,125,12,16,KM,
2716,350,116,126,12,17,KM,
2717,350,116,127,12,18,KM,
2718,350,116,128,12,19,KM,
2719,350,116,129,12,20,KM,
2720,350,116,130,12,21,KM,
2721,350,117,123,13,14,KM,
2722,350,117,124,13,15,KM,
2723,350,117,125,13,16,KM,
2724,350,117,126,13,17,KM,
2725,350,117,127,13,18,KM,
2726,350,117,128,13,19,KM,
2727,350,117,129,13,20,KM,
2728,350,117,130,13,21,KM,
2729,350,123,124,14,15,KM,
2730,350,123,125,14,16,KM,
2731,350,123,126,14,17,KM,
2732,350,123,127,14,18,KM,
2733,350,123,128,14,19,KM,
2734,350,123,129,14,20,KM,
2735,350,123,130,14,21,KM,
2736,350,124,125,15,16,KM,
2737,350,124,126,15,17,KM,
2738,350,124,127,15,18,KM,
2739,350,124,128,15,19,KM,
2740,350,124,129,15,20,KM,
2741,350,124,130,15,21,KM,
2742,350,125,126,16,17,KM,
2743,350,125,127,16,18,KM,
2744,350,125,128,16,19,KM,
2745,350,125,129,16,20,KM,
2746,350,125,130,16,21,KM,
2747,350,126,127,17,18,KM,
2748,350,126,128,17,19,KM,
2749,350,126,129,17,20,KM,
2750,350,126,130,17,21,KM,
2751,350,127,128,18,19,KM,
2752,350,127,129,18,20,KM,
2753,350,127,130,18,21,KM,
2754,350,128,129,19,20,KM,
2755,350,128,130,19,21,KM,
2756,350,129,130,20,21,KM,
2757,351,403,106,1,2,KM,
2758,351,403,107,1,3,KM,
2759,351,403,108,1,4,KM,
2760,351,403,109,1,5,KM,
2761,351,403,110,1,6,KM,
2762,351,403,111,1,7,KM,
2763,351,403,112,1,8,KM,
2764,351,403,113,1,9,KM,
2765,351,403,114,1,10,KM,
2766,351,403,115,1,11,KM,
2767,351,403,116,1,12,KM,
2768,351,403,117,1,13,KM,
2769,351,403,118,1,14,KM,
2770,351,403,119,1,15,KM,
2771,351,403,120,1,16,KM,
2772,351,403,121,1,17,KM,
2773,351,403,122,1,18,KM,
2774,351,106,107,2,3,KM,
2775,351,106,108,2,4,KM,
2776,351,106,109,2,5,KM,
2777,351,106,110,2,6,KM,
2778,351,106,111,2,7,KM,
2779,351,106,112,2,8,KM,
2780,351,106,113,2,9,KM,
2781,351,106,114,2,10,KM,
2782,351,106,115,2,11,KM,
2783,351,106,116,2,12,KM,
2784,351,106,117,2,13,KM,
2785,351,106,118,2,14,KM,
2786,351,106,119,2,15,KM,
2787,351,106,120,2,16,KM,
2788,351,106,121,2,17,KM,
2789,351,106,122,2,18,KM,
2790,351,107,108,3,4,KM,
2791,351,107,109,3,5,KM,
2792,351,107,110,3,6,KM,
2793,351,107,111,3,7,KM,
2794,351,107,112,3,8,KM,
2795,351,107,113,3,9,KM,
2796,351,107,114,3,10,KM,
2797,351,107,115,3,11,KM,
2798,351,107,116,3,12,KM,
2799,351,107,117,3,13,KM,
2800,351,107,118,3,14,KM,
2801,351,107,119,3,15,KM,
2802,351,107,120,3,16,KM,
2803,351,107,121,3,17,KM,
2804,351,107,122,3,18,KM,
2805,351,108,109,4,5,KM,
2806,351,108,110,4,6,KM,
2807,351,108,111,4,7,KM,
2808,351,108,112,4,8,KM,
2809,351,108,113,4,9,KM,
2810,351,108,114,4,10,KM,
2811,351,108,115,4,11,KM,
2812,351,108,116,4,12,KM,
2813,351,108,117,4,13,KM,
2814,351,108,118,4,14,KM,
2815,351,108,119,4,15,KM,
2816,351,108,120,4,16,KM,
2817,351,108,121,4,17,KM,
2818,351,108,122,4,18,KM,
2819,351,109,110,5,6,KM,
2820,351,109,111,5,7,KM,
2821,351,109,112,5,8,KM,
2822,351,109,113,5,9,KM,
2823,351,109,114,5,10,KM,
2824,351,109,115,5,11,KM,
2825,351,109,116,5,12,KM,
2826,351,109,117,5,13,KM,
2827,351,109,118,5,14,KM,
2828,351,109,119,5,15,KM,
2829,351,109,120,5,16,KM,
2830,351,109,121,5,17,KM,
2831,351,109,122,5,18,KM,
2832,351,110,111,6,7,KM,
2833,351,110,112,6,8,KM,
2834,351,110,113,6,9,KM,
2835,351,110,114,6,10,KM,
2836,351,110,115,6,11,KM,
2837,351,110,116,6,12,KM,
2838,351,110,117,6,13,KM,
2839,351,110,118,6,14,KM,
2840,351,110,119,6,15,KM,
2841,351,110,120,6,16,KM,
2842,351,110,121,6,17,KM,
2843,351,110,122,6,18,KM,
2844,351,111,112,7,8,KM,
2845,351,111,113,7,9,KM,
2846,351,111,114,7,10,KM,
2847,351,111,115,7,11,KM,
2848,351,111,116,7,12,KM,
2849,351,111,117,7,13,KM,
2850,351,111,118,7,14,KM,
2851,351,111,119,7,15,KM,
2852,351,111,120,7,16,KM,
2853,351,111,121,7,17,KM,
2854,351,111,122,7,18,KM,
2855,351,112,113,8,9,KM,
2856,351,112,114,8,10,KM,
2857,351,112,115,8,11,KM,
2858,351,112,116,8,12,KM,
2859,351,112,117,8,13,KM,
2860,351,112,118,8,14,KM,
2861,351,112,119,8,15,KM,
2862,351,112,120,8,16,KM,
2863,351,112,121,8,17,KM,
2864,351,112,122,8,18,KM,
2865,351,113,114,9,10,KM,
2866,351,113,115,9,11,KM,
2867,351,113,116,9,12,KM,
2868,351,113,117,9,13,KM,
2869,351,113,118,9,14,KM,
2870,351,113,119,9,15,KM,
2871,351,113,120,9,16,KM,
2872,351,113,121,9,17,KM,
2873,351,113,122,9,18,KM,
2874,351,114,115,10,11,KM,
2875,351,114,116,10,12,KM,
2876,351,114,117,10,13,KM,
2877,351,114,118,10,14,KM,
2878,351,114,119,10,15,KM,
2879,351,114,120,10,16,KM,
2880,351,114,121,10,17,KM,
2881,351,114,122,10,18,KM,
2882,351,115,116,11,12,KM,
2883,351,115,117,11,13,KM,
2884,351,115,118,11,14,KM,
2885,351,115,119,11,15,KM,
2886,351,115,120,11,16,KM,
2887,351,115,121,11,17,KM,
2888,351,115,122,11,18,KM,
2889,351,116,117,12,13,KM,
2890,351,116,118,12,14,KM,
2891,351,116,119,12,15,KM,
2892,351,116,120,12,16,KM,
2893,351,116,121,12,17,KM,
2894,351,116,122,12,18,KM,
2895,351,117,118,13,14,KM,
2896,351,117,119,13,15,KM,
2897,351,117,120,13,16,KM,
2898,351,117,121,13,17,KM,
2899,351,117,122,13,18,KM,
2900,351,118,119,14,15,KM,
2901,351,118,120,14,16,KM,
2902,351,118,121,14,17,KM,
2903,351,118,122,14,18,KM,
2904,351,119,120,15,16,KM,
2905,351,119,121,15,17,KM,
2906,351,119,122,15,18,KM,
2907,351,120,121,16,17,KM,
2908,351,120,122,16,18,KM,
2909,351,121,122,17,18,KM,
2910,360,403,2,1,2,KM,
2911,360,403,3,1,3,KM,
2912,360,403,4,1,4,KM,
2913,360,403,5,1,5,KM,
2914,360,403,6,1,6,KM,
2915,360,403,7,1,7,KM,
2916,360,403,8,1,8,KM,
2917,360,403,9,1,9,KM,
2918,360,403,10,1,10,KM,
2919,360,403,11,1,11,KM,
2920,360,403,12,1,12,KM,
2921,360,403,13,1,13,KM,
2922,360,403,14,1,14,KM,
2923,360,403,15,1,15,KM,
2924,360,403,16,1,16,KM,
2925,360,403,17,1,17,KM,
2926,360,403,18,1,18,KM,
2927,360,403,19,1,19,KM,
2928,360,403,20,1,20,KM,
2929,360,403,21,1,21,KM,
2930,360,403,22,1,22,KM,
2931,360,2,3,2,3,KM,
2932,360,2,4,2,4,KM,
2933,360,2,5,2,5,KM,
2934,360,2,6,2,6,KM,
2935,360,2,7,2,7,KM,
2936,360,2,8,2,8,KM,
2937,360,2,9,2,9,KM,
2938,360,2,10,2,10,KM,
2939,360,2,11,2,11,KM,
2940,360,2,12,2,12,KM,
2941,360,2,13,2,13,KM,
2942,360,2,14,2,14,KM,
2943,360,2,15,2,15,KM,
2944,360,2,16,2,16,KM,
2945,360,2,17,2,17,KM,
2946,360,2,18,2,18,KM,
2947,360,2,19,2,19,KM,
2948,360,2,20,2,20,KM,
2949,360,2,21,2,21,KM,
2950,360,2,22,2,22,KM,
2951,360,3,4,3,4,KM,
2952,360,3,5,3,5,KM,
2953,360,3,6,3,6,KM,
2954,360,3,7,3,7,KM,
2955,360,3,8,3,8,KM,
2956,360,3,9,3,9,KM,
2957,360,3,10,3,10,KM,
2958,360,3,11,3,11,KM,
2959,360,3,12,3,12,KM,
2960,360,3,13,3,13,KM,
2961,360,3,14,3,14,KM,
2962,360,3,15,3,15,KM,
2963,360,3,16,3,16,KM,
2964,360,3,17,3,17,KM,
2965,360,3,18,3,18,KM,
2966,360,3,19,3,19,KM,
2967,360,3,20,3,20,KM,
2968,360,3,21,3,21,KM,
2969,360,3,22,3,22,KM,
2970,360,4,5,4,5,KM,
2971,360,4,6,4,6,KM,
2972,360,4,7,4,7,KM,
2973,360,4,8,4,8,KM,
2974,360,4,9,4,9,KM,
2975,360,4,10,4,10,KM,
2976,360,4,11,4,11,KM,
2977,360,4,12,4,12,KM,
2978,360,4,13,4,13,KM,
2979,360,4,14,4,14,KM,
2980,360,4,15,4,15,KM,
2981,360,4,16,4,16,KM,
2982,360,4,17,4,17,KM,
2983,360,4,18,4,18,KM,
2984,360,4,19,4,19,KM,
2985,360,4,20,4,20,KM,
2986,360,4,21,4,21,KM,
2987,360,4,22,4,22,KM,
2988,360,5,6,5,6,KM,
2989,360,5,7,5,7,KM,
2990,360,5,8,5,8,KM,
2991,360,5,9,5,9,KM,
2992,360,5,10,5,10,KM,
2993,360,5,11,5,11,KM,
2994,360,5,12,5,12,KM,
2995,360,5,13,5,13,KM,
2996,360,5,14,5,14,KM,
2997,360,5,15,5,15,KM,
2998,360,5,16,5,16,KM,
2999,360,5,17,5,17,KM,
3000,360,5,18,5,18,KM,
3001,360,5,19,5,19,KM,
3002,360,5,20,5,20,KM,
3003,360,5,21,5,21,KM,
3004,360,5,22,5,22,KM,
3005,360,6,7,6,7,KM,
3006,360,6,8,6,8,KM,
3007,360,6,9,6,9,KM,
3008,360,6,10,6,10,KM,
3009,360,6,11,6,11,KM,
3010,360,6,12,6,12,KM,
3011,360,6,13,6,13,KM,
3012,360,6,14,6,14,KM,
3013,360,6,15,6,15,KM,
3014,360,6,16,6,16,KM,
3015,360,6,17,6,17,KM,
3016,360,6,18,6,18,KM,
3017,360,6,19,6,19,KM,
3018,360,6,20,6,20,KM,
3019,360,6,21,6,21,KM,
3020,360,6,22,6,22,KM,
3021,360,7,8,7,8,KM,
3022,360,7,9,7,9,KM,
3023,360,7,10,7,10,KM,
3024,360,7,11,7,11,KM,
3025,360,7,12,7,12,KM,
3026,360,7,13,7,13,KM,
3027,360,7,14,7,14,KM,
3028,360,7,15,7,15,KM,
3029,360,7,16,7,16,KM,
3030,360,7,17,7,17,KM,
3031,360,7,18,7,18,KM,
3032,360,7,19,7,19,KM,
3033,360,7,20,7,20,KM,
3034,360,7,21,7,21,KM,
3035,360,7,22,7,22,KM,
3036,360,8,9,8,9,KM,
3037,360,8,10,8,10,KM,
3038,360,8,11,8,11,KM,
3039,360,8,12,8,12,KM,
3040,360,8,13,8,13,KM,
3041,360,8,14,8,14,KM,
3042,360,8,15,8,15,KM,
3043,360,8,16,8,16,KM,
3044,360,8,17,8,17,KM,
3045,360,8,18,8,18,KM,
3046,360,8,19,8,19,KM,
3047,360,8,20,8,20,KM,
3048,360,8,21,8,21,KM,
3049,360,8,22,8,22,KM,
3050,360,9,10,9,10,KM,
3051,360,9,11,9,11,KM,
3052,360,9,12,9,12,KM,
3053,360,9,13,9,13,KM,
3054,360,9,14,9,14,KM,
3055,360,9,15,9,15,KM,
3056,360,9,16,9,16,KM,
3057,360,9,17,9,17,KM,
3058,360,9,18,9,18,KM,
3059,360,9,19,9,19,KM,
3060,360,9,20,9,20,KM,
3061,360,9,21,9,21,KM,
3062,360,9,22,9,22,KM,
3063,360,10,11,10,11,KM,
3064,360,10,12,10,12,KM,
3065,360,10,13,10,13,KM,
3066,360,10,14,10,14,KM,
3067,360,10,15,10,15,KM,
3068,360,10,16,10,16,KM,
3069,360,10,17,10,17,KM,
3070,360,10,18,10,18,KM,
3071,360,10,19,10,19,KM,
3072,360,10,20,10,20,KM,
3073,360,10,21,10,21,KM,
3074,360,10,22,10,22,KM,
3075,360,11,12,11,12,KM,
3076,360,11,13,11,13,KM,
3077,360,11,14,11,14,KM,
3078,360,11,15,11,15,KM,
3079,360,11,16,11,16,KM,
3080,360,11,17,11,17,KM,
3081,360,11,18,11,18,KM,
3082,360,11,19,11,19,KM,
3083,360,11,20,11,20,KM,
3084,360,11,21,11,21,KM,
3085,360,11,22,11,22,KM,
3086,360,12,13,12,13,KM,
3087,360,12,14,12,14,KM,
3088,360,12,15,12,15,KM,
3089,360,12,16,12,16,KM,
3090,360,12,17,12,17,KM,
3091,360,12,18,12,18,KM,
3092,360,12,19,12,19,KM,
3093,360,12,20,12,20,KM,
3094,360,12,21,12,21,KM,
3095,360,12,22,12,22,KM,
3096,360,13,14,13,14,KM,
3097,360,13,15,13,15,KM,
3098,360,13,16,13,16,KM,
3099,360,13,17,13,17,KM,
3100,360,13,18,13,18,KM,
3101,360,13,19,13,19,KM,
3102,360,13,20,13,20,KM,
3103,360,13,21,13,21,KM,
3104,360,13,22,13,22,KM,
3105,360,14,15,14,15,KM,
3106,360,14,16,14,16,KM,
3107,360,14,17,14,17,KM,
3108,360,14,18,14,18,KM,
3109,360,14,19,14,19,KM,
3110,360,14,20,14,20,KM,
3111,360,14,21,14,21,KM,
3112,360,14,22,14,22,KM,
3113,360,15,16,15,16,KM,
3114,360,15,17,15,17,KM,
3115,360,15,18,15,18,KM,
3116,360,15,19,15,19,KM,
3117,360,15,20,15,20,KM,
3118,360,15,21,15,21,KM,
3119,360,15,22,15,22,KM,
3120,360,16,17,16,17,KM,
3121,360,16,18,16,18,KM,
3122,360,16,19,16,19,KM,
3123,360,16,20,16,20,KM,
3124,360,16,21,16,21,KM,
3125,360,16,22,16,22,KM,
3126,360,17,18,17,18,KM,
3127,360,17,19,17,19,KM,
3128,360,17,20,17,20,KM,
3129,360,17,21,17,21,KM,
3130,360,17,22,17,22,KM,
3131,360,18,19,18,19,KM,
3132,360,18,20,18,20,KM,
3133,360,18,21,18,21,KM,
3134,360,18,22,18,22,KM,
3135,360,19,20,19,20,KM,
3136,360,19,21,19,21,KM,
3137,360,19,22,19,22,KM,
3138,360,20,21,20,21,KM,
3139,360,20,22,20,22,KM,
3140,360,21,22,21,22,KM,
3141,361,403,2,1,2,KM,
3142,361,403,3,1,3,KM,
3143,361,403,4,1,4,KM,
3144,361,403,5,1,5,KM,
3145,361,403,6,1,6,KM,
3146,361,403,7,1,7,KM,
3147,361,403,8,1,8,KM,
3148,361,403,227,1,9,KM,
3149,361,403,95,1,10,KM,
3150,361,403,74,1,11,KM,
3151,361,403,75,1,12,KM,
3152,361,403,76,1,13,KM,
3153,361,403,77,1,14,KM,
3154,361,403,78,1,15,KM,
3155,361,403,79,1,16,KM,
3156,361,403,80,1,17,KM,
3157,361,403,81,1,18,KM,
3158,361,403,82,1,19,KM,
3159,361,403,83,1,20,KM,
3160,361,403,84,1,21,KM,
3161,361,403,85,1,22,KM,
3162,361,2,3,2,3,KM,
3163,361,2,4,2,4,KM,
3164,361,2,5,2,5,KM,
3165,361,2,6,2,6,KM,
3166,361,2,7,2,7,KM,
3167,361,2,8,2,8,KM,
3168,361,2,227,2,9,KM,
3169,361,2,95,2,10,KM,
3170,361,2,74,2,11,KM,
3171,361,2,75,2,12,KM,
3172,361,2,76,2,13,KM,
3173,361,2,77,2,14,KM,
3174,361,2,78,2,15,KM,
3175,361,2,79,2,16,KM,
3176,361,2,80,2,17,KM,
3177,361,2,81,2,18,KM,
3178,361,2,82,2,19,KM,
3179,361,2,83,2,20,KM,
3180,361,2,84,2,21,KM,
3181,361,2,85,2,22,KM,
3182,361,3,4,3,4,KM,
3183,361,3,5,3,5,KM,
3184,361,3,6,3,6,KM,
3185,361,3,7,3,7,KM,
3186,361,3,8,3,8,KM,
3187,361,3,227,3,9,KM,
3188,361,3,95,3,10,KM,
3189,361,3,74,3,11,KM,
3190,361,3,75,3,12,KM,
3191,361,3,76,3,13,KM,
3192,361,3,77,3,14,KM,
3193,361,3,78,3,15,KM,
3194,361,3,79,3,16,KM,
3195,361,3,80,3,17,KM,
3196,361,3,81,3,18,KM,
3197,361,3,82,3,19,KM,
3198,361,3,83,3,20,KM,
3199,361,3,84,3,21,KM,
3200,361,3,85,3,22,KM,
3201,361,4,5,4,5,KM,
3202,361,4,6,4,6,KM,
3203,361,4,7,4,7,KM,
3204,361,4,8,4,8,KM,
3205,361,4,227,4,9,KM,
3206,361,4,95,4,10,KM,
3207,361,4,74,4,11,KM,
3208,361,4,75,4,12,KM,
3209,361,4,76,4,13,KM,
3210,361,4,77,4,14,KM,
3211,361,4,78,4,15,KM,
3212,361,4,79,4,16,KM,
3213,361,4,80,4,17,KM,
3214,361,4,81,4,18,KM,
3215,361,4,82,4,19,KM,
3216,361,4,83,4,20,KM,
3217,361,4,84,4,21,KM,
3218,361,4,85,4,22,KM,
3219,361,5,6,5,6,KM,
3220,361,5,7,5,7,KM,
3221,361,5,8,5,8,KM,
3222,361,5,227,5,9,KM,
3223,361,5,95,5,10,KM,
3224,361,5,74,5,11,KM,
3225,361,5,75,5,12,KM,
3226,361,5,76,5,13,KM,
3227,361,5,77,5,14,KM,
3228,361,5,78,5,15,KM,
3229,361,5,79,5,16,KM,
3230,361,5,80,5,17,KM,
3231,361,5,81,5,18,KM,
3232,361,5,82,5,19,KM,
3233,361,5,83,5,20,KM,
3234,361,5,84,5,21,KM,
3235,361,5,85,5,22,KM,
3236,361,6,7,6,7,KM,
3237,361,6,8,6,8,KM,
3238,361,6,227,6,9,KM,
3239,361,6,95,6,10,KM,
3240,361,6,74,6,11,KM,
3241,361,6,75,6,12,KM,
3242,361,6,76,6,13,KM,
3243,361,6,77,6,14,KM,
3244,361,6,78,6,15,KM,
3245,361,6,79,6,16,KM,
3246,361,6,80,6,17,KM,
3247,361,6,81,6,18,KM,
3248,361,6,82,6,19,KM,
3249,361,6,83,6,20,KM,
3250,361,6,84,6,21,KM,
3251,361,6,85,6,22,KM,
3252,361,7,8,7,8,KM,
3253,361,7,227,7,9,KM,
3254,361,7,95,7,10,KM,
3255,361,7,74,7,11,KM,
3256,361,7,75,7,12,KM,
3257,361,7,76,7,13,KM,
3258,361,7,77,7,14,KM,
3259,361,7,78,7,15,KM,
3260,361,7,79,7,16,KM,
3261,361,7,80,7,17,KM,
3262,361,7,81,7,18,KM,
3263,361,7,82,7,19,KM,
3264,361,7,83,7,20,KM,
3265,361,7,84,7,21,KM,
3266,361,7,85,7,22,KM,
3267,361,8,227,8,9,KM,
3268,361,8,95,8,10,KM,
3269,361,8,74,8,11,KM,
3270,361,8,75,8,12,KM,
3271,361,8,76,8,13,KM,
3272,361,8,77,8,14,KM,
3273,361,8,78,8,15,KM,
3274,361,8,79,8,16,KM,
3275,361,8,80,8,17,KM,
3276,361,8,81,8,18,KM,
3277,361,8,82,8,19,KM,
3278,361,8,83,8,20,KM,
3279,361,8,84,8,21,KM,
3280,361,8,85,8,22,KM,
3281,361,227,95,9,10,KM,
3282,361,227,74,9,11,KM,
3283,361,227,75,9,12,KM,
3284,361,227,76,9,13,KM,
3285,361,227,77,9,14,KM,
3286,361,227,78,9,15,KM,
3287,361,227,79,9,16,KM,
3288,361,227,80,9,17,KM,
3289,361,227,81,9,18,KM,
3290,361,227,82,9,19,KM,
3291,361,227,83,9,20,KM,
3292,361,227,84,9,21,KM,
3293,361,227,85,9,22,KM,
3294,361,95,74,10,11,KM,
3295,361,95,75,10,12,KM,
3296,361,95,76,10,13,KM,
3297,361,95,77,10,14,KM,
3298,361,95,78,10,15,KM,
3299,361,95,79,10,16,KM,
3300,361,95,80,10,17,KM,
3301,361,95,81,10,18,KM,
3302,361,95,82,10,19,KM,
3303,361,95,83,10,20,KM,
3304,361,95,84,10,21,KM,
3305,361,95,85,10,22,KM,
3306,361,74,75,11,12,KM,
3307,361,74,76,11,13,KM,
3308,361,74,77,11,14,KM,
3309,361,74,78,11,15,KM,
3310,361,74,79,11,16,KM,
3311,361,74,80,11,17,KM,
3312,361,74,81,11,18,KM,
3313,361,74,82,11,19,KM,
3314,361,74,83,11,20,KM,
3315,361,74,84,11,21,KM,
3316,361,74,85,11,22,KM,
3317,361,75,76,12,13,KM,
3318,361,75,77,12,14,KM,
3319,361,75,78,12,15,KM,
3320,361,75,79,12,16,KM,
3321,361,75,80,12,17,KM,
3322,361,75,81,12,18,KM,
3323,361,75,82,12,19,KM,
3324,361,75,83,12,20,KM,
3325,361,75,84,12,21,KM,
3326,361,75,85,12,22,KM,
3327,361,76,77,13,14,KM,
3328,361,76,78,13,15,KM,
3329,361,76,79,13,16,KM,
3330,361,76,80,13,17,KM,
3331,361,76,81,13,18,KM,
3332,361,76,82,13,19,KM,
3333,361,76,83,13,20,KM,
3334,361,76,84,13,21,KM,
3335,361,76,85,13,22,KM,
3336,361,77,78,14,15,KM,
3337,361,77,79,14,16,KM,
3338,361,77,80,14,17,KM,
3339,361,77,81,14,18,KM,
3340,361,77,82,14,19,KM,
3341,361,77,83,14,20,KM,
3342,361,77,84,14,21,KM,
3343,361,77,85,14,22,KM,
3344,361,78,79,15,16,KM,
3345,361,78,80,15,17,KM,
3346,361,78,81,15,18,KM,
3347,361,78,82,15,19,KM,
3348,361,78,83,15,20,KM,
3349,361,78,84,15,21,KM,
3350,361,78,85,15,22,KM,
3351,361,79,80,16,17,KM,
3352,361,79,81,16,18,KM,
3353,361,79,82,16,19,KM,
3354,361,79,83,16,20,KM,
3355,361,79,84,16,21,KM,
3356,361,79,85,16,22,KM,
3357,361,80,81,17,18,KM,
3358,361,80,82,17,19,KM,
3359,361,80,83,17,20,KM,
3360,361,80,84,17,21,KM,
3361,361,80,85,17,22,KM,
3362,361,81,82,18,19,KM,
3363,361,81,83,18,20,KM,
3364,361,81,84,18,21,KM,
3365,361,81,85,18,22,KM,
3366,361,82,83,19,20,KM,
3367,361,82,84,19,21,KM,
3368,361,82,85,19,22,KM,
3369,361,83,84,20,21,KM,
3370,361,83,85,20,22,KM,
3371,361,84,85,21,22,KM,
3372,400,391,2,1,2,KM,
3373,400,391,3,1,3,KM,
3374,400,391,4,1,4,KM,
3375,400,391,5,1,5,KM,
3376,400,391,6,1,6,KM,
3377,400,391,7,1,7,KM,
3378,400,391,8,1,8,KM,
3379,400,2,3,2,3,KM,
3380,400,2,4,2,4,KM,
3381,400,2,5,2,5,KM,
3382,400,2,6,2,6,KM,
3383,400,2,7,2,7,KM,
3384,400,2,8,2,8,KM,
3385,400,3,4,3,4,KM,
3386,400,3,5,3,5,KM,
3387,400,3,6,3,6,KM,
3388,400,3,7,3,7,KM,
3389,400,3,8,3,8,KM,
3390,400,4,5,4,5,KM,
3391,400,4,6,4,6,KM,
3392,400,4,7,4,7,KM,
3393,400,4,8,4,8,KM,
3394,400,5,6,5,6,KM,
3395,400,5,7,5,7,KM,
3396,400,5,8,5,8,KM,
3397,400,6,7,6,7,KM,
3398,400,6,8,6,8,KM,
3399,400,7,8,7,8,KM,
3400,409,391,2,1,2,KM,
3401,409,391,3,1,3,KM,
3402,409,391,4,1,4,KM,
3403,409,391,5,1,5,KM,
3404,409,391,6,1,6,KM,
3405,409,2,3,2,3,KM,
3406,409,2,4,2,4,KM,
3407,409,2,5,2,5,KM,
3408,409,2,6,2,6,KM,
3409,409,3,4,3,4,KM,
3410,409,3,5,3,5,KM,
3411,409,3,6,3,6,KM,
3412,409,4,5,4,5,KM,
3413,409,4,6,4,6,KM,
3414,409,5,6,5,6,KM,
3415,429,8,7,1,2,KM,
3416,429,8,6,1,3,KM,
3417,429,7,6,2,3,KM,
3418,430,391,2,1,2,KM,
3419,430,391,3,1,3,KM,
3420,430,391,4,1,4,KM,
3421,430,391,574,1,5,KM,
3422,430,391,53,1,6,KM,
3423,430,391,54,1,7,KM,
3424,430,391,55,1,8,KM,
3425,430,391,56,1,9,KM,
3426,430,391,63,1,10,KM,
3427,430,2,3,2,3,KM,
3428,430,2,4,2,4,KM,
3429,430,2,574,2,5,KM,
3430,430,2,53,2,6,KM,
3431,430,2,54,2,7,KM,
3432,430,2,55,2,8,KM,
3433,430,2,56,2,9,KM,
3434,430,2,63,2,10,KM,
3435,430,3,4,3,4,KM,
3436,430,3,574,3,5,KM,
3437,430,3,53,3,6,KM,
3438,430,3,54,3,7,KM,
3439,430,3,55,3,8,KM,
3440,430,3,56,3,9,KM,
3441,430,3,63,3,10,KM,
3442,430,4,574,4,5,KM,
3443,430,4,53,4,6,KM,
3444,430,4,54,4,7,KM,
3445,430,4,55,4,8,KM,
3446,430,4,56,4,9,KM,
3447,430,4,63,4,10,KM,
3448,430,574,53,5,6,KM,
3449,430,574,54,5,7,KM,
3450,430,574,55,5,8,KM,
3451,430,574,56,5,9,KM,
3452,430,574,63,5,10,KM,
3453,430,53,54,6,7,KM,
3454,430,53,55,6,8,KM,
3455,430,53,56,6,9,KM,
3456,430,53,63,6,10,KM,
3457,430,54,55,7,8,KM,
3458,430,54,56,7,9,KM,
3459,430,54,63,7,10,KM,
3460,430,55,56,8,9,KM,
3461,430,55,63,8,10,KM,
3462,430,56,63,9,10,KM,
3463,445,63,56,1,2,KM,
3464,450,403,886,1,2,KM,
3465,450,403,108,1,3,KM,
3466,450,403,109,1,4,KM,
3467,450,403,110,1,5,KM,
3468,450,403,111,1,6,KM,
3469,450,403,112,1,7,KM,
3470,450,403,303,1,8,KM,
3471,450,403,490,1,9,KM,
3472,450,403,114,1,10,KM,
3473,450,403,115,1,11,KM,
3474,450,886,108,2,3,KM,
3475,450,886,109,2,4,KM,
3476,450,886,110,2,5,KM,
3477,450,886,111,2,6,KM,
3478,450,886,112,2,7,KM,
3479,450,886,303,2,8,KM,
3480,450,886,490,2,9,KM,
3481,450,886,114,2,10,KM,
3482,450,886,115,2,11,KM,
3483,450,108,109,3,4,KM,
3484,450,108,110,3,5,KM,
3485,450,108,111,3,6,KM,
3486,450,108,112,3,7,KM,
3487,450,108,303,3,8,KM,
3488,450,108,490,3,9,KM,
3489,450,108,114,3,10,KM,
3490,450,108,115,3,11,KM,
3491,450,109,110,4,5,KM,
3492,450,109,111,4,6,KM,
3493,450,109,112,4,7,KM,
3494,450,109,303,4,8,KM,
3495,450,109,490,4,9,KM,
3496,450,109,114,4,10,KM,
3497,450,109,115,4,11,KM,
3498,450,110,111,5,6,KM,
3499,450,110,112,5,7,KM,
3500,450,110,303,5,8,KM,
3501,450,110,490,5,9,KM,
3502,450,110,114,5,10,KM,
3503,450,110,115,5,11,KM,
3504,450,111,112,6,7,KM,
3505,450,111,303,6,8,KM,
3506,450,111,490,6,9,KM,
3507,450,111,114,6,10,KM,
3508,450,111,115,6,11,KM,
3509,450,112,303,7,8,KM,
3510,450,112,490,7,9,KM,
3511,450,112,114,7,10,KM,
3512,450,112,115,7,11,KM,
3513,450,303,490,8,9,KM,
3514,450,303,114,8,10,KM,
3515,450,303,115,8,11,KM,
3516,450,490,114,9,10,KM,
3517,450,490,115,9,11,KM,
3518,450,114,115,10,11,KM,
3519,455,56,55,1,2,KM,
3520,455,56,54,1,3,KM,
3521,455,55,54,2,3,KM,
3522,460,403,106,1,2,KM,
3523,460,403,185,1,3,KM,
3524,460,403,186,1,4,KM,
3525,460,403,187,1,5,KM,
3526,460,403,188,1,6,KM,
3527,460,403,189,1,7,KM,
3528,460,403,475,1,8,KM,
3529,460,403,192,1,9,KM,
3530,460,106,185,2,3,KM,
3531,460,106,186,2,4,KM,
3532,460,106,187,2,5,KM,
3533,460,106,188,2,6,KM,
3534,460,106,189,2,7,KM,
3535,460,106,475,2,8,KM,
3536,460,106,192,2,9,KM,
3537,460,185,186,3,4,KM,
3538,460,185,187,3,5,KM,
3539,460,185,188,3,6,KM,
3540,460,185,189,3,7,KM,
3541,460,185,475,3,8,KM,
3542,460,185,192,3,9,KM,
3543,460,186,187,4,5,KM,
3544,460,186,188,4,6,KM,
3545,460,186,189,4,7,KM,
3546,460,186,475,4,8,KM,
3547,460,186,192,4,9,KM,
3548,460,187,188,5,6,KM,
3549,460,187,189,5,7,KM,
3550,460,187,475,5,8,KM,
3551,460,187,192,5,9,KM,
3552,460,188,189,6,7,KM,
3553,460,188,475,6,8,KM,
3554,460,188,192,6,9,KM,
3555,460,189,475,7,8,KM,
3556,460,189,192,7,9,KM,
3557,460,475,192,8,9,KM,
3558,502,403,886,1,2,KM,
3559,502,403,108,1,3,KM,
3560,502,403,109,1,4,KM,
3561,502,403,110,1,5,KM,
3562,502,403,111,1,6,KM,
3563,502,403,112,1,7,KM,
3564,502,403,303,1,8,KM,
3565,502,886,108,2,3,KM,
3566,502,886,109,2,4,KM,
3567,502,886,110,2,5,KM,
3568,502,886,111,2,6,KM,
3569,502,886,112,2,7,KM,
3570,502,886,303,2,8,KM,
3571,502,108,109,3,4,KM,
3572,502,108,110,3,5,KM,
3573,502,108,111,3,6,KM,
3574,502,108,112,3,7,KM,
3575,502,108,303,3,8,KM,
3576,502,109,110,4,5,KM,
3577,502,109,111,4,6,KM,
3578,502,109,112,4,7,KM,
3579,502,109,303,4,8,KM,
3580,502,110,111,5,6,KM,
3581,502,110,112,5,7,KM,
3582,502,110,303,5,8,KM,
3583,502,111,112,6,7,KM,
3584,502,111,303,6,8,KM,
3585,502,112,303,7,8,KM,
3586,512,959,868,1,2,KM,
3587,512,959,869,1,3,KM,
3588,512,959,249,1,4,KM,
3589,512,959,250,1,5,KM,
3590,512,868,869,2,3,KM,
3591,512,868,249,2,4,KM,
3592,512,868,250,2,5,KM,
3593,512,869,249,3,4,KM,
3594,512,869,250,3,5,KM,
3595,512,249,250,4,5,KM,
3596,514,403,247,1,2,KM,
3597,514,403,248,1,3,KM,
3598,514,403,249,1,4,KM,
3599,514,247,248,2,3,KM,
3600,514,247,249,2,4,KM,
3601,514,248,249,3,4,KM,
3602,515,391,841,1,2,KM,
3603,515,391,842,1,3,KM,
3604,515,391,250,1,4,KM,
3605,515,391,827,1,5,KM,
3606,515,391,896,1,6,KM,
3607,515,841,842,2,3,KM,
3608,515,841,250,2,4,KM,
3609,515,841,827,2,5,KM,
3610,515,841,896,2,6,KM,
3611,515,842,250,3,4,KM,
3612,515,842,827,3,5,KM,
3613,515,842,896,3,6,KM,
3614,515,250,827,4,5,KM,
3615,515,250,896,4,6,KM,
3616,515,827,896,5,6,KM,
3617,516,391,2,1,2,KM,
3618,516,391,3,1,3,KM,
3619,516,391,4,1,4,KM,
3620,516,391,47,1,5,KM,
3621,516,391,48,1,6,KM,
3622,516,391,144,1,7,KM,
3623,516,2,3,2,3,KM,
3624,516,2,4,2,4,KM,
3625,516,2,47,2,5,KM,
3626,516,2,48,2,6,KM,
3627,516,2,144,2,7,KM,
3628,516,3,4,3,4,KM,
3629,516,3,47,3,5,KM,
3630,516,3,48,3,6,KM,
3631,516,3,144,3,7,KM,
3632,516,4,47,4,5,KM,
3633,516,4,48,4,6,KM,
3634,516,4,144,4,7,KM,
3635,516,47,48,5,6,KM,
3636,516,47,144,5,7,KM,
3637,516,48,144,6,7,KM,
3638,517,391,2,1,2,KM,
3639,517,391,3,1,3,KM,
3640,517,391,42,1,4,KM,
3641,517,391,569,1,5,KM,
3642,517,2,3,2,3,KM,
3643,517,2,42,2,4,KM,
3644,517,2,569,2,5,KM,
3645,517,3,42,3,4,KM,
3646,517,3,569,3,5,KM,
3647,517,42,569,4,5,KM,
3648,518,422,106,1,2,KM,
3649,518,422,107,1,3,KM,
3650,518,422,108,1,4,KM,
3651,518,106,107,2,3,KM,
3652,518,106,108,2,4,KM,
3653,518,107,108,3,4,KM,
3654,520,391,2,1,2,KM,
3655,520,391,3,1,3,KM,
3656,520,391,4,1,4,KM,
3657,520,391,5,1,5,KM,
3658,520,391,53,1,6,KM,
3659,520,391,54,1,7,KM,
3660,520,391,55,1,8,KM,
3661,520,2,3,2,3,KM,
3662,520,2,4,2,4,KM,
3663,520,2,5,2,5,KM,
3664,520,2,53,2,6,KM,
3665,520,2,54,2,7,KM,
3666,520,2,55,2,8,KM,
3667,520,3,4,3,4,KM,
3668,520,3,5,3,5,KM,
3669,520,3,53,3,6,KM,
3670,520,3,54,3,7,KM,
3671,520,3,55,3,8,KM,
3672,520,4,5,4,5,KM,
3673,520,4,53,4,6,KM,
3674,520,4,54,4,7,KM,
3675,520,4,55,4,8,KM,
3676,520,5,53,5,6,KM,
3677,520,5,54,5,7,KM,
3678,520,5,55,5,8,KM,
3679,520,53,54,6,7,KM,
3680,520,53,55,6,8,KM,
3681,520,54,55,7,8,KM,
3682,521,391,2,1,2,KM,
3683,521,391,3,1,3,KM,
3684,521,391,42,1,4,KM,
3685,521,391,43,1,5,KM,
3686,521,391,44,1,6,KM,
3687,521,391,861,1,7,KM,
3688,521,2,3,2,3,KM,
3689,521,2,42,2,4,KM,
3690,521,2,43,2,5,KM,
3691,521,2,44,2,6,KM,
3692,521,2,861,2,7,KM,
3693,521,3,42,3,4,KM,
3694,521,3,43,3,5,KM,
3695,521,3,44,3,6,KM,
3696,521,3,861,3,7,KM,
3697,521,42,43,4,5,KM,
3698,521,42,44,4,6,KM,
3699,521,42,861,4,7,KM,
3700,521,43,44,5,6,KM,
3701,521,43,861,5,7,KM,
3702,521,44,861,6,7,KM,
3703,522,959,108,1,2,KM,
3704,522,959,44,1,3,KM,
3705,522,959,444,1,4,KM,
3706,522,959,365,1,5,KM,
3707,522,959,52,1,6,KM,
3708,522,959,51,1,7,KM,
3709,522,959,50,1,8,KM,
3710,522,959,49,1,10,KM,
3711,522,959,48,1,11,KM,
3712,522,959,47,1,12,KM,
3713,522,959,4,1,13,KM,
3714,522,959,3,1,14,KM,
3715,522,959,2,1,15,KM,
3716,522,959,391,1,16,KM,
3717,522,108,44,2,3,KM,
3718,522,108,444,2,4,KM,
3719,522,108,365,2,5,KM,
3720,522,108,52,2,6,KM,
3721,522,108,51,2,7,KM,
3722,522,108,50,2,8,KM,
3723,522,108,49,2,10,KM,
3724,522,108,48,2,11,KM,
3725,522,108,47,2,12,KM,
3726,522,108,4,2,13,KM,
3727,522,108,3,2,14,KM,
3728,522,108,2,2,15,KM,
3729,522,108,391,2,16,KM,
3730,522,44,444,3,4,KM,
3731,522,44,365,3,5,KM,
3732,522,44,52,3,6,KM,
3733,522,44,51,3,7,KM,
3734,522,44,50,3,8,KM,
3735,522,44,49,3,10,KM,
3736,522,44,48,3,11,KM,
3737,522,44,47,3,12,KM,
3738,522,44,4,3,13,KM,
3739,522,44,3,3,14,KM,
3740,522,44,2,3,15,KM,
3741,522,44,391,3,16,KM,
3742,522,444,365,4,5,KM,
3743,522,444,52,4,6,KM,
3744,522,444,51,4,7,KM,
3745,522,444,50,4,8,KM,
3746,522,444,49,4,10,KM,
3747,522,444,48,4,11,KM,
3748,522,444,47,4,12,KM,
3749,522,444,4,4,13,KM,
3750,522,444,3,4,14,KM,
3751,522,444,2,4,15,KM,
3752,522,444,391,4,16,KM,
3753,522,365,52,5,6,KM,
3754,522,365,51,5,7,KM,
3755,522,365,50,5,8,KM,
3756,522,365,49,5,10,KM,
3757,522,365,48,5,11,KM,
3758,522,365,47,5,12,KM,
3759,522,365,4,5,13,KM,
3760,522,365,3,5,14,KM,
3761,522,365,2,5,15,KM,
3762,522,365,391,5,16,KM,
3763,522,52,51,6,7,KM,
3764,522,52,50,6,8,KM,
3765,522,52,49,6,10,KM,
3766,522,52,48,6,11,KM,
3767,522,52,47,6,12,KM,
3768,522,52,4,6,13,KM,
3769,522,52,3,6,14,KM,
3770,522,52,2,6,15,KM,
3771,522,52,391,6,16,KM,
3772,522,51,50,7,8,KM,
3773,522,51,49,7,10,KM,
3774,522,51,48,7,11,KM,
3775,522,51,47,7,12,KM,
3776,522,51,4,7,13,KM,
3777,522,51,3,7,14,KM,
3778,522,51,2,7,15,KM,
3779,522,51,391,7,16,KM,
3780,522,50,49,8,10,KM,
3781,522,50,48,8,11,KM,
3782,522,50,47,8,12,KM,
3783,522,50,4,8,13,KM,
3784,522,50,3,8,14,KM,
3785,522,50,2,8,15,KM,
3786,522,50,391,8,16,KM,
3787,522,49,48,10,11,KM,
3788,522,49,47,10,12,KM,
3789,522,49,4,10,13,KM,
3790,522,49,3,10,14,KM,
3791,522,49,2,10,15,KM,
3792,522,49,391,10,16,KM,
3793,522,48,47,11,12,KM,
3794,522,48,4,11,13,KM,
3795,522,48,3,11,14,KM,
3796,522,48,2,11,15,KM,
3797,522,48,391,11,16,KM,
3798,522,47,4,12,13,KM,
3799,522,47,3,12,14,KM,
3800,522,47,2,12,15,KM,
3801,522,47,391,12,16,KM,
3802,522,4,3,13,14,KM,
3803,522,4,2,13,15,KM,
3804,522,4,391,13,16,KM,
3805,522,3,2,14,15,KM,
3806,522,3,391,14,16,KM,
3807,522,2,391,15,16,KM,
3808,525,391,2,1,2,KM,
3809,525,391,3,1,3,KM,
3810,525,391,42,1,4,KM,
3811,525,391,602,1,5,KM,
3812,525,391,891,1,6,KM,
3813,525,2,3,2,3,KM,
3814,525,2,42,2,4,KM,
3815,525,2,602,2,5,KM,
3816,525,2,891,2,6,KM,
3817,525,3,42,3,4,KM,
3818,525,3,602,3,5,KM,
3819,525,3,891,3,6,KM,
3820,525,42,602,4,5,KM,
3821,525,42,891,4,6,KM,
3822,525,602,891,5,6,KM,
3823,526,959,408,1,2,KM,
3824,526,959,329,1,3,KM,
3825,526,959,526,1,4,KM,
3826,526,959,702,1,5,KM,
3827,526,959,600,1,6,KM,
3828,526,959,375,1,7,KM,
3829,526,959,432,1,8,KM,
3830,526,408,329,2,3,KM,
3831,526,408,526,2,4,KM,
3832,526,408,702,2,5,KM,
3833,526,408,600,2,6,KM,
3834,526,408,375,2,7,KM,
3835,526,408,432,2,8,KM,
3836,526,329,526,3,4,KM,
3837,526,329,702,3,5,KM,
3838,526,329,600,3,6,KM,
3839,526,329,375,3,7,KM,
3840,526,329,432,3,8,KM,
3841,526,526,702,4,5,KM,
3842,526,526,600,4,6,KM,
3843,526,526,375,4,7,KM,
3844,526,526,432,4,8,KM,
3845,526,702,600,5,6,KM,
3846,526,702,375,5,7,KM,
3847,526,702,432,5,8,KM,
3848,526,600,375,6,7,KM,
3849,526,600,432,6,8,KM,
3850,526,375,432,7,8,KM,
3851,550,403,2,1,2,KM,
3852,550,403,3,1,3,KM,
3853,550,403,4,1,4,KM,
3854,550,403,5,1,5,KM,
3855,550,403,6,1,6,KM,
3856,550,403,7,1,7,KM,
3857,550,403,8,1,8,KM,
3858,550,403,227,1,9,KM,
3859,550,403,95,1,10,KM,
3860,550,403,74,1,11,KM,
3861,550,403,75,1,12,KM,
3862,550,403,76,1,13,KM,
3863,550,2,3,2,3,KM,
3864,550,2,4,2,4,KM,
3865,550,2,5,2,5,KM,
3866,550,2,6,2,6,KM,
3867,550,2,7,2,7,KM,
3868,550,2,8,2,8,KM,
3869,550,2,227,2,9,KM,
3870,550,2,95,2,10,KM,
3871,550,2,74,2,11,KM,
3872,550,2,75,2,12,KM,
3873,550,2,76,2,13,KM,
3874,550,3,4,3,4,KM,
3875,550,3,5,3,5,KM,
3876,550,3,6,3,6,KM,
3877,550,3,7,3,7,KM,
3878,550,3,8,3,8,KM,
3879,550,3,227,3,9,KM,
3880,550,3,95,3,10,KM,
3881,550,3,74,3,11,KM,
3882,550,3,75,3,12,KM,
3883,550,3,76,3,13,KM,
3884,550,4,5,4,5,KM,
3885,550,4,6,4,6,KM,
3886,550,4,7,4,7,KM,
3887,550,4,8,4,8,KM,
3888,550,4,227,4,9,KM,
3889,550,4,95,4,10,KM,
3890,550,4,74,4,11,KM,
3891,550,4,75,4,12,KM,
3892,550,4,76,4,13,KM,
3893,550,5,6,5,6,KM,
3894,550,5,7,5,7,KM,
3895,550,5,8,5,8,KM,
3896,550,5,227,5,9,KM,
3897,550,5,95,5,10,KM,
3898,550,5,74,5,11,KM,
3899,550,5,75,5,12,KM,
3900,550,5,76,5,13,KM,
3901,550,6,7,6,7,KM,
3902,550,6,8,6,8,KM,
3903,550,6,227,6,9,KM,
3904,550,6,95,6,10,KM,
3905,550,6,74,6,11,KM,
3906,550,6,75,6,12,KM,
3907,550,6,76,6,13,KM,
3908,550,7,8,7,8,KM,
3909,550,7,227,7,9,KM,
3910,550,7,95,7,10,KM,
3911,550,7,74,7,11,KM,
3912,550,7,75,7,12,KM,
3913,550,7,76,7,13,KM,
3914,550,8,227,8,9,KM,
3915,550,8,95,8,10,KM,
3916,550,8,74,8,11,KM,
3917,550,8,75,8,12,KM,
3918,550,8,76,8,13,KM,
3919,550,227,95,9,10,KM,
3920,550,227,74,9,11,KM,
3921,550,227,75,9,12,KM,
3922,550,227,76,9,13,KM,
3923,550,95,74,10,11,KM,
3924,550,95,75,10,12,KM,
3925,550,95,76,10,13,KM,
3926,550,74,75,11,12,KM,
3927,550,74,76,11,13,KM,
3928,550,75,76,12,13,KM,
3929,58,403,106,1,2,KM,
3930,679,403,106,1,2,KM,
3931,679,403,192,1,3,KM,
3932,679,403,204,1,4,KM,
3933,679,403,211,1,5,KM,
3934,679,403,215,1,6,KM,
3935,679,403,219,1,7,KM,
3936,679,403,220,1,8,KM,
3937,679,403,222,1,9,KM,
3938,679,403,223,1,10,KM,
3939,679,403,224,1,11,KM,
3940,679,106,192,2,3,KM,
3941,679,106,204,2,4,KM,
3942,679,106,211,2,5,KM,
3943,679,106,215,2,6,KM,
3944,679,106,219,2,7,KM,
3945,679,106,220,2,8,KM,
3946,679,106,222,2,9,KM,
3947,679,106,223,2,10,KM,
3948,679,106,224,2,11,KM,
3949,679,192,204,3,4,KM,
3950,679,192,211,3,5,KM,
3951,679,192,215,3,6,KM,
3952,679,192,219,3,7,KM,
3953,679,192,220,3,8,KM,
3954,679,192,222,3,9,KM,
3955,679,192,223,3,10,KM,
3956,679,192,224,3,11,KM,
3957,679,204,211,4,5,KM,
3958,679,204,215,4,6,KM,
3959,679,204,219,4,7,KM,
3960,679,204,220,4,8,KM,
3961,679,204,222,4,9,KM,
3962,679,204,223,4,10,KM,
3963,679,204,224,4,11,KM,
3964,679,211,215,5,6,KM,
3965,679,211,219,5,7,KM,
3966,679,211,220,5,8,KM,
3967,679,211,222,5,9,KM,
3968,679,211,223,5,10,KM,
3969,679,211,224,5,11,KM,
3970,679,215,219,6,7,KM,
3971,679,215,220,6,8,KM,
3972,679,215,222,6,9,KM,
3973,679,215,223,6,10,KM,
3974,679,215,224,6,11,KM,
3975,679,219,220,7,8,KM,
3976,679,219,222,7,9,KM,
3977,679,219,223,7,10,KM,
3978,679,219,224,7,11,KM,
3979,679,220,222,8,9,KM,
3980,679,220,223,8,10,KM,
3981,679,220,224,8,11,KM,
3982,679,222,223,9,10,KM,
3983,679,222,224,9,11,KM,
3984,679,223,224,10,11,KM,
3985,683,403,106,1,2,KM,
3986,683,403,107,1,3,KM,
3987,683,403,108,1,4,KM,
3988,683,106,107,2,3,KM,
3989,683,106,108,2,4,KM,
3990,683,107,108,3,4,KM,
3991,711,403,868,1,2,KM,
3992,711,403,869,1,3,KM,
3993,711,403,249,1,4,KM,
3994,711,403,251,1,5,KM,
3995,711,403,252,1,6,KM,
3996,711,403,253,1,7,KM,
3997,711,403,565,1,8,KM,
3998,711,403,259,1,9,KM,
3999,711,868,869,2,3,KM,
4000,711,868,249,2,4,KM,
4001,711,868,251,2,5,KM,
4002,711,868,252,2,6,KM,
4003,711,868,253,2,7,KM,
4004,711,868,565,2,8,KM,
4005,711,868,259,2,9,KM,
4006,711,869,249,3,4,KM,
4007,711,869,251,3,5,KM,
4008,711,869,252,3,6,KM,
4009,711,869,253,3,7,KM,
4010,711,869,565,3,8,KM,
4011,711,869,259,3,9,KM,
4012,711,249,251,4,5,KM,
4013,711,249,252,4,6,KM,
4014,711,249,253,4,7,KM,
4015,711,249,565,4,8,KM,
4016,711,249,259,4,9,KM,
4017,711,251,252,5,6,KM,
4018,711,251,253,5,7,KM,
4019,711,251,565,5,8,KM,
4020,711,251,259,5,9,KM,
4021,711,252,253,6,7,KM,
4022,711,252,565,6,8,KM,
4023,711,252,259,6,9,KM,
4024,711,253,565,7,8,KM,
4025,711,253,259,7,9,KM,
4026,711,565,259,8,9,KM,
4027,722,403,225,1,2,KM,
4028,722,403,226,1,3,KM,
4029,722,403,579,1,4,KM,
4030,722,403,229,1,5,KM,
4031,722,403,230,1,6,KM,
4032,722,403,231,1,7,KM,
4033,722,403,232,1,8,KM,
4034,722,403,233,1,9,KM,
4035,722,403,234,1,10,KM,
4036,722,403,235,1,11,KM,
4037,722,403,236,1,12,KM,
4038,722,403,237,1,13,KM,
4039,722,403,241,1,14,KM,
4040,722,403,242,1,15,KM,
4041,722,403,243,1,16,KM,
4042,722,403,244,1,17,KM,
4043,722,403,245,1,18,KM,
4044,722,403,224,1,19,KM,
4045,722,225,226,2,3,KM,
4046,722,225,579,2,4,KM,
4047,722,225,229,2,5,KM,
4048,722,225,230,2,6,KM,
4049,722,225,231,2,7,KM,
4050,722,225,232,2,8,KM,
4051,722,225,233,2,9,KM,
4052,722,225,234,2,10,KM,
4053,722,225,235,2,11,KM,
4054,722,225,236,2,12,KM,
4055,722,225,237,2,13,KM,
4056,722,225,241,2,14,KM,
4057,722,225,242,2,15,KM,
4058,722,225,243,2,16,KM,
4059,722,225,244,2,17,KM,
4060,722,225,245,2,18,KM,
4061,722,225,224,2,19,KM,
4062,722,226,579,3,4,KM,
4063,722,226,229,3,5,KM,
4064,722,226,230,3,6,KM,
4065,722,226,231,3,7,KM,
4066,722,226,232,3,8,KM,
4067,722,226,233,3,9,KM,
4068,722,226,234,3,10,KM,
4069,722,226,235,3,11,KM,
4070,722,226,236,3,12,KM,
4071,722,226,237,3,13,KM,
4072,722,226,241,3,14,KM,
4073,722,226,242,3,15,KM,
4074,722,226,243,3,16,KM,
4075,722,226,244,3,17,KM,
4076,722,226,245,3,18,KM,
4077,722,226,224,3,19,KM,
4078,722,579,229,4,5,KM,
4079,722,579,230,4,6,KM,
4080,722,579,231,4,7,KM,
4081,722,579,232,4,8,KM,
4082,722,579,233,4,9,KM,
4083,722,579,234,4,10,KM,
4084,722,579,235,4,11,KM,
4085,722,579,236,4,12,KM,
4086,722,579,237,4,13,KM,
4087,722,579,241,4,14,KM,
4088,722,579,242,4,15,KM,
4089,722,579,243,4,16,KM,
4090,722,579,244,4,17,KM,
4091,722,579,245,4,18,KM,
4092,722,579,224,4,19,KM,
4093,722,229,230,5,6,KM,
4094,722,229,231,5,7,KM,
4095,722,229,232,5,8,KM,
4096,722,229,233,5,9,KM,
4097,722,229,234,5,10,KM,
4098,722,229,235,5,11,KM,
4099,722,229,236,5,12,KM,
4100,722,229,237,5,13,KM,
4101,722,229,241,5,14,KM,
4102,722,229,242,5,15,KM,
4103,722,229,243,5,16,KM,
4104,722,229,244,5,17,KM,
4105,722,229,245,5,18,KM,
4106,722,229,224,5,19,KM,
4107,722,230,231,6,7,KM,
4108,722,230,232,6,8,KM,
4109,722,230,233,6,9,KM,
4110,722,230,234,6,10,KM,
4111,722,230,235,6,11,KM,
4112,722,230,236,6,12,KM,
4113,722,230,237,6,13,KM,
4114,722,230,241,6,14,KM,
4115,722,230,242,6,15,KM,
4116,722,230,243,6,16,KM,
4117,722,230,244,6,17,KM,
4118,722,230,245,6,18,KM,
4119,722,230,224,6,19,KM,
4120,722,231,232,7,8,KM,
4121,722,231,233,7,9,KM,
4122,722,231,234,7,10,KM,
4123,722,231,235,7,11,KM,
4124,722,231,236,7,12,KM,
4125,722,231,237,7,13,KM,
4126,722,231,241,7,14,KM,
4127,722,231,242,7,15,KM,
4128,722,231,243,7,16,KM,
4129,722,231,244,7,17,KM,
4130,722,231,245,7,18,KM,
4131,722,231,224,7,19,KM,
4132,722,232,233,8,9,KM,
4133,722,232,234,8,10,KM,
4134,722,232,235,8,11,KM,
4135,722,232,236,8,12,KM,
4136,722,232,237,8,13,KM,
4137,722,232,241,8,14,KM,
4138,722,232,242,8,15,KM,
4139,722,232,243,8,16,KM,
4140,722,232,244,8,17,KM,
4141,722,232,245,8,18,KM,
4142,722,232,224,8,19,KM,
4143,722,233,234,9,10,KM,
4144,722,233,235,9,11,KM,
4145,722,233,236,9,12,KM,
4146,722,233,237,9,13,KM,
4147,722,233,241,9,14,KM,
4148,722,233,242,9,15,KM,
4149,722,233,243,9,16,KM,
4150,722,233,244,9,17,KM,
4151,722,233,245,9,18,KM,
4152,722,233,224,9,19,KM,
4153,722,234,235,10,11,KM,
4154,722,234,236,10,12,KM,
4155,722,234,237,10,13,KM,
4156,722,234,241,10,14,KM,
4157,722,234,242,10,15,KM,
4158,722,234,243,10,16,KM,
4159,722,234,244,10,17,KM,
4160,722,234,245,10,18,KM,
4161,722,234,224,10,19,KM,
4162,722,235,236,11,12,KM,
4163,722,235,237,11,13,KM,
4164,722,235,241,11,14,KM,
4165,722,235,242,11,15,KM,
4166,722,235,243,11,16,KM,
4167,722,235,244,11,17,KM,
4168,722,235,245,11,18,KM,
4169,722,235,224,11,19,KM,
4170,722,236,237,12,13,KM,
4171,722,236,241,12,14,KM,
4172,722,236,242,12,15,KM,
4173,722,236,243,12,16,KM,
4174,722,236,244,12,17,KM,
4175,722,236,245,12,18,KM,
4176,722,236,224,12,19,KM,
4177,722,237,241,13,14,KM,
4178,722,237,242,13,15,KM,
4179,722,237,243,13,16,KM,
4180,722,237,244,13,17,KM,
4181,722,237,245,13,18,KM,
4182,722,237,224,13,19,KM,
4183,722,241,242,14,15,KM,
4184,722,241,243,14,16,KM,
4185,722,241,244,14,17,KM,
4186,722,241,245,14,18,KM,
4187,722,241,224,14,19,KM,
4188,722,242,243,15,16,KM,
4189,722,242,244,15,17,KM,
4190,722,242,245,15,18,KM,
4191,722,242,224,15,19,KM,
4192,722,243,244,16,17,KM,
4193,722,243,245,16,18,KM,
4194,722,243,224,16,19,KM,
4195,722,244,245,17,18,KM,
4196,722,244,224,17,19,KM,
4197,722,245,224,18,19,KM,
4198,7323,403,672,1,2,KM,
4199,7323,403,626,1,3,KM,
4200,7323,403,89,1,4,KM,
4201,7323,403,90,1,5,KM,
4202,7323,403,91,1,6,KM,
4203,7323,403,92,1,7,KM,
4204,7323,403,93,1,8,KM,
4205,7323,403,94,1,9,KM,
4206,7323,403,673,1,10,KM,
4207,7323,403,674,1,11,KM,
4208,7323,403,97,1,12,KM,
4209,7323,403,598,1,13,KM,
4210,7323,403,627,1,14,KM,
4211,7323,403,628,1,15,KM,
4212,7323,403,629,1,16,KM,
4213,7323,403,599,1,17,KM,
4214,7323,403,269,1,18,KM,
4215,7323,672,626,2,3,KM,
4216,7323,672,89,2,4,KM,
4217,7323,672,90,2,5,KM,
4218,7323,672,91,2,6,KM,
4219,7323,672,92,2,7,KM,
4220,7323,672,93,2,8,KM,
4221,7323,672,94,2,9,KM,
4222,7323,672,673,2,10,KM,
4223,7323,672,674,2,11,KM,
4224,7323,672,97,2,12,KM,
4225,7323,672,598,2,13,KM,
4226,7323,672,627,2,14,KM,
4227,7323,672,628,2,15,KM,
4228,7323,672,629,2,16,KM,
4229,7323,672,599,2,17,KM,
4230,7323,672,269,2,18,KM,
4231,7323,626,89,3,4,KM,
4232,7323,626,90,3,5,KM,
4233,7323,626,91,3,6,KM,
4234,7323,626,92,3,7,KM,
4235,7323,626,93,3,8,KM,
4236,7323,626,94,3,9,KM,
4237,7323,626,673,3,10,KM,
4238,7323,626,674,3,11,KM,
4239,7323,626,97,3,12,KM,
4240,7323,626,598,3,13,KM,
4241,7323,626,627,3,14,KM,
4242,7323,626,628,3,15,KM,
4243,7323,626,629,3,16,KM,
4244,7323,626,599,3,17,KM,
4245,7323,626,269,3,18,KM,
4246,7323,89,90,4,5,KM,
4247,7323,89,91,4,6,KM,
4248,7323,89,92,4,7,KM,
4249,7323,89,93,4,8,KM,
4250,7323,89,94,4,9,KM,
4251,7323,89,673,4,10,KM,
4252,7323,89,674,4,11,KM,
4253,7323,89,97,4,12,KM,
4254,7323,89,598,4,13,KM,
4255,7323,89,627,4,14,KM,
4256,7323,89,628,4,15,KM,
4257,7323,89,629,4,16,KM,
4258,7323,89,599,4,17,KM,
4259,7323,89,269,4,18,KM,
4260,7323,90,91,5,6,KM,
4261,7323,90,92,5,7,KM,
4262,7323,90,93,5,8,KM,
4263,7323,90,94,5,9,KM,
4264,7323,90,673,5,10,KM,
4265,7323,90,674,5,11,KM,
4266,7323,90,97,5,12,KM,
4267,7323,90,598,5,13,KM,
4268,7323,90,627,5,14,KM,
4269,7323,90,628,5,15,KM,
4270,7323,90,629,5,16,KM,
4271,7323,90,599,5,17,KM,
4272,7323,90,269,5,18,KM,
4273,7323,91,92,6,7,KM,
4274,7323,91,93,6,8,KM,
4275,7323,91,94,6,9,KM,
4276,7323,91,673,6,10,KM,
4277,7323,91,674,6,11,KM,
4278,7323,91,97,6,12,KM,
4279,7323,91,598,6,13,KM,
4280,7323,91,627,6,14,KM,
4281,7323,91,628,6,15,KM,
4282,7323,91,629,6,16,KM,
4283,7323,91,599,6,17,KM,
4284,7323,91,269,6,18,KM,
4285,7323,92,93,7,8,KM,
4286,7323,92,94,7,9,KM,
4287,7323,92,673,7,10,KM,
4288,7323,92,674,7,11,KM,
4289,7323,92,97,7,12,KM,
4290,7323,92,598,7,13,KM,
4291,7323,92,627,7,14,KM,
4292,7323,92,628,7,15,KM,
4293,7323,92,629,7,16,KM,
4294,7323,92,599,7,17,KM,
4295,7323,92,269,7,18,KM,
4296,7323,93,94,8,9,KM,
4297,7323,93,673,8,10,KM,
4298,7323,93,674,8,11,KM,
4299,7323,93,97,8,12,KM,
4300,7323,93,598,8,13,KM,
4301,7323,93,627,8,14,KM,
4302,7323,93,628,8,15,KM,
4303,7323,93,629,8,16,KM,
4304,7323,93,599,8,17,KM,
4305,7323,93,269,8,18,KM,
4306,7323,94,673,9,10,KM,
4307,7323,94,674,9,11,KM,
4308,7323,94,97,9,12,KM,
4309,7323,94,598,9,13,KM,
4310,7323,94,627,9,14,KM,
4311,7323,94,628,9,15,KM,
4312,7323,94,629,9,16,KM,
4313,7323,94,599,9,17,KM,
4314,7323,94,269,9,18,KM,
4315,7323,673,674,10,11,KM,
4316,7323,673,97,10,12,KM,
4317,7323,673,598,10,13,KM,
4318,7323,673,627,10,14,KM,
4319,7323,673,628,10,15,KM,
4320,7323,673,629,10,16,KM,
4321,7323,673,599,10,17,KM,
4322,7323,673,269,10,18,KM,
4323,7323,674,97,11,12,KM,
4324,7323,674,598,11,13,KM,
4325,7323,674,627,11,14,KM,
4326,7323,674,628,11,15,KM,
4327,7323,674,629,11,16,KM,
4328,7323,674,599,11,17,KM,
4329,7323,674,269,11,18,KM,
4330,7323,97,598,12,13,KM,
4331,7323,97,627,12,14,KM,
4332,7323,97,628,12,15,KM,
4333,7323,97,629,12,16,KM,
4334,7323,97,599,12,17,KM,
4335,7323,97,269,12,18,KM,
4336,7323,598,627,13,14,KM,
4337,7323,598,628,13,15,KM,
4338,7323,598,629,13,16,KM,
4339,7323,598,599,13,17,KM,
4340,7323,598,269,13,18,KM,
4341,7323,627,628,14,15,KM,
4342,7323,627,629,14,16,KM,
4343,7323,627,599,14,17,KM,
4344,7323,627,269,14,18,KM,
4345,7323,628,629,15,16,KM,
4346,7323,628,599,15,17,KM,
4347,7323,628,269,15,18,KM,
4348,7323,629,599,16,17,KM,
4349,7323,629,269,16,18,KM,
4350,7323,599,269,17,18,KM,
4351,7332,8,5,1,2,KM,
4352,7332,8,2,1,3,KM,
4353,7332,8,403,1,4,KM,
4354,7332,8,868,1,5,KM,
4355,7332,8,869,1,6,KM,
4356,7332,8,249,1,7,KM,
4357,7332,8,251,1,8,KM,
4358,7332,8,252,1,9,KM,
4359,7332,8,253,1,10,KM,
4360,7332,8,254,1,11,KM,
4361,7332,8,255,1,12,KM,
4362,7332,8,257,1,13,KM,
4363,7332,5,2,2,3,KM,
4364,7332,5,403,2,4,KM,
4365,7332,5,868,2,5,KM,
4366,7332,5,869,2,6,KM,
4367,7332,5,249,2,7,KM,
4368,7332,5,251,2,8,KM,
4369,7332,5,252,2,9,KM,
4370,7332,5,253,2,10,KM,
4371,7332,5,254,2,11,KM,
4372,7332,5,255,2,12,KM,
4373,7332,5,257,2,13,KM,
4374,7332,2,403,3,4,KM,
4375,7332,2,868,3,5,KM,
4376,7332,2,869,3,6,KM,
4377,7332,2,249,3,7,KM,
4378,7332,2,251,3,8,KM,
4379,7332,2,252,3,9,KM,
4380,7332,2,253,3,10,KM,
4381,7332,2,254,3,11,KM,
4382,7332,2,255,3,12,KM,
4383,7332,2,257,3,13,KM,
4384,7332,403,868,4,5,KM,
4385,7332,403,869,4,6,KM,
4386,7332,403,249,4,7,KM,
4387,7332,403,251,4,8,KM,
4388,7332,403,252,4,9,KM,
4389,7332,403,253,4,10,KM,
4390,7332,403,254,4,11,KM,
4391,7332,403,255,4,12,KM,
4392,7332,403,257,4,13,KM,
4393,7332,868,869,5,6,KM,
4394,7332,868,249,5,7,KM,
4395,7332,868,251,5,8,KM,
4396,7332,868,252,5,9,KM,
4397,7332,868,253,5,10,KM,
4398,7332,868,254,5,11,KM,
4399,7332,868,255,5,12,KM,
4400,7332,868,257,5,13,KM,
4401,7332,869,249,6,7,KM,
4402,7332,869,251,6,8,KM,
4403,7332,869,252,6,9,KM,
4404,7332,869,253,6,10,KM,
4405,7332,869,254,6,11,KM,
4406,7332,869,255,6,12,KM,
4407,7332,869,257,6,13,KM,
4408,7332,249,251,7,8,KM,
4409,7332,249,252,7,9,KM,
4410,7332,249,253,7,10,KM,
4411,7332,249,254,7,11,KM,
4412,7332,249,255,7,12,KM,
4413,7332,249,257,7,13,KM,
4414,7332,251,252,8,9,KM,
4415,7332,251,253,8,10,KM,
4416,7332,251,254,8,11,KM,
4417,7332,251,255,8,12,KM,
4418,7332,251,257,8,13,KM,
4419,7332,252,253,9,10,KM,
4420,7332,252,254,9,11,KM,
4421,7332,252,255,9,12,KM,
4422,7332,252,257,9,13,KM,
4423,7332,253,254,10,11,KM,
4424,7332,253,255,10,12,KM,
4425,7332,253,257,10,13,KM,
4426,7332,254,255,11,12,KM,
4427,7332,254,257,11,13,KM,
4428,7332,255,257,12,13,KM,
4429,7350,403,106,1,2,KM,
4430,7350,403,107,1,3,KM,
4431,7350,403,108,1,4,KM,
4432,7350,403,109,1,5,KM,
4433,7350,403,110,1,6,KM,
4434,7350,403,111,1,7,KM,
4435,7350,403,112,1,8,KM,
4436,7350,403,113,1,9,KM,
4437,7350,403,114,1,10,KM,
4438,7350,403,115,1,11,KM,
4439,7350,403,116,1,12,KM,
4440,7350,403,117,1,13,KM,
4441,7350,403,123,1,14,KM,
4442,7350,403,124,1,15,KM,
4443,7350,403,125,1,16,KM,
4444,7350,403,126,1,17,KM,
4445,7350,403,127,1,18,KM,
4446,7350,403,128,1,19,KM,
4447,7350,403,129,1,20,KM,
4448,7350,403,130,1,21,KM,
4449,7350,106,107,2,3,KM,
4450,7350,106,108,2,4,KM,
4451,7350,106,109,2,5,KM,
4452,7350,106,110,2,6,KM,
4453,7350,106,111,2,7,KM,
4454,7350,106,112,2,8,KM,
4455,7350,106,113,2,9,KM,
4456,7350,106,114,2,10,KM,
4457,7350,106,115,2,11,KM,
4458,7350,106,116,2,12,KM,
4459,7350,106,117,2,13,KM,
4460,7350,106,123,2,14,KM,
4461,7350,106,124,2,15,KM,
4462,7350,106,125,2,16,KM,
4463,7350,106,126,2,17,KM,
4464,7350,106,127,2,18,KM,
4465,7350,106,128,2,19,KM,
4466,7350,106,129,2,20,KM,
4467,7350,106,130,2,21,KM,
4468,7350,107,108,3,4,KM,
4469,7350,107,109,3,5,KM,
4470,7350,107,110,3,6,KM,
4471,7350,107,111,3,7,KM,
4472,7350,107,112,3,8,KM,
4473,7350,107,113,3,9,KM,
4474,7350,107,114,3,10,KM,
4475,7350,107,115,3,11,KM,
4476,7350,107,116,3,12,KM,
4477,7350,107,117,3,13,KM,
4478,7350,107,123,3,14,KM,
4479,7350,107,124,3,15,KM,
4480,7350,107,125,3,16,KM,
4481,7350,107,126,3,17,KM,
4482,7350,107,127,3,18,KM,
4483,7350,107,128,3,19,KM,
4484,7350,107,129,3,20,KM,
4485,7350,107,130,3,21,KM,
4486,7350,108,109,4,5,KM,
4487,7350,108,110,4,6,KM,
4488,7350,108,111,4,7,KM,
4489,7350,108,112,4,8,KM,
4490,7350,108,113,4,9,KM,
4491,7350,108,114,4,10,KM,
4492,7350,108,115,4,11,KM,
4493,7350,108,116,4,12,KM,
4494,7350,108,117,4,13,KM,
4495,7350,108,123,4,14,KM,
4496,7350,108,124,4,15,KM,
4497,7350,108,125,4,16,KM,
4498,7350,108,126,4,17,KM,
4499,7350,108,127,4,18,KM,
4500,7350,108,128,4,19,KM,
4501,7350,108,129,4,20,KM,
4502,7350,108,130,4,21,KM,
4503,7350,109,110,5,6,KM,
4504,7350,109,111,5,7,KM,
4505,7350,109,112,5,8,KM,
4506,7350,109,113,5,9,KM,
4507,7350,109,114,5,10,KM,
4508,7350,109,115,5,11,KM,
4509,7350,109,116,5,12,KM,
4510,7350,109,117,5,13,KM,
4511,7350,109,123,5,14,KM,
4512,7350,109,124,5,15,KM,
4513,7350,109,125,5,16,KM,
4514,7350,109,126,5,17,KM,
4515,7350,109,127,5,18,KM,
4516,7350,109,128,5,19,KM,
4517,7350,109,129,5,20,KM,
4518,7350,109,130,5,21,KM,
4519,7350,110,111,6,7,KM,
4520,7350,110,112,6,8,KM,
4521,7350,110,113,6,9,KM,
4522,7350,110,114,6,10,KM,
4523,7350,110,115,6,11,KM,
4524,7350,110,116,6,12,KM,
4525,7350,110,117,6,13,KM,
4526,7350,110,123,6,14,KM,
4527,7350,110,124,6,15,KM,
4528,7350,110,125,6,16,KM,
4529,7350,110,126,6,17,KM,
4530,7350,110,127,6,18,KM,
4531,7350,110,128,6,19,KM,
4532,7350,110,129,6,20,KM,
4533,7350,110,130,6,21,KM,
4534,7350,111,112,7,8,KM,
4535,7350,111,113,7,9,KM,
4536,7350,111,114,7,10,KM,
4537,7350,111,115,7,11,KM,
4538,7350,111,116,7,12,KM,
4539,7350,111,117,7,13,KM,
4540,7350,111,123,7,14,KM,
4541,7350,111,124,7,15,KM,
4542,7350,111,125,7,16,KM,
4543,7350,111,126,7,17,KM,
4544,7350,111,127,7,18,KM,
4545,7350,111,128,7,19,KM,
4546,7350,111,129,7,20,KM,
4547,7350,111,130,7,21,KM,
4548,7350,112,113,8,9,KM,
4549,7350,112,114,8,10,KM,
4550,7350,112,115,8,11,KM,
4551,7350,112,116,8,12,KM,
4552,7350,112,117,8,13,KM,
4553,7350,112,123,8,14,KM,
4554,7350,112,124,8,15,KM,
4555,7350,112,125,8,16,KM,
4556,7350,112,126,8,17,KM,
4557,7350,112,127,8,18,KM,
4558,7350,112,128,8,19,KM,
4559,7350,112,129,8,20,KM,
4560,7350,112,130,8,21,KM,
4561,7350,113,114,9,10,KM,
4562,7350,113,115,9,11,KM,
4563,7350,113,116,9,12,KM,
4564,7350,113,117,9,13,KM,
4565,7350,113,123,9,14,KM,
4566,7350,113,124,9,15,KM,
4567,7350,113,125,9,16,KM,
4568,7350,113,126,9,17,KM,
4569,7350,113,127,9,18,KM,
4570,7350,113,128,9,19,KM,
4571,7350,113,129,9,20,KM,
4572,7350,113,130,9,21,KM,
4573,7350,114,115,10,11,KM,
4574,7350,114,116,10,12,KM,
4575,7350,114,117,10,13,KM,
4576,7350,114,123,10,14,KM,
4577,7350,114,124,10,15,KM,
4578,7350,114,125,10,16,KM,
4579,7350,114,126,10,17,KM,
4580,7350,114,127,10,18,KM,
4581,7350,114,128,10,19,KM,
4582,7350,114,129,10,20,KM,
4583,7350,114,130,10,21,KM,
4584,7350,115,116,11,12,KM,
4585,7350,115,117,11,13,KM,
4586,7350,115,123,11,14,KM,
4587,7350,115,124,11,15,KM,
4588,7350,115,125,11,16,KM,
4589,7350,115,126,11,17,KM,
4590,7350,115,127,11,18,KM,
4591,7350,115,128,11,19,KM,
4592,7350,115,129,11,20,KM,
4593,7350,115,130,11,21,KM,
4594,7350,116,117,12,13,KM,
4595,7350,116,123,12,14,KM,
4596,7350,116,124,12,15,KM,
4597,7350,116,125,12,16,KM,
4598,7350,116,126,12,17,KM,
4599,7350,116,127,12,18,KM,
4600,7350,116,128,12,19,KM,
4601,7350,116,129,12,20,KM,
4602,7350,116,130,12,21,KM,
4603,7350,117,123,13,14,KM,
4604,7350,117,124,13,15,KM,
4605,7350,117,125,13,16,KM,
4606,7350,117,126,13,17,KM,
4607,7350,117,127,13,18,KM,
4608,7350,117,128,13,19,KM,
4609,7350,117,129,13,20,KM,
4610,7350,117,130,13,21,KM,
4611,7350,123,124,14,15,KM,
4612,7350,123,125,14,16,KM,
4613,7350,123,126,14,17,KM,
4614,7350,123,127,14,18,KM,
4615,7350,123,128,14,19,KM,
4616,7350,123,129,14,20,KM,
4617,7350,123,130,14,21,KM,
4618,7350,124,125,15,16,KM,
4619,7350,124,126,15,17,KM,
4620,7350,124,127,15,18,KM,
4621,7350,124,128,15,19,KM,
4622,7350,124,129,15,20,KM,
4623,7350,124,130,15,21,KM,
4624,7350,125,126,16,17,KM,
4625,7350,125,127,16,18,KM,
4626,7350,125,128,16,19,KM,
4627,7350,125,129,16,20,KM,
4628,7350,125,130,16,21,KM,
4629,7350,126,127,17,18,KM,
4630,7350,126,128,17,19,KM,
4631,7350,126,129,17,20,KM,
4632,7350,126,130,17,21,KM,
4633,7350,127,128,18,19,KM,
4634,7350,127,129,18,20,KM,
4635,7350,127,130,18,21,KM,
4636,7350,128,129,19,20,KM,
4637,7350,128,130,19,21,KM,
4638,7350,129,130,20,21,KM,
4639,7351,403,106,1,2,KM,
4640,7351,403,107,1,3,KM,
4641,7351,403,108,1,4,KM,
4642,7351,403,109,1,5,KM,
4643,7351,403,110,1,6,KM,
4644,7351,403,111,1,7,KM,
4645,7351,403,112,1,8,KM,
4646,7351,403,113,1,9,KM,
4647,7351,403,114,1,10,KM,
4648,7351,403,115,1,11,KM,
4649,7351,403,116,1,12,KM,
4650,7351,403,117,1,13,KM,
4651,7351,403,118,1,14,KM,
4652,7351,403,119,1,15,KM,
4653,7351,403,120,1,16,KM,
4654,7351,403,121,1,17,KM,
4655,7351,403,122,1,18,KM,
4656,7351,106,107,2,3,KM,
4657,7351,106,108,2,4,KM,
4658,7351,106,109,2,5,KM,
4659,7351,106,110,2,6,KM,
4660,7351,106,111,2,7,KM,
4661,7351,106,112,2,8,KM,
4662,7351,106,113,2,9,KM,
4663,7351,106,114,2,10,KM,
4664,7351,106,115,2,11,KM,
4665,7351,106,116,2,12,KM,
4666,7351,106,117,2,13,KM,
4667,7351,106,118,2,14,KM,
4668,7351,106,119,2,15,KM,
4669,7351,106,120,2,16,KM,
4670,7351,106,121,2,17,KM,
4671,7351,106,122,2,18,KM,
4672,7351,107,108,3,4,KM,
4673,7351,107,109,3,5,KM,
4674,7351,107,110,3,6,KM,
4675,7351,107,111,3,7,KM,
4676,7351,107,112,3,8,KM,
4677,7351,107,113,3,9,KM,
4678,7351,107,114,3,10,KM,
4679,7351,107,115,3,11,KM,
4680,7351,107,116,3,12,KM,
4681,7351,107,117,3,13,KM,
4682,7351,107,118,3,14,KM,
4683,7351,107,119,3,15,KM,
4684,7351,107,120,3,16,KM,
4685,7351,107,121,3,17,KM,
4686,7351,107,122,3,18,KM,
4687,7351,108,109,4,5,KM,
4688,7351,108,110,4,6,KM,
4689,7351,108,111,4,7,KM,
4690,7351,108,112,4,8,KM,
4691,7351,108,113,4,9,KM,
4692,7351,108,114,4,10,KM,
4693,7351,108,115,4,11,KM,
4694,7351,108,116,4,12,KM,
4695,7351,108,117,4,13,KM,
4696,7351,108,118,4,14,KM,
4697,7351,108,119,4,15,KM,
4698,7351,108,120,4,16,KM,
4699,7351,108,121,4,17,KM,
4700,7351,108,122,4,18,KM,
4701,7351,109,110,5,6,KM,
4702,7351,109,111,5,7,KM,
4703,7351,109,112,5,8,KM,
4704,7351,109,113,5,9,KM,
4705,7351,109,114,5,10,KM,
4706,7351,109,115,5,11,KM,
4707,7351,109,116,5,12,KM,
4708,7351,109,117,5,13,KM,
4709,7351,109,118,5,14,KM,
4710,7351,109,119,5,15,KM,
4711,7351,109,120,5,16,KM,
4712,7351,109,121,5,17,KM,
4713,7351,109,122,5,18,KM,
4714,7351,110,111,6,7,KM,
4715,7351,110,112,6,8,KM,
4716,7351,110,113,6,9,KM,
4717,7351,110,114,6,10,KM,
4718,7351,110,115,6,11,KM,
4719,7351,110,116,6,12,KM,
4720,7351,110,117,6,13,KM,
4721,7351,110,118,6,14,KM,
4722,7351,110,119,6,15,KM,
4723,7351,110,120,6,16,KM,
4724,7351,110,121,6,17,KM,
4725,7351,110,122,6,18,KM,
4726,7351,111,112,7,8,KM,
4727,7351,111,113,7,9,KM,
4728,7351,111,114,7,10,KM,
4729,7351,111,115,7,11,KM,
4730,7351,111,116,7,12,KM,
4731,7351,111,117,7,13,KM,
4732,7351,111,118,7,14,KM,
4733,7351,111,119,7,15,KM,
4734,7351,111,120,7,16,KM,
4735,7351,111,121,7,17,KM,
4736,7351,111,122,7,18,KM,
4737,7351,112,113,8,9,KM,
4738,7351,112,114,8,10,KM,
4739,7351,112,115,8,11,KM,
4740,7351,112,116,8,12,KM,
4741,7351,112,117,8,13,KM,
4742,7351,112,118,8,14,KM,
4743,7351,112,119,8,15,KM,
4744,7351,112,120,8,16,KM,
4745,7351,112,121,8,17,KM,
4746,7351,112,122,8,18,KM,
4747,7351,113,114,9,10,KM,
4748,7351,113,115,9,11,KM,
4749,7351,113,116,9,12,KM,
4750,7351,113,117,9,13,KM,
4751,7351,113,118,9,14,KM,
4752,7351,113,119,9,15,KM,
4753,7351,113,120,9,16,KM,
4754,7351,113,121,9,17,KM,
4755,7351,113,122,9,18,KM,
4756,7351,114,115,10,11,KM,
4757,7351,114,116,10,12,KM,
4758,7351,114,117,10,13,KM,
4759,7351,114,118,10,14,KM,
4760,7351,114,119,10,15,KM,
4761,7351,114,120,10,16,KM,
4762,7351,114,121,10,17,KM,
4763,7351,114,122,10,18,KM,
4764,7351,115,116,11,12,KM,
4765,7351,115,117,11,13,KM,
4766,7351,115,118,11,14,KM,
4767,7351,115,119,11,15,KM,
4768,7351,115,120,11,16,KM,
4769,7351,115,121,11,17,KM,
4770,7351,115,122,11,18,KM,
4771,7351,116,117,12,13,KM,
4772,7351,116,118,12,14,KM,
4773,7351,116,119,12,15,KM,
4774,7351,116,120,12,16,KM,
4775,7351,116,121,12,17,KM,
4776,7351,116,122,12,18,KM,
4777,7351,117,118,13,14,KM,
4778,7351,117,119,13,15,KM,
4779,7351,117,120,13,16,KM,
4780,7351,117,121,13,17,KM,
4781,7351,117,122,13,18,KM,
4782,7351,118,119,14,15,KM,
4783,7351,118,120,14,16,KM,
4784,7351,118,121,14,17,KM,
4785,7351,118,122,14,18,KM,
4786,7351,119,120,15,16,KM,
4787,7351,119,121,15,17,KM,
4788,7351,119,122,15,18,KM,
4789,7351,120,121,16,17,KM,
4790,7351,120,122,16,18,KM,
4791,7351,121,122,17,18,KM,
4792,7360,8,9,1,2,KM,
4793,7360,8,10,1,3,KM,
4794,7360,8,11,1,4,KM,
4795,7360,8,12,1,5,KM,
4796,7360,8,13,1,6,KM,
4797,7360,8,14,1,7,KM,
4798,7360,8,15,1,8,KM,
4799,7360,8,16,1,9,KM,
4800,7360,8,17,1,10,KM,
4801,7360,8,18,1,11,KM,
4802,7360,8,19,1,12,KM,
4803,7360,8,20,1,13,KM,
4804,7360,8,21,1,14,KM,
4805,7360,8,22,1,15,KM,
4806,7360,9,10,2,3,KM,
4807,7360,9,11,2,4,KM,
4808,7360,9,12,2,5,KM,
4809,7360,9,13,2,6,KM,
4810,7360,9,14,2,7,KM,
4811,7360,9,15,2,8,KM,
4812,7360,9,16,2,9,KM,
4813,7360,9,17,2,10,KM,
4814,7360,9,18,2,11,KM,
4815,7360,9,19,2,12,KM,
4816,7360,9,20,2,13,KM,
4817,7360,9,21,2,14,KM,
4818,7360,9,22,2,15,KM,
4819,7360,10,11,3,4,KM,
4820,7360,10,12,3,5,KM,
4821,7360,10,13,3,6,KM,
4822,7360,10,14,3,7,KM,
4823,7360,10,15,3,8,KM,
4824,7360,10,16,3,9,KM,
4825,7360,10,17,3,10,KM,
4826,7360,10,18,3,11,KM,
4827,7360,10,19,3,12,KM,
4828,7360,10,20,3,13,KM,
4829,7360,10,21,3,14,KM,
4830,7360,10,22,3,15,KM,
4831,7360,11,12,4,5,KM,
4832,7360,11,13,4,6,KM,
4833,7360,11,14,4,7,KM,
4834,7360,11,15,4,8,KM,
4835,7360,11,16,4,9,KM,
4836,7360,11,17,4,10,KM,
4837,7360,11,18,4,11,KM,
4838,7360,11,19,4,12,KM,
4839,7360,11,20,4,13,KM,
4840,7360,11,21,4,14,KM,
4841,7360,11,22,4,15,KM,
4842,7360,12,13,5,6,KM,
4843,7360,12,14,5,7,KM,
4844,7360,12,15,5,8,KM,
4845,7360,12,16,5,9,KM,
4846,7360,12,17,5,10,KM,
4847,7360,12,18,5,11,KM,
4848,7360,12,19,5,12,KM,
4849,7360,12,20,5,13,KM,
4850,7360,12,21,5,14,KM,
4851,7360,12,22,5,15,KM,
4852,7360,13,14,6,7,KM,
4853,7360,13,15,6,8,KM,
4854,7360,13,16,6,9,KM,
4855,7360,13,17,6,10,KM,
4856,7360,13,18,6,11,KM,
4857,7360,13,19,6,12,KM,
4858,7360,13,20,6,13,KM,
4859,7360,13,21,6,14,KM,
4860,7360,13,22,6,15,KM,
4861,7360,14,15,7,8,KM,
4862,7360,14,16,7,9,KM,
4863,7360,14,17,7,10,KM,
4864,7360,14,18,7,11,KM,
4865,7360,14,19,7,12,KM,
4866,7360,14,20,7,13,KM,
4867,7360,14,21,7,14,KM,
4868,7360,14,22,7,15,KM,
4869,7360,15,16,8,9,KM,
4870,7360,15,17,8,10,KM,
4871,7360,15,18,8,11,KM,
4872,7360,15,19,8,12,KM,
4873,7360,15,20,8,13,KM,
4874,7360,15,21,8,14,KM,
4875,7360,15,22,8,15,KM,
4876,7360,16,17,9,10,KM,
4877,7360,16,18,9,11,KM,
4878,7360,16,19,9,12,KM,
4879,7360,16,20,9,13,KM,
4880,7360,16,21,9,14,KM,
4881,7360,16,22,9,15,KM,
4882,7360,17,18,10,11,KM,
4883,7360,17,19,10,12,KM,
4884,7360,17,20,10,13,KM,
4885,7360,17,21,10,14,KM,
4886,7360,17,22,10,15,KM,
4887,7360,18,19,11,12,KM,
4888,7360,18,20,11,13,KM,
4889,7360,18,21,11,14,KM,
4890,7360,18,22,11,15,KM,
4891,7360,19,20,12,13,KM,
4892,7360,19,21,12,14,KM,
4893,7360,19,22,12,15,KM,
4894,7360,20,21,13,14,KM,
4895,7360,20,22,13,15,KM,
4896,7360,21,22,14,15,KM,
4897,742,403,215,1,2,KM,
4898,742,403,915,1,3,KM,
4899,742,403,916,1,4,KM,
4900,742,215,915,2,3,KM,
4901,742,215,916,2,4,KM,
4902,742,915,916,3,4,KM,
4903,761,403,108,1,2,KM,
4904,761,403,109,1,3,KM,
4905,761,403,113,1,4,KM,
4906,761,403,115,1,5,KM,
4907,761,403,117,1,6,KM,
4908,761,403,118,1,7,KM,
4909,761,403,119,1,8,KM,
4910,761,403,122,1,9,KM,
4911,761,403,294,1,10,KM,
4912,761,403,306,1,11,KM,
4913,761,403,295,1,12,KM,
4914,761,108,109,2,3,KM,
4915,761,108,113,2,4,KM,
4916,761,108,115,2,5,KM,
4917,761,108,117,2,6,KM,
4918,761,108,118,2,7,KM,
4919,761,108,119,2,8,KM,
4920,761,108,122,2,9,KM,
4921,761,108,294,2,10,KM,
4922,761,108,306,2,11,KM,
4923,761,108,295,2,12,KM,
4924,761,109,113,3,4,KM,
4925,761,109,115,3,5,KM,
4926,761,109,117,3,6,KM,
4927,761,109,118,3,7,KM,
4928,761,109,119,3,8,KM,
4929,761,109,122,3,9,KM,
4930,761,109,294,3,10,KM,
4931,761,109,306,3,11,KM,
4932,761,109,295,3,12,KM,
4933,761,113,115,4,5,KM,
4934,761,113,117,4,6,KM,
4935,761,113,118,4,7,KM,
4936,761,113,119,4,8,KM,
4937,761,113,122,4,9,KM,
4938,761,113,294,4,10,KM,
4939,761,113,306,4,11,KM,
4940,761,113,295,4,12,KM,
4941,761,115,117,5,6,KM,
4942,761,115,118,5,7,KM,
4943,761,115,119,5,8,KM,
4944,761,115,122,5,9,KM,
4945,761,115,294,5,10,KM,
4946,761,115,306,5,11,KM,
4947,761,115,295,5,12,KM,
4948,761,117,118,6,7,KM,
4949,761,117,119,6,8,KM,
4950,761,117,122,6,9,KM,
4951,761,117,294,6,10,KM,
4952,761,117,306,6,11,KM,
4953,761,117,295,6,12,KM,
4954,761,118,119,7,8,KM,
4955,761,118,122,7,9,KM,
4956,761,118,294,7,10,KM,
4957,761,118,306,7,11,KM,
4958,761,118,295,7,12,KM,
4959,761,119,122,8,9,KM,
4960,761,119,294,8,10,KM,
4961,761,119,306,8,11,KM,
4962,761,119,295,8,12,KM,
4963,761,122,294,9,10,KM,
4964,761,122,306,9,11,KM,
4965,761,122,295,9,12,KM,
4966,761,294,306,10,11,KM,
4967,761,294,295,10,12,KM,
4968,761,306,295,11,12,KM,
4969,762,403,8,1,2,KM,
4970,762,403,76,1,3,KM,
4971,762,403,309,1,4,KM,
4972,762,403,31,1,5,KM,
4973,762,403,37,1,6,KM,
4974,762,8,76,2,3,KM,
4975,762,8,309,2,4,KM,
4976,762,8,31,2,5,KM,
4977,762,8,37,2,6,KM,
4978,762,76,309,3,4,KM,
4979,762,76,31,3,5,KM,
4980,762,76,37,3,6,KM,
4981,762,309,31,4,5,KM,
4982,762,309,37,4,6,KM,
4983,762,31,37,5,6,KM,
4984,771,403,115,1,2,KM,
4985,771,403,118,1,3,KM,
4986,771,403,119,1,4,KM,
4987,771,403,294,1,5,KM,
4988,771,403,295,1,6,KM,
4989,771,115,118,2,3,KM,
4990,771,115,119,2,4,KM,
4991,771,115,294,2,5,KM,
4992,771,115,295,2,6,KM,
4993,771,118,119,3,4,KM,
4994,771,118,294,3,5,KM,
4995,771,118,295,3,6,KM,
4996,771,119,294,4,5,KM,
4997,771,119,295,4,6,KM,
4998,771,294,295,5,6,KM,
4999,776,403,106,1,2,KM,
5000,776,403,107,1,3,KM,
5001,776,403,108,1,4,KM,
5002,776,403,109,1,5,KM,
5003,776,403,110,1,6,KM,
5004,776,403,111,1,7,KM,
5005,776,403,112,1,8,KM,
5006,776,403,113,1,9,KM,
5007,776,403,114,1,10,KM,
5008,776,403,115,1,11,KM,
5009,776,403,116,1,12,KM,
5010,776,403,117,1,13,KM,
5011,776,403,118,1,14,KM,
5012,776,403,119,1,15,KM,
5013,776,403,120,1,16,KM,
5014,776,403,121,1,17,KM,
5015,776,403,122,1,18,KM,
5016,776,106,107,2,3,KM,
5017,776,106,108,2,4,KM,
5018,776,106,109,2,5,KM,
5019,776,106,110,2,6,KM,
5020,776,106,111,2,7,KM,
5021,776,106,112,2,8,KM,
5022,776,106,113,2,9,KM,
5023,776,106,114,2,10,KM,
5024,776,106,115,2,11,KM,
5025,776,106,116,2,12,KM,
5026,776,106,117,2,13,KM,
5027,776,106,118,2,14,KM,
5028,776,106,119,2,15,KM,
5029,776,106,120,2,16,KM,
5030,776,106,121,2,17,KM,
5031,776,106,122,2,18,KM,
5032,776,107,108,3,4,KM,
5033,776,107,109,3,5,KM,
5034,776,107,110,3,6,KM,
5035,776,107,111,3,7,KM,
5036,776,107,112,3,8,KM,
5037,776,107,113,3,9,KM,
5038,776,107,114,3,10,KM,
5039,776,107,115,3,11,KM,
5040,776,107,116,3,12,KM,
5041,776,107,117,3,13,KM,
5042,776,107,118,3,14,KM,
5043,776,107,119,3,15,KM,
5044,776,107,120,3,16,KM,
5045,776,107,121,3,17,KM,
5046,776,107,122,3,18,KM,
5047,776,108,109,4,5,KM,
5048,776,108,110,4,6,KM,
5049,776,108,111,4,7,KM,
5050,776,108,112,4,8,KM,
5051,776,108,113,4,9,KM,
5052,776,108,114,4,10,KM,
5053,776,108,115,4,11,KM,
5054,776,108,116,4,12,KM,
5055,776,108,117,4,13,KM,
5056,776,108,118,4,14,KM,
5057,776,108,119,4,15,KM,
5058,776,108,120,4,16,KM,
5059,776,108,121,4,17,KM,
5060,776,108,122,4,18,KM,
5061,776,109,110,5,6,KM,
5062,776,109,111,5,7,KM,
5063,776,109,112,5,8,KM,
5064,776,109,113,5,9,KM,
5065,776,109,114,5,10,KM,
5066,776,109,115,5,11,KM,
5067,776,109,116,5,12,KM,
5068,776,109,117,5,13,KM,
5069,776,109,118,5,14,KM,
5070,776,109,119,5,15,KM,
5071,776,109,120,5,16,KM,
5072,776,109,121,5,17,KM,
5073,776,109,122,5,18,KM,
5074,776,110,111,6,7,KM,
5075,776,110,112,6,8,KM,
5076,776,110,113,6,9,KM,
5077,776,110,114,6,10,KM,
5078,776,110,115,6,11,KM,
5079,776,110,116,6,12,KM,
5080,776,110,117,6,13,KM,
5081,776,110,118,6,14,KM,
5082,776,110,119,6,15,KM,
5083,776,110,120,6,16,KM,
5084,776,110,121,6,17,KM,
5085,776,110,122,6,18,KM,
5086,776,111,112,7,8,KM,
5087,776,111,113,7,9,KM,
5088,776,111,114,7,10,KM,
5089,776,111,115,7,11,KM,
5090,776,111,116,7,12,KM,
5091,776,111,117,7,13,KM,
5092,776,111,118,7,14,KM,
5093,776,111,119,7,15,KM,
5094,776,111,120,7,16,KM,
5095,776,111,121,7,17,KM,
5096,776,111,122,7,18,KM,
5097,776,112,113,8,9,KM,
5098,776,112,114,8,10,KM,
5099,776,112,115,8,11,KM,
5100,776,112,116,8,12,KM,
5101,776,112,117,8,13,KM,
5102,776,112,118,8,14,KM,
5103,776,112,119,8,15,KM,
5104,776,112,120,8,16,KM,
5105,776,112,121,8,17,KM,
5106,776,112,122,8,18,KM,
5107,776,113,114,9,10,KM,
5108,776,113,115,9,11,KM,
5109,776,113,116,9,12,KM,
5110,776,113,117,9,13,KM,
5111,776,113,118,9,14,KM,
5112,776,113,119,9,15,KM,
5113,776,113,120,9,16,KM,
5114,776,113,121,9,17,KM,
5115,776,113,122,9,18,KM,
5116,776,114,115,10,11,KM,
5117,776,114,116,10,12,KM,
5118,776,114,117,10,13,KM,
5119,776,114,118,10,14,KM,
5120,776,114,119,10,15,KM,
5121,776,114,120,10,16,KM,
5122,776,114,121,10,17,KM,
5123,776,114,122,10,18,KM,
5124,776,115,116,11,12,KM,
5125,776,115,117,11,13,KM,
5126,776,115,118,11,14,KM,
5127,776,115,119,11,15,KM,
5128,776,115,120,11,16,KM,
5129,776,115,121,11,17,KM,
5130,776,115,122,11,18,KM,
5131,776,116,117,12,13,KM,
5132,776,116,118,12,14,KM,
5133,776,116,119,12,15,KM,
5134,776,116,120,12,16,KM,
5135,776,116,121,12,17,KM,
5136,776,116,122,12,18,KM,
5137,776,117,118,13,14,KM,
5138,776,117,119,13,15,KM,
5139,776,117,120,13,16,KM,
5140,776,117,121,13,17,KM,
5141,776,117,122,13,18,KM,
5142,776,118,119,14,15,KM,
5143,776,118,120,14,16,KM,
5144,776,118,121,14,17,KM,
5145,776,118,122,14,18,KM,
5146,776,119,120,15,16,KM,
5147,776,119,121,15,17,KM,
5148,776,119,122,15,18,KM,
5149,776,120,121,16,17,KM,
5150,776,120,122,16,18,KM,
5151,776,121,122,17,18,KM,
5152,790,403,868,1,2,KM,
5153,790,403,869,1,3,KM,
5154,790,403,249,1,4,KM,
5155,790,403,251,1,5,KM,
5156,790,403,252,1,6,KM,
5157,790,403,253,1,7,KM,
5158,790,403,254,1,8,KM,
5159,790,403,255,1,9,KM,
5160,790,403,257,1,10,KM,
5161,790,868,869,2,3,KM,
5162,790,868,249,2,4,KM,
5163,790,868,251,2,5,KM,
5164,790,868,252,2,6,KM,
5165,790,868,253,2,7,KM,
5166,790,868,254,2,8,KM,
5167,790,868,255,2,9,KM,
5168,790,868,257,2,10,KM,
5169,790,869,249,3,4,KM,
5170,790,869,251,3,5,KM,
5171,790,869,252,3,6,KM,
5172,790,869,253,3,7,KM,
5173,790,869,254,3,8,KM,
5174,790,869,255,3,9,KM,
5175,790,869,257,3,10,KM,
5176,790,249,251,4,5,KM,
5177,790,249,252,4,6,KM,
5178,790,249,253,4,7,KM,
5179,790,249,254,4,8,KM,
5180,790,249,255,4,9,KM,
5181,790,249,257,4,10,KM,
5182,790,251,252,5,6,KM,
5183,790,251,253,5,7,KM,
5184,790,251,254,5,8,KM,
5185,790,251,255,5,9,KM,
5186,790,251,257,5,10,KM,
5187,790,252,253,6,7,KM,
5188,790,252,254,6,8,KM,
5189,790,252,255,6,9,KM,
5190,790,252,257,6,10,KM,
5191,790,253,254,7,8,KM,
5192,790,253,255,7,9,KM,
5193,790,253,257,7,10,KM,
5194,790,254,255,8,9,KM,
5195,790,254,257,8,10,KM,
5196,790,255,257,9,10,KM,
5197,791,403,225,1,2,KM,
5198,791,403,226,1,3,KM,
5199,791,403,227,1,4,KM,
5200,791,403,229,1,5,KM,
5201,791,403,230,1,6,KM,
5202,791,403,231,1,7,KM,
5203,791,403,232,1,8,KM,
5204,791,403,233,1,9,KM,
5205,791,403,234,1,10,KM,
5206,791,403,235,1,11,KM,
5207,791,403,236,1,12,KM,
5208,791,403,237,1,13,KM,
5209,791,403,238,1,14,KM,
5210,791,403,239,1,15,KM,
5211,791,403,240,1,16,KM,
5212,791,225,226,2,3,KM,
5213,791,225,227,2,4,KM,
5214,791,225,229,2,5,KM,
5215,791,225,230,2,6,KM,
5216,791,225,231,2,7,KM,
5217,791,225,232,2,8,KM,
5218,791,225,233,2,9,KM,
5219,791,225,234,2,10,KM,
5220,791,225,235,2,11,KM,
5221,791,225,236,2,12,KM,
5222,791,225,237,2,13,KM,
5223,791,225,238,2,14,KM,
5224,791,225,239,2,15,KM,
5225,791,225,240,2,16,KM,
5226,791,226,227,3,4,KM,
5227,791,226,229,3,5,KM,
5228,791,226,230,3,6,KM,
5229,791,226,231,3,7,KM,
5230,791,226,232,3,8,KM,
5231,791,226,233,3,9,KM,
5232,791,226,234,3,10,KM,
5233,791,226,235,3,11,KM,
5234,791,226,236,3,12,KM,
5235,791,226,237,3,13,KM,
5236,791,226,238,3,14,KM,
5237,791,226,239,3,15,KM,
5238,791,226,240,3,16,KM,
5239,791,227,229,4,5,KM,
5240,791,227,230,4,6,KM,
5241,791,227,231,4,7,KM,
5242,791,227,232,4,8,KM,
5243,791,227,233,4,9,KM,
5244,791,227,234,4,10,KM,
5245,791,227,235,4,11,KM,
5246,791,227,236,4,12,KM,
5247,791,227,237,4,13,KM,
5248,791,227,238,4,14,KM,
5249,791,227,239,4,15,KM,
5250,791,227,240,4,16,KM,
5251,791,229,230,5,6,KM,
5252,791,229,231,5,7,KM,
5253,791,229,232,5,8,KM,
5254,791,229,233,5,9,KM,
5255,791,229,234,5,10,KM,
5256,791,229,235,5,11,KM,
5257,791,229,236,5,12,KM,
5258,791,229,237,5,13,KM,
5259,791,229,238,5,14,KM,
5260,791,229,239,5,15,KM,
5261,791,229,240,5,16,KM,
5262,791,230,231,6,7,KM,
5263,791,230,232,6,8,KM,
5264,791,230,233,6,9,KM,
5265,791,230,234,6,10,KM,
5266,791,230,235,6,11,KM,
5267,791,230,236,6,12,KM,
5268,791,230,237,6,13,KM,
5269,791,230,238,6,14,KM,
5270,791,230,239,6,15,KM,
5271,791,230,240,6,16,KM,
5272,791,231,232,7,8,KM,
5273,791,231,233,7,9,KM,
5274,791,231,234,7,10,KM,
5275,791,231,235,7,11,KM,
5276,791,231,236,7,12,KM,
5277,791,231,237,7,13,KM,
5278,791,231,238,7,14,KM,
5279,791,231,239,7,15,KM,
5280,791,231,240,7,16,KM,
5281,791,232,233,8,9,KM,
5282,791,232,234,8,10,KM,
5283,791,232,235,8,11,KM,
5284,791,232,236,8,12,KM,
5285,791,232,237,8,13,KM,
5286,791,232,238,8,14,KM,
5287,791,232,239,8,15,KM,
5288,791,232,240,8,16,KM,
5289,791,233,234,9,10,KM,
5290,791,233,235,9,11,KM,
5291,791,233,236,9,12,KM,
5292,791,233,237,9,13,KM,
5293,791,233,238,9,14,KM,
5294,791,233,239,9,15,KM,
5295,791,233,240,9,16,KM,
5296,791,234,235,10,11,KM,
5297,791,234,236,10,12,KM,
5298,791,234,237,10,13,KM,
5299,791,234,238,10,14,KM,
5300,791,234,239,10,15,KM,
5301,791,234,240,10,16,KM,
5302,791,235,236,11,12,KM,
5303,791,235,237,11,13,KM,
5304,791,235,238,11,14,KM,
5305,791,235,239,11,15,KM,
5306,791,235,240,11,16,KM,
5307,791,236,237,12,13,KM,
5308,791,236,238,12,14,KM,
5309,791,236,239,12,15,KM,
5310,791,236,240,12,16,KM,
5311,791,237,238,13,14,KM,
5312,791,237,239,13,15,KM,
5313,791,237,240,13,16,KM,
5314,791,238,239,14,15,KM,
5315,791,238,240,14,16,KM,
5316,791,239,240,15,16,KM,
5317,792,403,106,1,2,KM,
5318,792,403,168,1,3,KM,
5319,792,403,169,1,4,KM,
5320,792,403,170,1,5,KM,
5321,792,403,171,1,6,KM,
5322,792,403,172,1,7,KM,
5323,792,403,173,1,8,KM,
5324,792,403,174,1,9,KM,
5325,792,403,175,1,10,KM,
5326,792,403,176,1,11,KM,
5327,792,403,177,1,12,KM,
5328,792,403,178,1,13,KM,
5329,792,403,179,1,14,KM,
5330,792,403,180,1,15,KM,
5331,792,403,181,1,16,KM,
5332,792,403,182,1,17,KM,
5333,792,106,168,2,3,KM,
5334,792,106,169,2,4,KM,
5335,792,106,170,2,5,KM,
5336,792,106,171,2,6,KM,
5337,792,106,172,2,7,KM,
5338,792,106,173,2,8,KM,
5339,792,106,174,2,9,KM,
5340,792,106,175,2,10,KM,
5341,792,106,176,2,11,KM,
5342,792,106,177,2,12,KM,
5343,792,106,178,2,13,KM,
5344,792,106,179,2,14,KM,
5345,792,106,180,2,15,KM,
5346,792,106,181,2,16,KM,
5347,792,106,182,2,17,KM,
5348,792,168,169,3,4,KM,
5349,792,168,170,3,5,KM,
5350,792,168,171,3,6,KM,
5351,792,168,172,3,7,KM,
5352,792,168,173,3,8,KM,
5353,792,168,174,3,9,KM,
5354,792,168,175,3,10,KM,
5355,792,168,176,3,11,KM,
5356,792,168,177,3,12,KM,
5357,792,168,178,3,13,KM,
5358,792,168,179,3,14,KM,
5359,792,168,180,3,15,KM,
5360,792,168,181,3,16,KM,
5361,792,168,182,3,17,KM,
5362,792,169,170,4,5,KM,
5363,792,169,171,4,6,KM,
5364,792,169,172,4,7,KM,
5365,792,169,173,4,8,KM,
5366,792,169,174,4,9,KM,
5367,792,169,175,4,10,KM,
5368,792,169,176,4,11,KM,
5369,792,169,177,4,12,KM,
5370,792,169,178,4,13,KM,
5371,792,169,179,4,14,KM,
5372,792,169,180,4,15,KM,
5373,792,169,181,4,16,KM,
5374,792,169,182,4,17,KM,
5375,792,170,171,5,6,KM,
5376,792,170,172,5,7,KM,
5377,792,170,173,5,8,KM,
5378,792,170,174,5,9,KM,
5379,792,170,175,5,10,KM,
5380,792,170,176,5,11,KM,
5381,792,170,177,5,12,KM,
5382,792,170,178,5,13,KM,
5383,792,170,179,5,14,KM,
5384,792,170,180,5,15,KM,
5385,792,170,181,5,16,KM,
5386,792,170,182,5,17,KM,
5387,792,171,172,6,7,KM,
5388,792,171,173,6,8,KM,
5389,792,171,174,6,9,KM,
5390,792,171,175,6,10,KM,
5391,792,171,176,6,11,KM,
5392,792,171,177,6,12,KM,
5393,792,171,178,6,13,KM,
5394,792,171,179,6,14,KM,
5395,792,171,180,6,15,KM,
5396,792,171,181,6,16,KM,
5397,792,171,182,6,17,KM,
5398,792,172,173,7,8,KM,
5399,792,172,174,7,9,KM,
5400,792,172,175,7,10,KM,
5401,792,172,176,7,11,KM,
5402,792,172,177,7,12,KM,
5403,792,172,178,7,13,KM,
5404,792,172,179,7,14,KM,
5405,792,172,180,7,15,KM,
5406,792,172,181,7,16,KM,
5407,792,172,182,7,17,KM,
5408,792,173,174,8,9,KM,
5409,792,173,175,8,10,KM,
5410,792,173,176,8,11,KM,
5411,792,173,177,8,12,KM,
5412,792,173,178,8,13,KM,
5413,792,173,179,8,14,KM,
5414,792,173,180,8,15,KM,
5415,792,173,181,8,16,KM,
5416,792,173,182,8,17,KM,
5417,792,174,175,9,10,KM,
5418,792,174,176,9,11,KM,
5419,792,174,177,9,12,KM,
5420,792,174,178,9,13,KM,
5421,792,174,179,9,14,KM,
5422,792,174,180,9,15,KM,
5423,792,174,181,9,16,KM,
5424,792,174,182,9,17,KM,
5425,792,175,176,10,11,KM,
5426,792,175,177,10,12,KM,
5427,792,175,178,10,13,KM,
5428,792,175,179,10,14,KM,
5429,792,175,180,10,15,KM,
5430,792,175,181,10,16,KM,
5431,792,175,182,10,17,KM,
5432,792,176,177,11,12,KM,
5433,792,176,178,11,13,KM,
5434,792,176,179,11,14,KM,
5435,792,176,180,11,15,KM,
5436,792,176,181,11,16,KM,
5437,792,176,182,11,17,KM,
5438,792,177,178,12,13,KM,
5439,792,177,179,12,14,KM,
5440,792,177,180,12,15,KM,
5441,792,177,181,12,16,KM,
5442,792,177,182,12,17,KM,
5443,792,178,179,13,14,KM,
5444,792,178,180,13,15,KM,
5445,792,178,181,13,16,KM,
5446,792,178,182,13,17,KM,
5447,792,179,180,14,15,KM,
5448,792,179,181,14,16,KM,
5449,792,179,182,14,17,KM,
5450,792,180,181,15,16,KM,
5451,792,180,182,15,17,KM,
5452,792,181,182,16,17,KM,
5453,794,403,2,1,2,KM,
5454,794,403,3,1,3,KM,
5455,794,403,4,1,4,KM,
5456,794,403,5,1,5,KM,
5457,794,403,6,1,6,KM,
5458,794,403,7,1,7,KM,
5459,794,403,8,1,8,KM,
5460,794,403,9,1,9,KM,
5461,794,403,10,1,10,KM,
5462,794,403,11,1,11,KM,
5463,794,403,12,1,12,KM,
5464,794,403,13,1,13,KM,
5465,794,403,14,1,14,KM,
5466,794,403,15,1,15,KM,
5467,794,403,16,1,16,KM,
5468,794,403,17,1,17,KM,
5469,794,403,18,1,18,KM,
5470,794,403,19,1,19,KM,
5471,794,403,20,1,20,KM,
5472,794,403,21,1,21,KM,
5473,794,403,22,1,22,KM,
5474,794,2,3,2,3,KM,
5475,794,2,4,2,4,KM,
5476,794,2,5,2,5,KM,
5477,794,2,6,2,6,KM,
5478,794,2,7,2,7,KM,
5479,794,2,8,2,8,KM,
5480,794,2,9,2,9,KM,
5481,794,2,10,2,10,KM,
5482,794,2,11,2,11,KM,
5483,794,2,12,2,12,KM,
5484,794,2,13,2,13,KM,
5485,794,2,14,2,14,KM,
5486,794,2,15,2,15,KM,
5487,794,2,16,2,16,KM,
5488,794,2,17,2,17,KM,
5489,794,2,18,2,18,KM,
5490,794,2,19,2,19,KM,
5491,794,2,20,2,20,KM,
5492,794,2,21,2,21,KM,
5493,794,2,22,2,22,KM,
5494,794,3,4,3,4,KM,
5495,794,3,5,3,5,KM,
5496,794,3,6,3,6,KM,
5497,794,3,7,3,7,KM,
5498,794,3,8,3,8,KM,
5499,794,3,9,3,9,KM,
5500,794,3,10,3,10,KM,
5501,794,3,11,3,11,KM,
5502,794,3,12,3,12,KM,
5503,794,3,13,3,13,KM,
5504,794,3,14,3,14,KM,
5505,794,3,15,3,15,KM,
5506,794,3,16,3,16,KM,
5507,794,3,17,3,17,KM,
5508,794,3,18,3,18,KM,
5509,794,3,19,3,19,KM,
5510,794,3,20,3,20,KM,
5511,794,3,21,3,21,KM,
5512,794,3,22,3,22,KM,
5513,794,4,5,4,5,KM,
5514,794,4,6,4,6,KM,
5515,794,4,7,4,7,KM,
5516,794,4,8,4,8,KM,
5517,794,4,9,4,9,KM,
5518,794,4,10,4,10,KM,
5519,794,4,11,4,11,KM,
5520,794,4,12,4,12,KM,
5521,794,4,13,4,13,KM,
5522,794,4,14,4,14,KM,
5523,794,4,15,4,15,KM,
5524,794,4,16,4,16,KM,
5525,794,4,17,4,17,KM,
5526,794,4,18,4,18,KM,
5527,794,4,19,4,19,KM,
5528,794,4,20,4,20,KM,
5529,794,4,21,4,21,KM,
5530,794,4,22,4,22,KM,
5531,794,5,6,5,6,KM,
5532,794,5,7,5,7,KM,
5533,794,5,8,5,8,KM,
5534,794,5,9,5,9,KM,
5535,794,5,10,5,10,KM,
5536,794,5,11,5,11,KM,
5537,794,5,12,5,12,KM,
5538,794,5,13,5,13,KM,
5539,794,5,14,5,14,KM,
5540,794,5,15,5,15,KM,
5541,794,5,16,5,16,KM,
5542,794,5,17,5,17,KM,
5543,794,5,18,5,18,KM,
5544,794,5,19,5,19,KM,
5545,794,5,20,5,20,KM,
5546,794,5,21,5,21,KM,
5547,794,5,22,5,22,KM,
5548,794,6,7,6,7,KM,
5549,794,6,8,6,8,KM,
5550,794,6,9,6,9,KM,
5551,794,6,10,6,10,KM,
5552,794,6,11,6,11,KM,
5553,794,6,12,6,12,KM,
5554,794,6,13,6,13,KM,
5555,794,6,14,6,14,KM,
5556,794,6,15,6,15,KM,
5557,794,6,16,6,16,KM,
5558,794,6,17,6,17,KM,
5559,794,6,18,6,18,KM,
5560,794,6,19,6,19,KM,
5561,794,6,20,6,20,KM,
5562,794,6,21,6,21,KM,
5563,794,6,22,6,22,KM,
5564,794,7,8,7,8,KM,
5565,794,7,9,7,9,KM,
5566,794,7,10,7,10,KM,
5567,794,7,11,7,11,KM,
5568,794,7,12,7,12,KM,
5569,794,7,13,7,13,KM,
5570,794,7,14,7,14,KM,
5571,794,7,15,7,15,KM,
5572,794,7,16,7,16,KM,
5573,794,7,17,7,17,KM,
5574,794,7,18,7,18,KM,
5575,794,7,19,7,19,KM,
5576,794,7,20,7,20,KM,
5577,794,7,21,7,21,KM,
5578,794,7,22,7,22,KM,
5579,794,8,9,8,9,KM,
5580,794,8,10,8,10,KM,
5581,794,8,11,8,11,KM,
5582,794,8,12,8,12,KM,
5583,794,8,13,8,13,KM,
5584,794,8,14,8,14,KM,
5585,794,8,15,8,15,KM,
5586,794,8,16,8,16,KM,
5587,794,8,17,8,17,KM,
5588,794,8,18,8,18,KM,
5589,794,8,19,8,19,KM,
5590,794,8,20,8,20,KM,
5591,794,8,21,8,21,KM,
5592,794,8,22,8,22,KM,
5593,794,9,10,9,10,KM,
5594,794,9,11,9,11,KM,
5595,794,9,12,9,12,KM,
5596,794,9,13,9,13,KM,
5597,794,9,14,9,14,KM,
5598,794,9,15,9,15,KM,
5599,794,9,16,9,16,KM,
5600,794,9,17,9,17,KM,
5601,794,9,18,9,18,KM,
5602,794,9,19,9,19,KM,
5603,794,9,20,9,20,KM,
5604,794,9,21,9,21,KM,
5605,794,9,22,9,22,KM,
5606,794,10,11,10,11,KM,
5607,794,10,12,10,12,KM,
5608,794,10,13,10,13,KM,
5609,794,10,14,10,14,KM,
5610,794,10,15,10,15,KM,
5611,794,10,16,10,16,KM,
5612,794,10,17,10,17,KM,
5613,794,10,18,10,18,KM,
5614,794,10,19,10,19,KM,
5615,794,10,20,10,20,KM,
5616,794,10,21,10,21,KM,
5617,794,10,22,10,22,KM,
5618,794,11,12,11,12,KM,
5619,794,11,13,11,13,KM,
5620,794,11,14,11,14,KM,
5621,794,11,15,11,15,KM,
5622,794,11,16,11,16,KM,
5623,794,11,17,11,17,KM,
5624,794,11,18,11,18,KM,
5625,794,11,19,11,19,KM,
5626,794,11,20,11,20,KM,
5627,794,11,21,11,21,KM,
5628,794,11,22,11,22,KM,
5629,794,12,13,12,13,KM,
5630,794,12,14,12,14,KM,
5631,794,12,15,12,15,KM,
5632,794,12,16,12,16,KM,
5633,794,12,17,12,17,KM,
5634,794,12,18,12,18,KM,
5635,794,12,19,12,19,KM,
5636,794,12,20,12,20,KM,
5637,794,12,21,12,21,KM,
5638,794,12,22,12,22,KM,
5639,794,13,14,13,14,KM,
5640,794,13,15,13,15,KM,
5641,794,13,16,13,16,KM,
5642,794,13,17,13,17,KM,
5643,794,13,18,13,18,KM,
5644,794,13,19,13,19,KM,
5645,794,13,20,13,20,KM,
5646,794,13,21,13,21,KM,
5647,794,13,22,13,22,KM,
5648,794,14,15,14,15,KM,
5649,794,14,16,14,16,KM,
5650,794,14,17,14,17,KM,
5651,794,14,18,14,18,KM,
5652,794,14,19,14,19,KM,
5653,794,14,20,14,20,KM,
5654,794,14,21,14,21,KM,
5655,794,14,22,14,22,KM,
5656,794,15,16,15,16,KM,
5657,794,15,17,15,17,KM,
5658,794,15,18,15,18,KM,
5659,794,15,19,15,19,KM,
5660,794,15,20,15,20,KM,
5661,794,15,21,15,21,KM,
5662,794,15,22,15,22,KM,
5663,794,16,17,16,17,KM,
5664,794,16,18,16,18,KM,
5665,794,16,19,16,19,KM,
5666,794,16,20,16,20,KM,
5667,794,16,21,16,21,KM,
5668,794,16,22,16,22,KM,
5669,794,17,18,17,18,KM,
5670,794,17,19,17,19,KM,
5671,794,17,20,17,20,KM,
5672,794,17,21,17,21,KM,
5673,794,17,22,17,22,KM,
5674,794,18,19,18,19,KM,
5675,794,18,20,18,20,KM,
5676,794,18,21,18,21,KM,
5677,794,18,22,18,22,KM,
5678,794,19,20,19,20,KM,
5679,794,19,21,19,21,KM,
5680,794,19,22,19,22,KM,
5681,794,20,21,20,21,KM,
5682,794,20,22,20,22,KM,
5683,794,21,22,21,22,KM,
5684,795,403,106,1,2,KM,
5685,795,403,107,1,3,KM,
5686,795,403,108,1,4,KM,
5687,795,403,109,1,5,KM,
5688,795,403,134,1,6,KM,
5689,795,403,135,1,7,KM,
5690,795,403,136,1,8,KM,
5691,795,403,137,1,9,KM,
5692,795,403,138,1,10,KM,
5693,795,403,139,1,11,KM,
5694,795,403,140,1,12,KM,
5695,795,403,141,1,13,KM,
5696,795,403,142,1,14,KM,
5697,795,403,143,1,15,KM,
5698,795,403,144,1,16,KM,
5699,795,403,145,1,17,KM,
5700,795,106,107,2,3,KM,
5701,795,106,108,2,4,KM,
5702,795,106,109,2,5,KM,
5703,795,106,134,2,6,KM,
5704,795,106,135,2,7,KM,
5705,795,106,136,2,8,KM,
5706,795,106,137,2,9,KM,
5707,795,106,138,2,10,KM,
5708,795,106,139,2,11,KM,
5709,795,106,140,2,12,KM,
5710,795,106,141,2,13,KM,
5711,795,106,142,2,14,KM,
5712,795,106,143,2,15,KM,
5713,795,106,144,2,16,KM,
5714,795,106,145,2,17,KM,
5715,795,107,108,3,4,KM,
5716,795,107,109,3,5,KM,
5717,795,107,134,3,6,KM,
5718,795,107,135,3,7,KM,
5719,795,107,136,3,8,KM,
5720,795,107,137,3,9,KM,
5721,795,107,138,3,10,KM,
5722,795,107,139,3,11,KM,
5723,795,107,140,3,12,KM,
5724,795,107,141,3,13,KM,
5725,795,107,142,3,14,KM,
5726,795,107,143,3,15,KM,
5727,795,107,144,3,16,KM,
5728,795,107,145,3,17,KM,
5729,795,108,109,4,5,KM,
5730,795,108,134,4,6,KM,
5731,795,108,135,4,7,KM,
5732,795,108,136,4,8,KM,
5733,795,108,137,4,9,KM,
5734,795,108,138,4,10,KM,
5735,795,108,139,4,11,KM,
5736,795,108,140,4,12,KM,
5737,795,108,141,4,13,KM,
5738,795,108,142,4,14,KM,
5739,795,108,143,4,15,KM,
5740,795,108,144,4,16,KM,
5741,795,108,145,4,17,KM,
5742,795,109,134,5,6,KM,
5743,795,109,135,5,7,KM,
5744,795,109,136,5,8,KM,
5745,795,109,137,5,9,KM,
5746,795,109,138,5,10,KM,
5747,795,109,139,5,11,KM,
5748,795,109,140,5,12,KM,
5749,795,109,141,5,13,KM,
5750,795,109,142,5,14,KM,
5751,795,109,143,5,15,KM,
5752,795,109,144,5,16,KM,
5753,795,109,145,5,17,KM,
5754,795,134,135,6,7,KM,
5755,795,134,136,6,8,KM,
5756,795,134,137,6,9,KM,
5757,795,134,138,6,10,KM,
5758,795,134,139,6,11,KM,
5759,795,134,140,6,12,KM,
5760,795,134,141,6,13,KM,
5761,795,134,142,6,14,KM,
5762,795,134,143,6,15,KM,
5763,795,134,144,6,16,KM,
5764,795,134,145,6,17,KM,
5765,795,135,136,7,8,KM,
5766,795,135,137,7,9,KM,
5767,795,135,138,7,10,KM,
5768,795,135,139,7,11,KM,
5769,795,135,140,7,12,KM,
5770,795,135,141,7,13,KM,
5771,795,135,142,7,14,KM,
5772,795,135,143,7,15,KM,
5773,795,135,144,7,16,KM,
5774,795,135,145,7,17,KM,
5775,795,136,137,8,9,KM,
5776,795,136,138,8,10,KM,
5777,795,136,139,8,11,KM,
5778,795,136,140,8,12,KM,
5779,795,136,141,8,13,KM,
5780,795,136,142,8,14,KM,
5781,795,136,143,8,15,KM,
5782,795,136,144,8,16,KM,
5783,795,136,145,8,17,KM,
5784,795,137,138,9,10,KM,
5785,795,137,139,9,11,KM,
5786,795,137,140,9,12,KM,
5787,795,137,141,9,13,KM,
5788,795,137,142,9,14,KM,
5789,795,137,143,9,15,KM,
5790,795,137,144,9,16,KM,
5791,795,137,145,9,17,KM,
5792,795,138,139,10,11,KM,
5793,795,138,140,10,12,KM,
5794,795,138,141,10,13,KM,
5795,795,138,142,10,14,KM,
5796,795,138,143,10,15,KM,
5797,795,138,144,10,16,KM,
5798,795,138,145,10,17,KM,
5799,795,139,140,11,12,KM,
5800,795,139,141,11,13,KM,
5801,795,139,142,11,14,KM,
5802,795,139,143,11,15,KM,
5803,795,139,144,11,16,KM,
5804,795,139,145,11,17,KM,
5805,795,140,141,12,13,KM,
5806,795,140,142,12,14,KM,
5807,795,140,143,12,15,KM,
5808,795,140,144,12,16,KM,
5809,795,140,145,12,17,KM,
5810,795,141,142,13,14,KM,
5811,795,141,143,13,15,KM,
5812,795,141,144,13,16,KM,
5813,795,141,145,13,17,KM,
5814,795,142,143,14,15,KM,
5815,795,142,144,14,16,KM,
5816,795,142,145,14,17,KM,
5817,795,143,144,15,16,KM,
5818,795,143,145,15,17,KM,
5819,795,144,145,16,17,KM,
5820,796,403,868,1,2,KM,
5821,796,403,869,1,3,KM,
5822,796,403,249,1,4,KM,
5823,796,403,251,1,5,KM,
5824,796,403,252,1,6,KM,
5825,796,403,253,1,7,KM,
5826,796,403,257,1,8,KM,
5827,796,868,869,2,3,KM,
5828,796,868,249,2,4,KM,
5829,796,868,251,2,5,KM,
5830,796,868,252,2,6,KM,
5831,796,868,253,2,7,KM,
5832,796,868,257,2,8,KM,
5833,796,869,249,3,4,KM,
5834,796,869,251,3,5,KM,
5835,796,869,252,3,6,KM,
5836,796,869,253,3,7,KM,
5837,796,869,257,3,8,KM,
5838,796,249,251,4,5,KM,
5839,796,249,252,4,6,KM,
5840,796,249,253,4,7,KM,
5841,796,249,257,4,8,KM,
5842,796,251,252,5,6,KM,
5843,796,251,253,5,7,KM,
5844,796,251,257,5,8,KM,
5845,796,252,253,6,7,KM,
5846,796,252,257,6,8,KM,
5847,796,253,257,7,8,KM,
5848,797,76,77,1,2,KM,
5849,797,76,658,1,3,KM,
5850,797,76,22,1,4,KM,
5851,797,77,658,2,3,KM,
5852,797,77,22,2,4,KM,
5853,797,658,22,3,4,KM,
5854,810,224,223,1,2,KM,
5855,810,224,222,1,3,KM,
5856,810,224,221,1,4,KM,
5857,810,224,220,1,5,KM,
5858,810,224,219,1,6,KM,
5859,810,224,215,1,7,KM,
5860,810,224,816,1,8,KM,
5861,810,224,818,1,9,KM,
5862,810,224,823,1,10,KM,
5863,810,224,504,1,11,KM,
5864,810,224,507,1,12,KM,
5865,810,224,506,1,13,KM,
5866,810,224,505,1,14,KM,
5867,810,224,517,1,15,KM,
5868,810,224,177,1,16,KM,
5869,810,224,140,1,17,KM,
5870,810,224,514,1,18,KM,
5871,810,224,840,1,19,KM,
5872,810,224,138,1,20,KM,
5873,810,224,163,1,21,KM,
5874,810,224,620,1,22,KM,
5875,810,224,165,1,23,KM,
5876,810,223,222,2,3,KM,
5877,810,223,221,2,4,KM,
5878,810,223,220,2,5,KM,
5879,810,223,219,2,6,KM,
5880,810,223,215,2,7,KM,
5881,810,223,816,2,8,KM,
5882,810,223,818,2,9,KM,
5883,810,223,823,2,10,KM,
5884,810,223,504,2,11,KM,
5885,810,223,507,2,12,KM,
5886,810,223,506,2,13,KM,
5887,810,223,505,2,14,KM,
5888,810,223,517,2,15,KM,
5889,810,223,177,2,16,KM,
5890,810,223,140,2,17,KM,
5891,810,223,514,2,18,KM,
5892,810,223,840,2,19,KM,
5893,810,223,138,2,20,KM,
5894,810,223,163,2,21,KM,
5895,810,223,620,2,22,KM,
5896,810,223,165,2,23,KM,
5897,810,222,221,3,4,KM,
5898,810,222,220,3,5,KM,
5899,810,222,219,3,6,KM,
5900,810,222,215,3,7,KM,
5901,810,222,816,3,8,KM,
5902,810,222,818,3,9,KM,
5903,810,222,823,3,10,KM,
5904,810,222,504,3,11,KM,
5905,810,222,507,3,12,KM,
5906,810,222,506,3,13,KM,
5907,810,222,505,3,14,KM,
5908,810,222,517,3,15,KM,
5909,810,222,177,3,16,KM,
5910,810,222,140,3,17,KM,
5911,810,222,514,3,18,KM,
5912,810,222,840,3,19,KM,
5913,810,222,138,3,20,KM,
5914,810,222,163,3,21,KM,
5915,810,222,620,3,22,KM,
5916,810,222,165,3,23,KM,
5917,810,221,220,4,5,KM,
5918,810,221,219,4,6,KM,
5919,810,221,215,4,7,KM,
5920,810,221,816,4,8,KM,
5921,810,221,818,4,9,KM,
5922,810,221,823,4,10,KM,
5923,810,221,504,4,11,KM,
5924,810,221,507,4,12,KM,
5925,810,221,506,4,13,KM,
5926,810,221,505,4,14,KM,
5927,810,221,517,4,15,KM,
5928,810,221,177,4,16,KM,
5929,810,221,140,4,17,KM,
5930,810,221,514,4,18,KM,
5931,810,221,840,4,19,KM,
5932,810,221,138,4,20,KM,
5933,810,221,163,4,21,KM,
5934,810,221,620,4,22,KM,
5935,810,221,165,4,23,KM,
5936,810,220,219,5,6,KM,
5937,810,220,215,5,7,KM,
5938,810,220,816,5,8,KM,
5939,810,220,818,5,9,KM,
5940,810,220,823,5,10,KM,
5941,810,220,504,5,11,KM,
5942,810,220,507,5,12,KM,
5943,810,220,506,5,13,KM,
5944,810,220,505,5,14,KM,
5945,810,220,517,5,15,KM,
5946,810,220,177,5,16,KM,
5947,810,220,140,5,17,KM,
5948,810,220,514,5,18,KM,
5949,810,220,840,5,19,KM,
5950,810,220,138,5,20,KM,
5951,810,220,163,5,21,KM,
5952,810,220,620,5,22,KM,
5953,810,220,165,5,23,KM,
5954,810,219,215,6,7,KM,
5955,810,219,816,6,8,KM,
5956,810,219,818,6,9,KM,
5957,810,219,823,6,10,KM,
5958,810,219,504,6,11,KM,
5959,810,219,507,6,12,KM,
5960,810,219,506,6,13,KM,
5961,810,219,505,6,14,KM,
5962,810,219,517,6,15,KM,
5963,810,219,177,6,16,KM,
5964,810,219,140,6,17,KM,
5965,810,219,514,6,18,KM,
5966,810,219,840,6,19,KM,
5967,810,219,138,6,20,KM,
5968,810,219,163,6,21,KM,
5969,810,219,620,6,22,KM,
5970,810,219,165,6,23,KM,
5971,810,215,816,7,8,KM,
5972,810,215,818,7,9,KM,
5973,810,215,823,7,10,KM,
5974,810,215,504,7,11,KM,
5975,810,215,507,7,12,KM,
5976,810,215,506,7,13,KM,
5977,810,215,505,7,14,KM,
5978,810,215,517,7,15,KM,
5979,810,215,177,7,16,KM,
5980,810,215,140,7,17,KM,
5981,810,215,514,7,18,KM,
5982,810,215,840,7,19,KM,
5983,810,215,138,7,20,KM,
5984,810,215,163,7,21,KM,
5985,810,215,620,7,22,KM,
5986,810,215,165,7,23,KM,
5987,810,816,818,8,9,KM,
5988,810,816,823,8,10,KM,
5989,810,816,504,8,11,KM,
5990,810,816,507,8,12,KM,
5991,810,816,506,8,13,KM,
5992,810,816,505,8,14,KM,
5993,810,816,517,8,15,KM,
5994,810,816,177,8,16,KM,
5995,810,816,140,8,17,KM,
5996,810,816,514,8,18,KM,
5997,810,816,840,8,19,KM,
5998,810,816,138,8,20,KM,
5999,810,816,163,8,21,KM,
6000,810,816,620,8,22,KM,
6001,810,816,165,8,23,KM,
6002,810,818,823,9,10,KM,
6003,810,818,504,9,11,KM,
6004,810,818,507,9,12,KM,
6005,810,818,506,9,13,KM,
6006,810,818,505,9,14,KM,
6007,810,818,517,9,15,KM,
6008,810,818,177,9,16,KM,
6009,810,818,140,9,17,KM,
6010,810,818,514,9,18,KM,
6011,810,818,840,9,19,KM,
6012,810,818,138,9,20,KM,
6013,810,818,163,9,21,KM,
6014,810,818,620,9,22,KM,
6015,810,818,165,9,23,KM,
6016,810,823,504,10,11,KM,
6017,810,823,507,10,12,KM,
6018,810,823,506,10,13,KM,
6019,810,823,505,10,14,KM,
6020,810,823,517,10,15,KM,
6021,810,823,177,10,16,KM,
6022,810,823,140,10,17,KM,
6023,810,823,514,10,18,KM,
6024,810,823,840,10,19,KM,
6025,810,823,138,10,20,KM,
6026,810,823,163,10,21,KM,
6027,810,823,620,10,22,KM,
6028,810,823,165,10,23,KM,
6029,810,504,507,11,12,KM,
6030,810,504,506,11,13,KM,
6031,810,504,505,11,14,KM,
6032,810,504,517,11,15,KM,
6033,810,504,177,11,16,KM,
6034,810,504,140,11,17,KM,
6035,810,504,514,11,18,KM,
6036,810,504,840,11,19,KM,
6037,810,504,138,11,20,KM,
6038,810,504,163,11,21,KM,
6039,810,504,620,11,22,KM,
6040,810,504,165,11,23,KM,
6041,810,507,506,12,13,KM,
6042,810,507,505,12,14,KM,
6043,810,507,517,12,15,KM,
6044,810,507,177,12,16,KM,
6045,810,507,140,12,17,KM,
6046,810,507,514,12,18,KM,
6047,810,507,840,12,19,KM,
6048,810,507,138,12,20,KM,
6049,810,507,163,12,21,KM,
6050,810,507,620,12,22,KM,
6051,810,507,165,12,23,KM,
6052,810,506,505,13,14,KM,
6053,810,506,517,13,15,KM,
6054,810,506,177,13,16,KM,
6055,810,506,140,13,17,KM,
6056,810,506,514,13,18,KM,
6057,810,506,840,13,19,KM,
6058,810,506,138,13,20,KM,
6059,810,506,163,13,21,KM,
6060,810,506,620,13,22,KM,
6061,810,506,165,13,23,KM,
6062,810,505,517,14,15,KM,
6063,810,505,177,14,16,KM,
6064,810,505,140,14,17,KM,
6065,810,505,514,14,18,KM,
6066,810,505,840,14,19,KM,
6067,810,505,138,14,20,KM,
6068,810,505,163,14,21,KM,
6069,810,505,620,14,22,KM,
6070,810,505,165,14,23,KM,
6071,810,517,177,15,16,KM,
6072,810,517,140,15,17,KM,
6073,810,517,514,15,18,KM,
6074,810,517,840,15,19,KM,
6075,810,517,138,15,20,KM,
6076,810,517,163,15,21,KM,
6077,810,517,620,15,22,KM,
6078,810,517,165,15,23,KM,
6079,810,177,140,16,17,KM,
6080,810,177,514,16,18,KM,
6081,810,177,840,16,19,KM,
6082,810,177,138,16,20,KM,
6083,810,177,163,16,21,KM,
6084,810,177,620,16,22,KM,
6085,810,177,165,16,23,KM,
6086,810,140,514,17,18,KM,
6087,810,140,840,17,19,KM,
6088,810,140,138,17,20,KM,
6089,810,140,163,17,21,KM,
6090,810,140,620,17,22,KM,
6091,810,140,165,17,23,KM,
6092,810,514,840,18,19,KM,
6093,810,514,138,18,20,KM,
6094,810,514,163,18,21,KM,
6095,810,514,620,18,22,KM,
6096,810,514,165,18,23,KM,
6097,810,840,138,19,20,KM,
6098,810,840,163,19,21,KM,
6099,810,840,620,19,22,KM,
6100,810,840,165,19,23,KM,
6101,810,138,163,20,21,KM,
6102,810,138,620,20,22,KM,
6103,810,138,165,20,23,KM,
6104,810,163,620,21,22,KM,
6105,810,163,165,21,23,KM,
6106,810,620,165,22,23,KM,
6107,811,224,223,1,2,KM,
6108,811,224,222,1,3,KM,
6109,811,224,221,1,4,KM,
6110,811,224,220,1,5,KM,
6111,811,224,219,1,6,KM,
6112,811,224,803,1,7,KM,
6113,811,224,215,1,8,KM,
6114,811,224,816,1,9,KM,
6115,811,224,818,1,10,KM,
6116,811,224,805,1,11,KM,
6117,811,224,808,1,12,KM,
6118,811,224,810,1,13,KM,
6119,811,224,180,1,14,KM,
6120,811,224,179,1,15,KM,
6121,811,224,178,1,16,KM,
6122,811,224,177,1,17,KM,
6123,811,223,222,2,3,KM,
6124,811,223,221,2,4,KM,
6125,811,223,220,2,5,KM,
6126,811,223,219,2,6,KM,
6127,811,223,803,2,7,KM,
6128,811,223,215,2,8,KM,
6129,811,223,816,2,9,KM,
6130,811,223,818,2,10,KM,
6131,811,223,805,2,11,KM,
6132,811,223,808,2,12,KM,
6133,811,223,810,2,13,KM,
6134,811,223,180,2,14,KM,
6135,811,223,179,2,15,KM,
6136,811,223,178,2,16,KM,
6137,811,223,177,2,17,KM,
6138,811,222,221,3,4,KM,
6139,811,222,220,3,5,KM,
6140,811,222,219,3,6,KM,
6141,811,222,803,3,7,KM,
6142,811,222,215,3,8,KM,
6143,811,222,816,3,9,KM,
6144,811,222,818,3,10,KM,
6145,811,222,805,3,11,KM,
6146,811,222,808,3,12,KM,
6147,811,222,810,3,13,KM,
6148,811,222,180,3,14,KM,
6149,811,222,179,3,15,KM,
6150,811,222,178,3,16,KM,
6151,811,222,177,3,17,KM,
6152,811,221,220,4,5,KM,
6153,811,221,219,4,6,KM,
6154,811,221,803,4,7,KM,
6155,811,221,215,4,8,KM,
6156,811,221,816,4,9,KM,
6157,811,221,818,4,10,KM,
6158,811,221,805,4,11,KM,
6159,811,221,808,4,12,KM,
6160,811,221,810,4,13,KM,
6161,811,221,180,4,14,KM,
6162,811,221,179,4,15,KM,
6163,811,221,178,4,16,KM,
6164,811,221,177,4,17,KM,
6165,811,220,219,5,6,KM,
6166,811,220,803,5,7,KM,
6167,811,220,215,5,8,KM,
6168,811,220,816,5,9,KM,
6169,811,220,818,5,10,KM,
6170,811,220,805,5,11,KM,
6171,811,220,808,5,12,KM,
6172,811,220,810,5,13,KM,
6173,811,220,180,5,14,KM,
6174,811,220,179,5,15,KM,
6175,811,220,178,5,16,KM,
6176,811,220,177,5,17,KM,
6177,811,219,803,6,7,KM,
6178,811,219,215,6,8,KM,
6179,811,219,816,6,9,KM,
6180,811,219,818,6,10,KM,
6181,811,219,805,6,11,KM,
6182,811,219,808,6,12,KM,
6183,811,219,810,6,13,KM,
6184,811,219,180,6,14,KM,
6185,811,219,179,6,15,KM,
6186,811,219,178,6,16,KM,
6187,811,219,177,6,17,KM,
6188,811,803,215,7,8,KM,
6189,811,803,816,7,9,KM,
6190,811,803,818,7,10,KM,
6191,811,803,805,7,11,KM,
6192,811,803,808,7,12,KM,
6193,811,803,810,7,13,KM,
6194,811,803,180,7,14,KM,
6195,811,803,179,7,15,KM,
6196,811,803,178,7,16,KM,
6197,811,803,177,7,17,KM,
6198,811,215,816,8,9,KM,
6199,811,215,818,8,10,KM,
6200,811,215,805,8,11,KM,
6201,811,215,808,8,12,KM,
6202,811,215,810,8,13,KM,
6203,811,215,180,8,14,KM,
6204,811,215,179,8,15,KM,
6205,811,215,178,8,16,KM,
6206,811,215,177,8,17,KM,
6207,811,816,818,9,10,KM,
6208,811,816,805,9,11,KM,
6209,811,816,808,9,12,KM,
6210,811,816,810,9,13,KM,
6211,811,816,180,9,14,KM,
6212,811,816,179,9,15,KM,
6213,811,816,178,9,16,KM,
6214,811,816,177,9,17,KM,
6215,811,818,805,10,11,KM,
6216,811,818,808,10,12,KM,
6217,811,818,810,10,13,KM,
6218,811,818,180,10,14,KM,
6219,811,818,179,10,15,KM,
6220,811,818,178,10,16,KM,
6221,811,818,177,10,17,KM,
6222,811,805,808,11,12,KM,
6223,811,805,810,11,13,KM,
6224,811,805,180,11,14,KM,
6225,811,805,179,11,15,KM,
6226,811,805,178,11,16,KM,
6227,811,805,177,11,17,KM,
6228,811,808,810,12,13,KM,
6229,811,808,180,12,14,KM,
6230,811,808,179,12,15,KM,
6231,811,808,178,12,16,KM,
6232,811,808,177,12,17,KM,
6233,811,810,180,13,14,KM,
6234,811,810,179,13,15,KM,
6235,811,810,178,13,16,KM,
6236,811,810,177,13,17,KM,
6237,811,180,179,14,15,KM,
6238,811,180,178,14,16,KM,
6239,811,180,177,14,17,KM,
6240,811,179,178,15,16,KM,
6241,811,179,177,15,17,KM,
6242,811,178,177,16,17,KM,
6243,901,391,2,1,2,KM,
6244,901,391,3,1,3,KM,
6245,901,391,4,1,4,KM,
6246,901,391,47,1,5,KM,
6247,901,391,48,1,6,KM,
6248,901,391,49,1,7,KM,
6249,901,391,51,1,8,KM,
6250,901,391,891,1,9,KM,
6251,901,391,602,1,10,KM,
6252,901,391,402,1,11,KM,
6253,901,2,3,2,3,KM,
6254,901,2,4,2,4,KM,
6255,901,2,47,2,5,KM,
6256,901,2,48,2,6,KM,
6257,901,2,49,2,7,KM,
6258,901,2,51,2,8,KM,
6259,901,2,891,2,9,KM,
6260,901,2,602,2,10,KM,
6261,901,2,402,2,11,KM,
6262,901,3,4,3,4,KM,
6263,901,3,47,3,5,KM,
6264,901,3,48,3,6,KM,
6265,901,3,49,3,7,KM,
6266,901,3,51,3,8,KM,
6267,901,3,891,3,9,KM,
6268,901,3,602,3,10,KM,
6269,901,3,402,3,11,KM,
6270,901,4,47,4,5,KM,
6271,901,4,48,4,6,KM,
6272,901,4,49,4,7,KM,
6273,901,4,51,4,8,KM,
6274,901,4,891,4,9,KM,
6275,901,4,602,4,10,KM,
6276,901,4,402,4,11,KM,
6277,901,47,48,5,6,KM,
6278,901,47,49,5,7,KM,
6279,901,47,51,5,8,KM,
6280,901,47,891,5,9,KM,
6281,901,47,602,5,10,KM,
6282,901,47,402,5,11,KM,
6283,901,48,49,6,7,KM,
6284,901,48,51,6,8,KM,
6285,901,48,891,6,9,KM,
6286,901,48,602,6,10,KM,
6287,901,48,402,6,11,KM,
6288,901,49,51,7,8,KM,
6289,901,49,891,7,9,KM,
6290,901,49,602,7,10,KM,
6291,901,49,402,7,11,KM,
6292,901,51,891,8,9,KM,
6293,901,51,602,8,10,KM,
6294,901,51,402,8,11,KM,
6295,901,891,602,9,10,KM,
6296,901,891,402,9,11,KM,
6297,901,602,402,10,11,KM,
6298,907,391,841,1,2,KM,
6299,907,391,87,1,3,KM,
6300,907,841,87,2,3,KM,
6301,2017,391,414,1,6,SECT,1
6301,2019,396,432,1,12,SECT,1
6301,5010,377,429,1,15,SECT,1
6301,5011,719,403,1,2,SECT,1
6301,5012,399,399,1,6,SECT,1
6301,2088,429,377,1,16,SECT,1
6301,2087,427,433,1,4,SECT,1
6301,39,386,432,1,8,SECT,1
6301,51,451,426,1,3,SECT,1
6301,1619,701,402,1,5,SECT,1
6301,4,420,425,1,4,SECT,1
6301,5,432,412,1,8,SECT,1
6301,8,451,35,1,2,SECT,1
6301,11,402,427,1,2,SECT,1
6301,12,391,2,1,2,SECT,1
6301,14,429,432,1,2,SECT,1
6301,21,429,386,1,23,SECT,1
6301,22,429,386,1,24,SECT,1
6301,23,429,412,1,5,SECT,1
6301,31,391,451,1,2,SECT,1
6301,36,432,451,1,3,SECT,1
6301,41,420,450,1,4,SECT,1
6301,42,402,450,1,4,SECT,1
6301,45,370,451,1,4,SECT,1
6301,49,429,701,1,5,SECT,1
6301,61,399,432,1,15,SECT,1
6301,62,432,399,1,7,SECT,1
6301,64,399,451,1,5,SECT,1
6301,65,394,398,1,2,SECT,1
6301,66,450,435,1,2,SECT,1
6301,68,399,581,1,8,SECT,1
6301,70,429,429,1,6,SECT,1
6301,75,432,453,1,7,SECT,1
6301,90,399,429,1,10,SECT,1
6301,93,405,2,1,2,SECT,1
6301,133,405,432,1,2,SECT,1
6301,231,453,450,1,9,SECT,1
6301,233,394,451,1,8,SECT,1
6301,234,412,450,1,9,SECT,1
6301,239,450,432,1,6,SECT,1
6301,240,450,454,1,8,SECT,1
6301,241,451,394,1,4,SECT,1
6301,243,377,450,1,15,SECT,1
6301,509,433,427,1,8,SECT,1
6301,919,422,450,1,6,SECT,1
6301,920,429,636,1,4,SECT,1
6301,921,399,636,1,6,SECT,1
6301,929,2,413,1,2,SECT,1
6301,1324,413,377,1,2,SECT,1
6301,1351,402,412,1,2,SECT,1
6301,1492,417,450,1,2,SECT,1
6301,1635,435,450,1,2,SECT,1
6301,1639,435,436,1,2,SECT,1
6301,1641,432,703,1,6,SECT,1
6301,1642,701,391,1,4,SECT,1
6301,1748,435,435,1,5,SECT,1
6301,1792,432,422,1,5,SECT,1
6301,1793,677,344,1,4,SECT,1
6301,2016,407,414,1,2,SECT,1
6306,781,224,403,1,2,FIX,
6307,781,224,165,1,3,FIX,
6308,781,224,138,1,4,FIX,
6309,781,224,177,1,5,FIX,
6310,781,224,507,1,6,FIX,
6311,781,224,298,1,7,FIX,
6312,781,224,125,1,8,FIX,
6313,781,224,130,1,9,FIX,
6314,783,59,403,1,2,FIX,
6315,783,59,232,1,3,FIX,
6316,783,59,235,1,4,FIX,
6317,783,59,237,1,5,FIX,
6318,783,59,240,1,6,FIX,
6319,783,59,246,1,7,FIX,
6320,783,59,257,1,8,FIX,
6321,783,59,77,1,9,FIX,
6322,783,59,309,1,10,FIX,
6323,783,59,31,1,11,FIX,
6324,783,59,22,1,12,FIX,
6325,783,59,37,1,13,FIX,
6326,783,59,298,1,14,FIX,
6327,783,59,295,1,15,FIX,
6328,783,59,115,1,16,FIX,
6329,783,59,125,1,17,FIX,
6330,783,59,130,1,18,FIX,
6331,783,59,138,1,19,FIX,
6332,783,59,817,1,20,FIX,
6333,783,59,145,1,21,FIX,
6334,783,59,211,1,22,FIX,
6335,783,59,151,1,23,FIX,
6336,783,59,215,1,24,FIX,
6337,783,59,915,1,25,FIX,
6338,783,59,916,1,26,FIX,
6339,783,59,931,1,27,FIX,
6340,783,59,63,1,28,FIX,
6341,783,59,259,1,29,FIX,
6342,783,59,269,1,30,FIX,
6343,765,109,403,1,2,FIX,
6344,765,109,257,1,3,FIX,
6345,765,109,259,1,4,FIX,
6346,765,109,240,1,5,FIX,
6347,765,109,224,1,6,FIX,
6348,765,109,931,1,7,FIX,
6349,765,109,37,1,8,FIX,
6350,3000,403,257,1,2,FIX,
6351,3000,403,259,1,3,FIX,
6352,3000,403,240,1,4,FIX,
6353,3000,403,224,1,5,FIX,
6354,3000,403,269,1,6,FIX,
6355,3000,403,22,1,7,FIX,
6356,3000,403,251,1,8,FIX,
6357,3000,403,232,1,9,FIX,
6358,3000,403,235,1,10,FIX,
6359,3000,403,237,1,11,FIX,
6360,3000,403,238,1,12,FIX,
6361,3000,403,192,1,13,FIX,
6362,3000,403,211,1,14,FIX,
6363,3000,403,215,1,15,FIX,
6364,3000,403,254,1,16,FIX,
6365,3000,403,255,1,17,FIX,
6366,253,403,886,1,2,KM,
6367,253,403,108,1,3,KM,
6368,253,403,109,1,4,KM,
6369,253,403,134,1,5,KM,
6370,253,403,135,1,6,KM,
6371,253,403,136,1,7,KM,
6372,253,403,137,1,8,KM,
6373,253,403,138,1,9,KM,
6374,253,886,108,2,3,KM,
6375,253,886,109,2,4,KM,
6376,253,886,134,2,5,KM,
6377,253,886,135,2,6,KM,
6378,253,886,136,2,7,KM,
6379,253,886,137,2,8,KM,
6380,253,886,138,2,9,KM,
6381,253,108,109,3,4,KM,
6382,253,108,134,3,5,KM,
6383,253,108,135,3,6,KM,
6384,253,108,136,3,7,KM,
6385,253,108,137,3,8,KM,
6386,253,108,138,3,9,KM,
6387,253,109,134,4,5,KM,
6388,253,109,135,4,6,KM,
6389,253,109,136,4,7,KM,
6390,253,109,137,4,8,KM,
6391,253,109,138,4,9,KM,
6392,253,134,135,5,6,KM,
6393,253,134,136,5,7,KM,
6394,253,134,137,5,8,KM,
6395,253,134,138,5,9,KM,
6396,253,135,136,6,7,KM,
6397,253,135,137,6,8,KM,
6398,253,135,138,6,9,KM,
6399,253,136,137,7,8,KM,
6400,253,136,138,7,9,KM,
6401,253,137,138,8,9,KM,
6402,842,115,1116,1,2,KM,
6403,254,403,106,1,2,KM,
6404,254,403,107,1,3,KM,
6405,254,403,108,1,4,KM,
6406,254,403,109,1,5,KM,
6407,254,403,134,1,6,KM,
6408,254,403,135,1,7,KM,
6409,254,403,136,1,8,KM,
6410,254,403,137,1,9,KM,
6411,254,403,138,1,10,KM,
6412,254,106,107,2,3,KM,
6413,254,106,108,2,4,KM,
6414,254,106,109,2,5,KM,
6415,254,106,134,2,6,KM,
6416,254,106,135,2,7,KM,
6417,254,106,136,2,8,KM,
6418,254,106,137,2,9,KM,
6419,254,106,138,2,10,KM,
6420,254,107,108,3,4,KM,
6421,254,107,109,3,5,KM,
6422,254,107,134,3,6,KM,
6423,254,107,135,3,7,KM,
6424,254,107,136,3,8,KM,
6425,254,107,137,3,9,KM,
6426,254,107,138,3,10,KM,
6427,254,108,109,4,5,KM,
6428,254,108,134,4,6,KM,
6429,254,108,135,4,7,KM,
6430,254,108,136,4,8,KM,
6431,254,108,137,4,9,KM,
6432,254,108,138,4,10,KM,
6433,254,109,134,5,6,KM,
6434,254,109,135,5,7,KM,
6435,254,109,136,5,8,KM,
6436,254,109,137,5,9,KM,
6437,254,109,138,5,10,KM,
6438,254,134,135,6,7,KM,
6439,254,134,136,6,8,KM,
6440,254,134,137,6,9,KM,
6441,254,134,138,6,10,KM,
6442,254,135,136,7,8,KM,
6443,254,135,137,7,9,KM,
6444,254,135,138,7,10,KM,
6445,254,136,137,8,9,KM,
6446,254,136,138,8,10,KM,
6447,254,137,138,9,10,KM,
6448,2085,959,248,1,2,KM,
6449,2085,959,1102,1,3,KM,
6450,2085,959,870,1,4,KM,
6451,2085,959,247,1,5,KM,
6452,2085,959,1117,1,6,KM,
6453,2085,959,432,1,7,KM,
6454,2085,248,1102,2,3,KM,
6455,2085,248,870,2,4,KM,
6456,2085,248,247,2,5,KM,
6457,2085,248,1117,2,6,KM,
6458,2085,248,432,2,7,KM,
6459,2085,1102,870,3,4,KM,
6460,2085,1102,247,3,5,KM,
6461,2085,1102,1117,3,6,KM,
6462,2085,1102,432,3,7,KM,
6463,2085,870,247,4,5,KM,
6464,2085,870,1117,4,6,KM,
6465,2085,870,432,4,7,KM,
6466,2085,247,1117,5,6,KM,
6467,2085,247,432,5,7,KM,
6468,2085,1117,432,6,7,KM,
6469,2089,165,166,1,2,KM,
6470,2089,165,646,1,3,KM,
6471,2089,165,138,1,4,KM,
6472,2089,165,830,1,5,KM,
6473,2089,165,489,1,6,KM,
6474,2089,165,384,1,7,KM,
6475,2089,165,27,1,8,KM,
6476,2089,166,646,2,3,KM,
6477,2089,166,138,2,4,KM,
6478,2089,166,830,2,5,KM,
6479,2089,166,489,2,6,KM,
6480,2089,166,384,2,7,KM,
6481,2089,166,27,2,8,KM,
6482,2089,646,138,3,4,KM,
6483,2089,646,830,3,5,KM,
6484,2089,646,489,3,6,KM,
6485,2089,646,384,3,7,KM,
6486,2089,646,27,3,8,KM,
6487,2089,138,830,4,5,KM,
6488,2089,138,489,4,6,KM,
6489,2089,138,384,4,7,KM,
6490,2089,138,27,4,8,KM,
6491,2089,830,489,5,6,KM,
6492,2089,830,384,5,7,KM,
6493,2089,830,27,5,8,KM,
6494,2089,489,384,6,7,KM,
6495,2089,489,27,6,8,KM,
6496,2089,384,27,7,8,KM,
6497,2092,138,137,1,2,KM,
6498,2092,138,630,1,3,KM,
6499,2092,138,165,1,4,KM,
6500,2092,138,135,1,5,KM,
6501,2092,138,133,1,6,KM,
6502,2092,137,630,2,3,KM,
6503,2092,137,165,2,4,KM,
6504,2092,137,135,2,5,KM,
6505,2092,137,133,2,6,KM,
6506,2092,630,165,3,4,KM,
6507,2092,630,135,3,5,KM,
6508,2092,630,133,3,6,KM,
6509,2092,165,135,4,5,KM,
6510,2092,165,133,4,6,KM,
6511,2092,135,133,5,6,KM,
